URL,Status
https://www.thecasinos.com,0
https://www.thecasinos.com/online,0
https://www.thecasinos.com/about,0
https://www.thecasinos.com/terms,0
https://www.thecasinos.com/policy,0
https://www.thecasinos.com/online/DuckyLuck-Casino,0
https://www.thecasinos.com/online/Pulsz-Casino,0
https://www.thecasinos.com/online/Red-Dog-Casino,0
https://www.thecasinos.com/online/McLuck-Casino,0
https://www.thecasinos.com/online/Wild-Casino,0
https://www.thecasinos.com/online/LuckyBird-Casino,0
https://www.thecasinos.com/online/Stake-Casino,0
https://www.thecasinos.com/online/wow-casino,0
https://www.thecasinos.com/online/High-5-Casino,0
https://www.thecasinos.com/united-states/covelo/hidden-oaks-casino,0
https://www.thecasinos.com/bosnia-and-herzegovina/gradiska/admiral-club-gradiska,0
https://www.thecasinos.com/united-states/cabazon/morongo-travel-center,0
https://www.thecasinos.com/united-states/summerfield/oxford-downs-racing-and-poker-room,0
https://www.thecasinos.com/kazakhstan/kapchagay/casino-makao,0
https://www.thecasinos.com/united-states/seattle/norwegian-cruise-lines---jewel,0
https://www.thecasinos.com/egypt/cairo/holiday-inn-cairo-maadi-casino,0
https://www.thecasinos.com/croatia/buje/casino-hotel-mulino,0
https://www.thecasinos.com/slovakia/cadca/kajot-intacto-adca,0
https://www.thecasinos.com/australia/wynyard/hotel-federal,0
https://www.thecasinos.com/italy/venice/casino-di-venezia---ca-vendramin-calergi,0
https://www.thecasinos.com/dominican-republic/santo-domingo/hispaniola-hotel--casino,0
https://www.thecasinos.com/australia/moonah/hotel-valern,0
https://www.thecasinos.com/united-states/cripple-creek/colorado-grande-casino--hotel,0
https://www.thecasinos.com/slovakia/bratislava/casino-victory---bratislava,0
https://www.thecasinos.com/slovakia/puchov/excel-club-puchov,0
https://www.thecasinos.com/australia/beauty-point/beauty-point-waterfront-hotel,0
https://www.thecasinos.com/australia/albany-creek/albany-creek-tavern,0
https://www.thecasinos.com/australia/launceston/the-trc-hotel,0
https://www.thecasinos.com/united-states/winterhaven/quechan-casino-and-resort,0
https://www.thecasinos.com/belarus/minsk/casino-royal,0
https://www.thecasinos.com/united-states/harrington/harrington-raceway--casino,0
https://www.thecasinos.com/united-states/pompano-beach/isle-casino-racing-pompano-park,0
https://www.thecasinos.com/australia/north-hobart/queens-head-hotel,0
https://www.thecasinos.com/australia/albion/albion-hotel,0
https://www.thecasinos.com/australia/mount-isa/barkly-hotel,0
https://www.thecasinos.com/united-states/franklin/kentucky-downs-casino,0
https://www.thecasinos.com/egypt/cairo/ramses-casino,0
https://www.thecasinos.com/united-states/la-grange/mark-twain-casino---la-grange,0
https://www.thecasinos.com/united-states/west-palm-beach/palm-beach-kennel-club-poker-room,0
https://www.thecasinos.com/canada/orillia/casino-rama-resort,0
https://www.thecasinos.com/cambodia/bavet/titan-king-resort--casino,0
https://www.thecasinos.com/cambodia/paoy-pet/holiday-palace-hotel--casino,0
https://www.thecasinos.com/slovakia/bratislava/monaco-rendez,0
https://www.thecasinos.com/united-states/kansas-city/hollywood-casino-at-kansas-speedway,0
https://www.thecasinos.com/macau/taipa/macau-jockey-club--racing-complex,0
https://www.thecasinos.com/united-states/vicksburg/lady-luck-casino-vicksburg,0
https://www.thecasinos.com/panama/panama-city/ocean-club-casino-at-trump-international,0
https://www.thecasinos.com/united-states/clovis/500-club-casino,0
https://www.thecasinos.com/united-states/greenville/trop-casino-greenville,0
https://www.thecasinos.com/united-states/heidelberg/bok-homa-casino,0
https://www.thecasinos.com/russia/moscow/central-moscow-hippodrome,0
https://www.thecasinos.com/united-states/montgomery/wind-creek-casino--hotel-montgomery,0
https://www.thecasinos.com/united-states/vicksburg/riverwalk-casino-hotel,0
https://www.thecasinos.com/bulgaria/svilengrad/merit-grand-mosta-hotel-casino--spa,0
https://www.thecasinos.com/united-states/catoosa/hard-rock-hotel--casino-tulsa,0
https://www.thecasinos.com/united-states/new-york/resorts-world-casino-new-york-city,0
https://www.thecasinos.com/slovakia/bratislava/merkur-casino---bratislava-4,0
https://www.thecasinos.com/puerto-rico/ponce/hampton-inn-ponce-casino,0
https://www.thecasinos.com/switzerland/luzern/grand-casino-luzern,0
https://www.thecasinos.com/switzerland/montreux/casino-barriere-de-montreux,0
https://www.thecasinos.com/united-states/saint-joseph/st-jo-frontier-casino,0
https://www.thecasinos.com/united-states/seattle/norwegian-cruise-lines---pearl,0
https://www.thecasinos.com/united-states/miami/norwegian-cruise-lines---sky,0
https://www.thecasinos.com/kazakhstan/kapchagay/bombay-casino,0
https://www.thecasinos.com/united-states/merced/merced-casino,0
https://www.thecasinos.com/united-states/middletown/twin-pine-casino-and-hotel,0
https://www.thecasinos.com/united-states/rancho-cordova/parkwest-casino-cordova,0
https://www.thecasinos.com/switzerland/stgallen/grand-casino-st-gallen,0
https://www.thecasinos.com/slovakia/zilina/casino-victory---ilina,0
https://www.thecasinos.com/united-states/powhattan/sac--fox-casino---powhattan,0
https://www.thecasinos.com/switzerland/zurich/swiss-casino---zurich,0
https://www.thecasinos.com/slovakia/bratislava/galaxy-casino-bratislava---aupark,0
https://www.thecasinos.com/chile/talca/gran-casino-de-talca,0
https://www.thecasinos.com/mexico/ensenada/san-nicolas-hotel--casino,0
https://www.thecasinos.com/slovakia/kosice/olympic-casino-koice,0
https://www.thecasinos.com/slovakia/bratislava/olympic-casino-eurovea,0
https://www.thecasinos.com/australia/invermay/park-tavern,0
https://www.thecasinos.com/united-kingdom/reading/genting-club-reading,0
https://www.thecasinos.com/egypt/sharm-el-sheikh/sinai-grand-casino,0
https://www.thecasinos.com/ireland/dublin/mayfair-casino-club,0
https://www.thecasinos.com/switzerland/neuchatel/grand-casino-neuchtel,0
https://www.thecasinos.com/slovakia/bratislava/monaco-oc-danubia,0
https://www.thecasinos.com/slovakia/bratislava/monaco-slovinsk,0
https://www.thecasinos.com/slovakia/bratislava/excel-club-bratislava-pecnianska,0
https://www.thecasinos.com/slovakia/banska-bystrica/excel-club-banska-bystrica,0
https://www.thecasinos.com/australia/devonport/the-alexander-hotel,0
https://www.thecasinos.com/australia/launceston/the-plough-inn,0
https://www.thecasinos.com/australia/goondiwindi/victoria-hotel-goondiwind,0
https://www.thecasinos.com/australia/hendon/hendon-hotel,0
https://www.thecasinos.com/slovakia/bratislava/monaco-kaviare-autoberg,0
https://www.thecasinos.com/costa-rica/puntarenas/hotel-layla-resort-casino,0
https://www.thecasinos.com/australia/toowoomba/federal-hotel,0
https://www.thecasinos.com/australia/davoren-park/playford-tavern,0
https://www.thecasinos.com/costa-rica/san-jose/hotel-barcel-san-jos,0
https://www.thecasinos.com/united-states/russellville/legends-resort--casino-arkansas,0
https://www.thecasinos.com/united-states/baraga/ojibwa-baraga-casino,0
https://www.thecasinos.com/australia/glenorchy/elwick-hotel,0
https://www.thecasinos.com/romania/bucharest/havanna-princess-slot-club,0
https://www.thecasinos.com/australia/st-helens/bayside-inn,0
https://www.thecasinos.com/united-states/pacheco/california-grand-casino,0
https://www.thecasinos.com/united-states/redwood-valley/coyote-valley-casino,0
https://www.thecasinos.com/united-states/nice/robinson-rancheria-resort-casino--bingo,0
https://www.thecasinos.com/united-states/pauma-valley/casino-pauma,0
https://www.thecasinos.com/albania/tirana/regency-casino-tirana,0
https://www.thecasinos.com/united-states/hayward/the-palace,0
https://www.thecasinos.com/switzerland/locarno/casino-locarno,0
https://www.thecasinos.com/switzerland/schaffhausen/swiss-casinos-schaffhausen,0
https://www.thecasinos.com/united-states/susanville/diamond-mountain-casino-and-resort,0
https://www.thecasinos.com/united-states/lynden/nooksack-northwood-casino,0
https://www.thecasinos.com/united-states/hamburg/hamburg-gaming,0
https://www.thecasinos.com/switzerland/st-moritz/casino-st-moritz,0
https://www.thecasinos.com/australia/newstead/newstead-hotel,0
https://www.thecasinos.com/united-states/klawock/klawock-ira-pull-tab-shoppe,0
https://www.thecasinos.com/barbados/holetown/lucky-horseshoe-saloon-bagatelle,0
https://www.thecasinos.com/australia/devonport/the-elimatta-hotel,0
https://www.thecasinos.com/australia/south-launceston/all-year-round-hotel,0
https://www.thecasinos.com/australia/burnie/town-house-hotel-burnie,0
https://www.thecasinos.com/united-states/jackson/casino-sandlot,0
https://www.thecasinos.com/chile/arica/casino-arica,0
https://www.thecasinos.com/chile/iquique/dreams-iquique,0
https://www.thecasinos.com/mauritius/port-louis/le-caudan-waterfront-casino,0
https://www.thecasinos.com/dominican-republic/santiago-de-los-caballeros/matum-casino--hotel,0
https://www.thecasinos.com/united-states/albuquerque/the-downs-racetrack-and-casino,0
https://www.thecasinos.com/france/vittel/casino-de-vittel,0
https://www.thecasinos.com/united-states/manistique/kewadin-casino---manistique,0
https://www.thecasinos.com/united-states/fallon/fallon-nugget,0
https://www.thecasinos.com/kazakhstan/kapchagay/casino-bellagio,0
https://www.thecasinos.com/argentina/buenos-aires/holland-america-cruise-line---zaandam,0
https://www.thecasinos.com/united-states/new-york/norwegian-cruise-lines---gem,0
https://www.thecasinos.com/spain/barcelona/norwegian-cruise-lines---spirit,0
https://www.thecasinos.com/singapore/sentosa/norwegian-cruise-lines---star,0
https://www.thecasinos.com/argentina/buenos-aires/norwegian-cruise-lines---sun,0
https://www.thecasinos.com/united-states/san-felipe/black-mesa-casino,0
https://www.thecasinos.com/czech-republic/ceska-kubice/american-chance-casino---esk-kubice,0
https://www.thecasinos.com/italy/venice/casino-di-venezia-canoghera,0
https://www.thecasinos.com/chile/santa-cruz/enjoy-casino-clochagua,0
https://www.thecasinos.com/dominican-republic/santo-domingo/naco-hotel--casino,0
https://www.thecasinos.com/canada/brooks/aces-lounge,0
https://www.thecasinos.com/russia/kaliningrad/sobranie-casino,0
https://www.thecasinos.com/cambodia/bavet/crown-casino-bavet,0
https://www.thecasinos.com/cambodia/sihanoukville/golden-royal-hotel-and-casino,0
https://www.thecasinos.com/cambodia/bavet/moc-bai-casino-hotel,0
https://www.thecasinos.com/cambodia/sihanoukville/kampong-som-city-casino--hotel,0
https://www.thecasinos.com/united-states/missoula/montana-club-missoula,0
https://www.thecasinos.com/czech-republic/ceska-kubice/casino-royal-admiral,0
https://www.thecasinos.com/slovakia/bratislava/casino-admiral-bratislava,0
https://www.thecasinos.com/united-states/dry-prong/jena-choctaw-pines-casino,0
https://www.thecasinos.com/hungary/nyiregyhaza/onyx-casino,0
https://www.thecasinos.com/kazakhstan/aktobe/casino-zodiak-aktobe,0
https://www.thecasinos.com/slovakia/bratislava/olybet-slots--sports-bar-bratislava---central,0
https://www.thecasinos.com/guadeloupe/saint-francois/casino-de-saint-franois,0
https://www.thecasinos.com/united-states/upper-lake/running-creek-casino,0
https://www.thecasinos.com/united-states/point-arena/the-garcia-river-casino,0
https://www.thecasinos.com/united-states/church-rock/fire-rock-casino,0
https://www.thecasinos.com/united-states/taos/taos-mountain-casino,0
https://www.thecasinos.com/bosnia-and-herzegovina/sarajevo/coloseum-club,0
https://www.thecasinos.com/south-africa/mogale-city/silverstar-casino-krugersdorp,0
https://www.thecasinos.com/italy/saint-vincent/saint-vincent-casino-and-resort,0
https://www.thecasinos.com/dominican-republic/puerto-plata/ocean-world-casino,0
https://www.thecasinos.com/jamaica/ocho-rios/treasure-hunt-ocho-rios,0
https://www.thecasinos.com/romania/bucharest/fortuna-palace,0
https://www.thecasinos.com/france/paris/paris-club-elyses,0
https://www.thecasinos.com/poland/warsaw/warsaw-at-hilton-hotel,0
https://www.thecasinos.com/united-states/pauma-valley/la-jolla-trading-post--casino,0
https://www.thecasinos.com/chile/los-angeles/gran-casino-los-angeles,0
https://www.thecasinos.com/chile/valdivia/dreams-valdivia,0
https://www.thecasinos.com/united-states/russellville/hard-rock-hotel-and-casino-arkansas,0
https://www.thecasinos.com/ghana/accra/vulkano-alhaji,0
https://www.thecasinos.com/colombia/medellin/casino-aladdin,0
https://www.thecasinos.com/philippines/cavite/bloomberry-paniman-project,0
https://www.thecasinos.com/spain/malaga/toka-game-room-mlaga-guilln,0
https://www.thecasinos.com/spain/zaragoza/el-dorado--pea,0
https://www.thecasinos.com/croatia/vrbovec/casino-cezar-vrbovec,0
https://www.thecasinos.com/spain/tarragona/hard-rock-hotel--casino-tarragona,0
https://www.thecasinos.com/united-states/prescott/yavapai-prescott-casino,0
https://www.thecasinos.com/belarus/brest/casino-palace---club-zio-pepe,0
https://www.thecasinos.com/slovakia/zilina/rio-club-ilina---kazaok,0
https://www.thecasinos.com/ghana/accra/piccadilly-casino,0
https://www.thecasinos.com/sri-lanka/colombo/colombo-lotus-tower-casino,0
https://www.thecasinos.com/jamaica/kingston/christelles-gaming,0
https://www.thecasinos.com/colombia/bogota/casino-dorado-norte,0
https://www.thecasinos.com/costa-rica/san-jose/palma-real-casino,0
https://www.thecasinos.com/kenya/nairobi/sky-city-casino,0
https://www.thecasinos.com/united-states/kansas-city/the-woodlands,0
https://www.thecasinos.com/albania/lezha/astra-club-lezhe,0
https://www.thecasinos.com/cyprus/nicosia/saray-hotel--casino,0
https://www.thecasinos.com/spain/fraga/el-dorado---fraga-1,0
https://www.thecasinos.com/spain/huesca/el-dorado--huesca,0
https://www.thecasinos.com/spain/valencia/el-dorado--malilla,0
https://www.thecasinos.com/united-states/miles-city/club-royale-casino,0
https://www.thecasinos.com/angola/luanda/casinos-de-angola-viana,0
https://www.thecasinos.com/curacao/willemstad/renaissance-curacao-resort--casino,0
https://www.thecasinos.com/uganda/kampala/rigel-casino,0
https://www.thecasinos.com/croatia/vir/vulkan-automat-klub-vir,0
https://www.thecasinos.com/uganda/kampala/golden-tripod-casino,0
https://www.thecasinos.com/argentina/parana/tragamonedas-paran-anexo,0
https://www.thecasinos.com/colombia/bogota/casino-golden-palace-bogot,0
https://www.thecasinos.com/estonia/voru/casino-grand-prix-vru,0
https://www.thecasinos.com/australia/swansea/barkmill-tavern,0
https://www.thecasinos.com/bosnia-and-herzegovina/sarajevo/admiral-club-sarajevo,0
https://www.thecasinos.com/uruguay/artigas/hotel-casino-san-eugenio-del-cuareim,0
https://www.thecasinos.com/slovakia/prievidza/casino-excel-prievidza,0
https://www.thecasinos.com/bosnia-and-herzegovina/srebrenik/admiral-club-srebrenik,0
https://www.thecasinos.com/bosnia-and-herzegovina/doboj/admiral-club-doboj,0
https://www.thecasinos.com/bosnia-and-herzegovina/teslic/admiral-club-teslic,0
https://www.thecasinos.com/bosnia-and-herzegovina/zenica/admiral-club-zenica,0
https://www.thecasinos.com/bosnia-and-herzegovina/sarajevo/admiral-club-sarajevo-ferhadija-12,0
https://www.thecasinos.com/france/frejus/vikings-casinos-frjus,0
https://www.thecasinos.com/bosnia-and-herzegovina/ilidza/admiral-club-ilidza,0
https://www.thecasinos.com/bosnia-and-herzegovina/mostar/admiral-club-mostar,0
https://www.thecasinos.com/france/fort-mahon-plage/casino-fort-mahon-plage,0
https://www.thecasinos.com/argentina/posadas/casino-club-garupa,0
https://www.thecasinos.com/argentina/las-heras/casino-club-las-heras,0
https://www.thecasinos.com/argentina/posadas/casino-club-maitei,0
https://www.thecasinos.com/country-of-georgia/tbilisi/casino-adjara,0
https://www.thecasinos.com/argentina/pico-truncado/casino-club-pico-truncado,0
https://www.thecasinos.com/argentina/puerto-deseado/casino-club-puerto-deseado,0
https://www.thecasinos.com/egypt/cairo/el-sayeda-zeinab-casino,0
https://www.thecasinos.com/albania/shkodra/admiral-club-shkodr,0
https://www.thecasinos.com/spain/granada/casino-cirsa-granada,0
https://www.thecasinos.com/croatia/losinj/maxbet-mali-loinj,0
https://www.thecasinos.com/canada/winnipeg/club-373-bingo,0
https://www.thecasinos.com/france/bourbon-lancy/casino-bourbon-lancy,0
https://www.thecasinos.com/united-states/henderson/club-fortune-casino,0
https://www.thecasinos.com/argentina/rio-gallegos/casino-club-rio-gallegos,0
https://www.thecasinos.com/united-states/havasu-lake/havasu-landing-resort--casino,0
https://www.thecasinos.com/canada/newmarket/bingo-world,0
https://www.thecasinos.com/united-states/broken-bow/choctaw-casino---broken-bow,0
https://www.thecasinos.com/australia/bendigo/lords-raceway,0
https://www.thecasinos.com/canada/scanterbury/south-beach-casino-and-resort,0
https://www.thecasinos.com/united-states/washington/hollywood-casino-at-the-meadows,0
https://www.thecasinos.com/uruguay/la-paloma/casino-la-paloma,0
https://www.thecasinos.com/united-states/yerington/dinis-lucky-club-casino,0
https://www.thecasinos.com/united-states/hallandale-beach/the-big-easy-casino,0
https://www.thecasinos.com/united-kingdom/edinburgh/grosvenor-casino-maybury,0
https://www.thecasinos.com/united-states/manchester/winners-manchester-at-sheas-american-bar--grill,0
https://www.thecasinos.com/united-states/los-angeles/oceania-cruises-regatta,0
https://www.thecasinos.com/united-states/youngstown/hollywood-gaming-at-mahoning-valley-race-course,0
https://www.thecasinos.com/romania/bucharest/bonus-1-decembrie,0
https://www.thecasinos.com/united-states/belcourt/sky-dancer-casino--resort,0
https://www.thecasinos.com/philippines/cotabato-city/pagcor-club-cotabato,0
https://www.thecasinos.com/italy/rome/windstar-cruises---star-pride,0
https://www.thecasinos.com/united-states/fort-yates/prairie-knights-casino--resort,0
https://www.thecasinos.com/united-states/deadwood/deadwood-gulch-gaming-resort,0
https://www.thecasinos.com/sint-maarten/philipsburg/crystal-symphony,0
https://www.thecasinos.com/kazakhstan/kapchagay/astoria-casino,0
https://www.thecasinos.com/albania/tirana/astra-club-dajti-1,0
https://www.thecasinos.com/cyprus/kyrenia/the-savoy-ottoman-palace--casino,0
https://www.thecasinos.com/albania/tirana/astra-club-miami-vice,0
https://www.thecasinos.com/czech-republic/znojmo/casino-admiral---blaues-casino,0
https://www.thecasinos.com/united-states/great-falls/joes-place,0
https://www.thecasinos.com/slovakia/sturovo/kajot-intacto-trovo,0
https://www.thecasinos.com/mexico/ciudad-del-carmen/big-bola-casino-cuidad-del-carmen,0
https://www.thecasinos.com/mexico/hermosillo/casino-palace-hermosillo,0
https://www.thecasinos.com/mexico/puebla/palace-casino-puebla,0
https://www.thecasinos.com/croatia/biograd/kajot-intacto-biograd-na-moru,0
https://www.thecasinos.com/albania/vore/admiral-club-vora-2,0
https://www.thecasinos.com/albania/fier/admiral-club-fier-1,0
https://www.thecasinos.com/albania/fier/admiral-club-fier-2,0
https://www.thecasinos.com/albania/fushe-kruje/admiral-club-fushe-kruje,0
https://www.thecasinos.com/albania/durres/admiral-vip,0
https://www.thecasinos.com/bosnia-and-herzegovina/kalesija/admiral-club-kalesija,0
https://www.thecasinos.com/bosnia-and-herzegovina/bijeljina/admiral-club-ledinci,0
https://www.thecasinos.com/bosnia-and-herzegovina/bijeljina/admiral-club-bijeljina,0
https://www.thecasinos.com/bosnia-and-herzegovina/trn/admiral-casino-trn,0
https://www.thecasinos.com/albania/durres/admiral-flagship,0
https://www.thecasinos.com/bosnia-and-herzegovina/laktasi/admiral-club-laktasi,0
https://www.thecasinos.com/bosnia-and-herzegovina/kozarska-dubica/admiral-club-kozarska-dubica,0
https://www.thecasinos.com/france/gerardmer/casino-joa-de-gerardmer,0
https://www.thecasinos.com/united-states/columbus/eldorado-gaming-scioto-downs,0
https://www.thecasinos.com/united-states/clinton/big-d,0
https://www.thecasinos.com/united-states/great-falls/beef-o-bradys-great-falls,0
https://www.thecasinos.com/romania/bucharest/maxbet-bucuresti-bucurestii-noi,0
https://www.thecasinos.com/uruguay/canelones/sala-pando,0
https://www.thecasinos.com/colombia/ibague/casino-verano-acqua,0
https://www.thecasinos.com/czech-republic/louny/casino-eso-louny,0
https://www.thecasinos.com/croatia/rijeka/senator-klub-orion,0
https://www.thecasinos.com/czech-republic/chlumec-nad-cidlinou/synot-tip-casino-chlumec-nad-cidlinou,0
https://www.thecasinos.com/united-states/bell-gardens/parkwest-bicycle-casino,0
https://www.thecasinos.com/slovakia/partizanske/monaco-m-carlo-partiznske,0
https://www.thecasinos.com/romania/bucharest/million-casino-bucureti---calea-13-septembrie,0
https://www.thecasinos.com/spain/huelva/toka-game-room-huelva,0
https://www.thecasinos.com/france/balaruc-les-bains/casino-joa-de-bourbonne-les-bains,0
https://www.thecasinos.com/canada/toronto/great-canadian-casino-resort-toronto,0
https://www.thecasinos.com/spain/barcelona/toka-game-santa-coloma-verdaguer,0
https://www.thecasinos.com/spain/sabinanigo/toka-game-room-sabinigo-torcal,0
https://www.thecasinos.com/spain/santander/toka-game-room-santander,0
https://www.thecasinos.com/spain/lleida/belles-arts-bingo-hall,0
https://www.thecasinos.com/spain/ubeda/toka-game-room-beda-nevada,0
https://www.thecasinos.com/united-states/stockett/centerville-bar--miners-casino,0
https://www.thecasinos.com/spain/pamplona/toka-game-room-pamplona-sandua,0
https://www.thecasinos.com/canada/new-westminster/starlight-casino-new-westminster,0
https://www.thecasinos.com/spain/cartaya/toka-game-room-cartaya-encinilla,0
https://www.thecasinos.com/spain/talavera-de-la-reina/toka-game-room-talavera-montecarlo,0
https://www.thecasinos.com/spain/huercal/toka-game-room-huercal-overa-arriba,0
https://www.thecasinos.com/spain/navalmoral/toka-game-room-navalmoral-arjona,0
https://www.thecasinos.com/spain/pamplona/toka-game-room-pamplona-buztintxuri,0
https://www.thecasinos.com/spain/valladolid/toka-game-room-valladolid-salud,0
https://www.thecasinos.com/bosnia-and-herzegovina/gradiska/admiral-club-gradiska-2,0
https://www.thecasinos.com/bosnia-and-herzegovina/modrica/admiral-club-modrica,0
https://www.thecasinos.com/albania/tirana/admiral-club-palma,0
https://www.thecasinos.com/albania/tirana/admiral-club-kamza-e-re,0
https://www.thecasinos.com/uruguay/tacuarembo/sala-tacuaremb,0
https://www.thecasinos.com/belarus/minsk/casino-xo-club,0
https://www.thecasinos.com/united-states/black-hawk/lady-luck-casino-hotel,0
https://www.thecasinos.com/united-states/wetumpka/wind-creek-wetumpka-casino--hotel,0
https://www.thecasinos.com/united-states/central-city/century-casino--hotel-central-city,0
https://www.thecasinos.com/united-states/central-city/easy-street-casino,0
https://www.thecasinos.com/united-states/cripple-creek/j-p-mcgills-hotel-casino,0
https://www.thecasinos.com/united-states/temecula/pechanga-resort-casino,0
https://www.thecasinos.com/united-states/emerson/iron-horse-bar--casino,0
https://www.thecasinos.com/united-states/calera/choctaw-travel-plaza---durant-west,0
https://www.thecasinos.com/united-states/payson/mazatzal-hotel--casino,0
https://www.thecasinos.com/united-states/camp-verde/cliff-castle-hotel--casino,0
https://www.thecasinos.com/united-states/san-carlos/apache-gold-casino-resort,0
https://www.thecasinos.com/united-states/miles-city/montana-bar,0
https://www.thecasinos.com/united-states/vicksburg/waterview-casino--hotel,0
https://www.thecasinos.com/united-states/deadwood/gold-country-inn-gambling-hall-and-cafe,0
https://www.thecasinos.com/malta/valletta/fairbet-valletta,0
https://www.thecasinos.com/belgium/haaltert/bingoal-casino-haaltert,0
https://www.thecasinos.com/germany/bad-fussing/spielbank-bad-fssing,0
https://www.thecasinos.com/czech-republic/kladno/rebuy-stars-casino-oaza-kladno,0
https://www.thecasinos.com/chile/hualpen/club-hpico-de-concepcin,0
https://www.thecasinos.com/united-states/henderson/ellis-park,0
https://www.thecasinos.com/united-states/fallon/churchill-springs-casino,0
https://www.thecasinos.com/ireland/dublin/westbury-club,0
https://www.thecasinos.com/france/soulac-sur-mer/casino-de-soulac,0
https://www.thecasinos.com/france/saint-jean-de-monts/casino-joa-de-saint-jean-de-monts,0
https://www.thecasinos.com/united-states/deadwood/cadillac-jacks-gaming-resort,0
https://www.thecasinos.com/united-states/fort-hall/shoshone-bannock-casino-hotel,0
https://www.thecasinos.com/united-states/odanah/bad-river-lodge--casino,0
https://www.thecasinos.com/united-states/carson-city/cactus-jacks-casino,0
https://www.thecasinos.com/united-states/box-elder/bear-paw-casino-and-four-cs-lounge,0
https://www.thecasinos.com/france/megeve/casino-barriere-megeve,0
https://www.thecasinos.com/congo/kinshasa/inter-continental-kinshasa-hotel--casino,0
https://www.thecasinos.com/czech-republic/napajedla/synot-tip-casino-napajedla,0
https://www.thecasinos.com/czech-republic/chotebor/kajot-intacto-chotbo,0
https://www.thecasinos.com/czech-republic/ivancice/kajot-intacto-ivanice,0
https://www.thecasinos.com/germany/bremerhaven/casino-bremerhaven,0
https://www.thecasinos.com/united-states/tampa/seminole-hard-rock-hotel--casino-tampa,0
https://www.thecasinos.com/united-states/melbourne/melbourne-greyhound-park--club-52-poker,0
https://www.thecasinos.com/united-states/las-vegas/the-strat-hotel-casino-and-skypod,0
https://www.thecasinos.com/united-states/alton/argosy-casino-alton,0
https://www.thecasinos.com/united-states/jackpot/horseshu-casino,0
https://www.thecasinos.com/finland/helsinki/silja-serenade-cruise-ship,0
https://www.thecasinos.com/united-states/elizabeth/horseshoe-southern-indiana-casino-hotel,0
https://www.thecasinos.com/united-states/dubuque/diamond-jo-casino-dubuque,0
https://www.thecasinos.com/czech-republic/znojmo/admiral-casino-colosseum,0
https://www.thecasinos.com/ireland/dublin/d1-club-casino,0
https://www.thecasinos.com/united-states/fort-benton/b-social-bar-and-lanes,0
https://www.thecasinos.com/united-states/big-sandy/diamond-4-u-club--casino-big,0
https://www.thecasinos.com/romania/las-vegas/las-vegas-games---husi-piata-victoriei,0
https://www.thecasinos.com/united-states/neihart/bobs-bar,0
https://www.thecasinos.com/united-states/great-falls/beacon-icehouse,0
https://www.thecasinos.com/united-states/great-falls/stein-haus,0
https://www.thecasinos.com/united-kingdom/bradford/napoleons-restaurant--casino---bradford,0
https://www.thecasinos.com/united-states/mescalero/inn-of-the-mountain-gods-resort--casino,0
https://www.thecasinos.com/united-states/miles-city/lucky-lils-miles-city,0
https://www.thecasinos.com/paraguay/encarnacion/casino-carnaval,0
https://www.thecasinos.com/hungary/sopron/casino-sopron,0
https://www.thecasinos.com/united-states/mahnomen/shooting-star-casino-mahnomen,0
https://www.thecasinos.com/united-states/mescalero/casino-apache,0
https://www.thecasinos.com/united-states/las-vegas/new-york-new-york-las-vegas,0
https://www.thecasinos.com/united-states/saint-charles/ameristar-casino-resort-spa-st-charles,0
https://www.thecasinos.com/australia/cairns/pullman-reef-hotel-casino,0
https://www.thecasinos.com/slovenia/rogaska-slatina/casino-fontana,0
https://www.thecasinos.com/united-states/kansas-city/ameristar-casino-hotel-kansas-city,0
https://www.thecasinos.com/romania/bucharest/maxbet-bucuresti-decembrie-1918,0
https://www.thecasinos.com/united-states/great-falls/players-casino,0
https://www.thecasinos.com/united-states/loma/mas-loma-cafe,0
https://www.thecasinos.com/united-states/fort-benton/clubhouse-bar--grill,0
https://www.thecasinos.com/romania/targu-jiu/maxbet-trgu-jiu,0
https://www.thecasinos.com/united-states/laveen/gila-river-casinos---vee-quiva,0
https://www.thecasinos.com/netherlands/zandvoort/holland-casino-zandvoort,0
https://www.thecasinos.com/netherlands/rotterdam/jacks-rotterdam-centrum,0
https://www.thecasinos.com/united-states/tonopah/tonopah-station-casino,0
https://www.thecasinos.com/mexico/culiacan/play-city-casino-culiacan,0
https://www.thecasinos.com/canada/richmond/river-rock-casino-resort,0
https://www.thecasinos.com/united-states/las-vegas/south-point-hotel-casino--spa,0
https://www.thecasinos.com/united-kingdom/glasgow/grosvenor-casino-merchant-city-glasgow,0
https://www.thecasinos.com/belgium/chaudfontaine/casino-de-chaudfontaine,0
https://www.thecasinos.com/united-states/reno/best-western-plus-boomtown-casino-hotel,0
https://www.thecasinos.com/united-states/elko/historic-commercial-casino,0
https://www.thecasinos.com/ireland/sligo/adelaide-casino-sligo,0
https://www.thecasinos.com/country-of-georgia/batumi/princess-casino-batumi,0
https://www.thecasinos.com/argentina/san-fernando-del-valle-de-catamarca/hotel-casino-catamarca,0
https://www.thecasinos.com/canada/cranbrook/st-eugene-golf-resort--casino,0
https://www.thecasinos.com/argentina/san-luis/casino-new-york,0
https://www.thecasinos.com/united-states/kinder/coushatta-casino-resort,0
https://www.thecasinos.com/united-states/great-falls/littles-lanes,0
https://www.thecasinos.com/united-states/glendive/oasis-bar--casino,0
https://www.thecasinos.com/united-states/glendive/the-gust-hauf,0
https://www.thecasinos.com/united-states/glasgow/hangar-bar,0
https://www.thecasinos.com/united-states/miles-city/bucking-horse-saloon--casino,0
https://www.thecasinos.com/united-states/moore/melchs-office-bar,0
https://www.thecasinos.com/united-states/lewistown/gem-casino,0
https://www.thecasinos.com/united-states/lewistown/golden-spike-at-yogo,0
https://www.thecasinos.com/romania/brasov/las-vegas-games---brasov-1-decembrie-1918,0
https://www.thecasinos.com/romania/timisoara/777-red-sevens-timisoara---calea-martirilor,0
https://www.thecasinos.com/slovenia/nova-gorica/perla-casino-and-hotel,0
https://www.thecasinos.com/hungary/szombathely/palace-poker-club,0
https://www.thecasinos.com/switzerland/meyrin/casino-du-lac-genve,0
https://www.thecasinos.com/canada/north-bay/cascades-casino-north-bay,0
https://www.thecasinos.com/united-states/manson/mill-bay-casino,0
https://www.thecasinos.com/switzerland/graubunden/casino-davos,0
https://www.thecasinos.com/uruguay/piriapolis/argentino-hotel-casino--resort,0
https://www.thecasinos.com/spain/las-palmas/gran-casino-de-lanzarote,0
https://www.thecasinos.com/panama/panama-city/bingo-90-casino,0
https://www.thecasinos.com/panama/panama-city/sheraton-grand-panama-casino,0
https://www.thecasinos.com/aruba/palm-beach/hyatt-aruba-resort-spa-and-casino,0
https://www.thecasinos.com/curacao/willemstad/princess-casino-at-sunscape-resort--spa,0
https://www.thecasinos.com/latvia/riga/vulkan-gaming-club-maskavas,0
https://www.thecasinos.com/united-states/anaconda/owl-bar,0
https://www.thecasinos.com/united-states/lewistown/4-aces-casino--restaurant,0
https://www.thecasinos.com/united-states/arcadia/santa-anita-park,0
https://www.thecasinos.com/united-kingdom/leeds/grosvenor-casino-leeds-westgate,0
https://www.thecasinos.com/romania/constanta/las-vegas-games---constanta-aleea-nalbei,0
https://www.thecasinos.com/united-states/santa-rosa/sonoma-county-fair-racing,0
https://www.thecasinos.com/macau/cotai/the-venetian-macao,0
https://www.thecasinos.com/macau/macau/sands-macao-casino,0
https://www.thecasinos.com/macau/macau/babylon-casino-at-fishermans-wharf,0
https://www.thecasinos.com/philippines/manila/waterfront-manila-pavilion-hotel--casino,0
https://www.thecasinos.com/canada/opaskwayak---the-pas/aseneskak-casino,0
https://www.thecasinos.com/spain/benalmadena/casino-torrequebrada-and-hotel,0
https://www.thecasinos.com/united-states/tonopah/mizpah-hotel--casino,0
https://www.thecasinos.com/mexico/xalapa/play-city-casino-xalapa,0
https://www.thecasinos.com/uruguay/montevideo/casino-carrasco--sofitel-montevideo,0
https://www.thecasinos.com/canada/milton/olg-slots-mohawk,0
https://www.thecasinos.com/canada/delta/cascades-casino-delta,0
https://www.thecasinos.com/south-africa/cape-town/oceania-cruises-nautica,0
https://www.thecasinos.com/united-states/great-falls/beacon-icehouse--casino,0
https://www.thecasinos.com/czech-republic/pribram/casino-florida-pbram,0
https://www.thecasinos.com/czech-republic/strakonice/casino-las-vegas-strakonice,0
https://www.thecasinos.com/greece/corfu/casino-corfu,0
https://www.thecasinos.com/south-korea/pyeongchang-gun/alpensia-casino--resort,0
https://www.thecasinos.com/united-states/anaconda/thompsons-bar,0
https://www.thecasinos.com/united-states/sweetgrass/mars-gas-and-grocery,0
https://www.thecasinos.com/slovenia/ajdovscina/gold-club-hotel--casino,0
https://www.thecasinos.com/croatia/makarska/casino-arena-makarska,0
https://www.thecasinos.com/united-states/las-vegas/dottys-casino---clark-county,0
https://www.thecasinos.com/japan/kitakyushu/kokura-racecourse,0
https://www.thecasinos.com/united-states/sunland-park/sunland-park-racetrack--casino,0
https://www.thecasinos.com/germany/hannover/spielbank-gottingen,0
https://www.thecasinos.com/canada/peterborough/shorelines-casino-peterborough,0
https://www.thecasinos.com/mexico/tijuana/hotel-pueblo-amigo--caliente-plaza-casino,0
https://www.thecasinos.com/bulgaria/plovdiv/princess-trimontium-casino,0
https://www.thecasinos.com/croatia/zupanja/vulkan-automat-klub-upanja,0
https://www.thecasinos.com/spain/malaga/admiral-casino-san-roque,0
https://www.thecasinos.com/estonia/kohtla-jarve/fenikss-casino---kohtla-jarve,0
https://www.thecasinos.com/united-states/columbus/307-bar-grill-and-casino,0
https://www.thecasinos.com/united-states/butte/jackrabbit-reds-butte,0
https://www.thecasinos.com/lithuania/klaipeda/nes-casino-pc-akropolis,0
https://www.thecasinos.com/spain/benidorm/casino-mediterraneo-benidorm,0
https://www.thecasinos.com/japan/gifu/kasamatsu-racecourse,0
https://www.thecasinos.com/latvia/riga/zilais-dimants-rga,0
https://www.thecasinos.com/latvia/jelgava/zilais-dimants-jelgava,0
https://www.thecasinos.com/latvia/ogre/joker-casino-ogre,0
https://www.thecasinos.com/france/arcachon/casino-darcachon-la-plage,0
https://www.thecasinos.com/sint-maarten/philipsburg/rouge-et-noir-casino,0
https://www.thecasinos.com/france/villers-sur-mer/casino-de-villers-sur-mer,0
https://www.thecasinos.com/france/calais/casino-le-touquets---calais,0
https://www.thecasinos.com/argentina/buenos-aires/hotel-provincial-resort-and-casino-sierra-de-la-ventana,0
https://www.thecasinos.com/united-states/miami/prairie-moon-casino,0
https://www.thecasinos.com/united-states/miami/prairie-sun-casino,0
https://www.thecasinos.com/united-states/miles-city/golden-spur-sports-bar-and-casino,0
https://www.thecasinos.com/united-states/miles-city/magic-diamond-casino-miles,0
https://www.thecasinos.com/united-states/eagle-butte/cheyenne-river-sioux-tribe-bingo,0
https://www.thecasinos.com/czech-republic/usti-nad-labem/star-casino-st,0
https://www.thecasinos.com/united-states/sparks/western-village-inn-and-casino,0
https://www.thecasinos.com/united-states/hollywood/carnival-splendor-casino,0
https://www.thecasinos.com/netherlands/kerkrade/fair-play-casino-kerkrade-stadion,0
https://www.thecasinos.com/united-states/grand-forks/charlie-browns-bar-and-casino,0
https://www.thecasinos.com/costa-rica/san-jose/fiesta-casino---presidente,0
https://www.thecasinos.com/united-states/fargo/baymont-inn--suites-fargo,0
https://www.thecasinos.com/united-states/great-falls/horseshoe-casino--bar,0
https://www.thecasinos.com/united-states/reno/tamarack-junction-restaurant-casino,0
https://www.thecasinos.com/china/shanghai/royal-caribbean-international---quantum-of-the-seas,0
https://www.thecasinos.com/united-states/port-canaveral/royal-caribbean-international---oasis-of-the-seas,0
https://www.thecasinos.com/netherlands/weert/fair-play-casino-weert,0
https://www.thecasinos.com/united-states/baltimore/royal-caribbean-international---grandeur-of-the-seas,0
https://www.thecasinos.com/united-states/fort-lauderdale/holland-america-cruise-line---eurodam,0
https://www.thecasinos.com/belarus/minsk/maxbet-pritytskogo,0
https://www.thecasinos.com/netherlands/alkmaar/flamingo-casino-alkmaar,0
https://www.thecasinos.com/czech-republic/most/galaxy-casino-most,0
https://www.thecasinos.com/mexico/san-miguel-de-cozumel/celebrity-cruises---silhouette,0
https://www.thecasinos.com/united-states/prineville/crooked-river-roundup-racing,0
https://www.thecasinos.com/united-states/bayonne/cunard-cruises---queen-elizabeth,0
https://www.thecasinos.com/peru/lima/mardi-gras-casino,0
https://www.thecasinos.com/colombia/bogota/casino-broadway-bogot-1753-sur,0
https://www.thecasinos.com/jamaica/montego-bay/holiday-inn-resort-casino-montego-bay,0
https://www.thecasinos.com/czech-republic/prague/henry-casino---hotel-jalta,0
https://www.thecasinos.com/dominican-republic/rio-san-juan/grand-bahia-principe-resort--casino-san-juan,0
https://www.thecasinos.com/france/argeles/casino-joa-argeles,0
https://www.thecasinos.com/dominican-republic/santo-domingo/barcel-santo-domingo-casino--hotel,0
https://www.thecasinos.com/hungary/gyor/casino-win-gyor,0
https://www.thecasinos.com/guadeloupe/gosier/casino-de-gosier,0
https://www.thecasinos.com/dominican-republic/santo-domingo/coral-hamaca-beach-hotel--casino,0
https://www.thecasinos.com/belarus/minsk/maxbet-zhilunovicha,0
https://www.thecasinos.com/canada/goulds/st-johns-racing-and-entertainment-centre,0
https://www.thecasinos.com/cyprus/bafra/kaya-artemis-resort--casino,0
https://www.thecasinos.com/united-states/tampa/royal-caribbean-international---rhapsody-of-the-seas,0
https://www.thecasinos.com/albania/tirana/admiral-club-prrenjas,0
https://www.thecasinos.com/mexico/ciudad-del-carmen/yak-plaza-palmira,0
https://www.thecasinos.com/turkey/izmir/izmir-sirinyer-hipodromu,0
https://www.thecasinos.com/bermuda/hamilton/hamilton-princess--beach-club-casino,0
https://www.thecasinos.com/paraguay/ciudad-del-este/hotel-and-casino-acaray,0
https://www.thecasinos.com/colombia/cartago/casino-condado-cartago,0
https://www.thecasinos.com/colombia/armenia/casino-broadway-armena,0
https://www.thecasinos.com/panama/panama-city/fantastic-casino-12-de-octubre,0
https://www.thecasinos.com/united-states/atoka/choctaw-travel-plaza---atoka,0
https://www.thecasinos.com/czech-republic/karvina/rubuy-stars-casino-hrnsk,0
https://www.thecasinos.com/united-states/las-vegas/village-pub--poker--rainbow,0
https://www.thecasinos.com/united-states/missoula/silver-creek-casino-at-hilton-garden-inn-missoula,0
https://www.thecasinos.com/cambodia/anlong-veng/sangam-resort--casino,0
https://www.thecasinos.com/albania/durres/astra-club-adria,0
https://www.thecasinos.com/albania/tirana/astra-club-vora,0
https://www.thecasinos.com/czech-republic/dolni-dvoriste/casino-admiral-doln-dvoit,0
https://www.thecasinos.com/slovenia/ptuj/casino--hotel-admiral-ptuj,0
https://www.thecasinos.com/united-states/dillon/klondike-inn-dillon,0
https://www.thecasinos.com/lithuania/vilnius/admiral-club-vilnius-future-g,0
https://www.thecasinos.com/united-states/highland/yaamava-resort--casino-at-san-manuel,0
https://www.thecasinos.com/united-states/helena/magic-diamond-casino-east-helena,0
https://www.thecasinos.com/lithuania/vilnius/admiral-club-vilnius-kalvariju,0
https://www.thecasinos.com/netherlands/ouddorp/funtastic-casino-ouddorp,0
https://www.thecasinos.com/austria/feldkirchen-in-karnten/casino-admiral-feldkirchen-in-krnten,0
https://www.thecasinos.com/albania/durres/admiral-club-adria,0
https://www.thecasinos.com/albania/sarande/admiral-club-sarande,0
https://www.thecasinos.com/united-states/oroville/feather-falls-casino-and-lodge,0
https://www.thecasinos.com/united-states/livingston/the-stockman-bar-and-casino,0
https://www.thecasinos.com/united-states/little-river/big-m-casino-cruise-ii---little-river,0
https://www.thecasinos.com/canada/calgary/grey-eagle-resort--casino,0
https://www.thecasinos.com/united-states/tishomingo/tishomingo-tobacco-and-gaming,0
https://www.thecasinos.com/united-states/williamsburg/turtle-creek-casino--hotel,0
https://www.thecasinos.com/australia/mildura/mildura-racecourse,0
https://www.thecasinos.com/united-states/green-bay/oneida-one-stop-packerland,0
https://www.thecasinos.com/netherlands/ijmuiden/flamingo-casino-ijmuiden,0
https://www.thecasinos.com/zimbabwe/mutare/executive-casino-mutare,0
https://www.thecasinos.com/albania/tirana/admiral-club-kavaje,0
https://www.thecasinos.com/united-states/billings/town-and-country-bowling-center,0
https://www.thecasinos.com/united-states/laurel/sids-east-side-bar-and-grill,0
https://www.thecasinos.com/united-states/billings/the-lodge-casino,0
https://www.thecasinos.com/united-states/billings/hilltop-station-casino,0
https://www.thecasinos.com/united-states/billings/montana-lils-casino-frontage-road,0
https://www.thecasinos.com/united-states/billings/high-horse-saloon-and-casino,0
https://www.thecasinos.com/united-states/billings/bottles-and-shots-casino-and-liquor-store-west-end,0
https://www.thecasinos.com/united-states/laurel/travel-center-of-america-laurel-casino-and-rest-stop,0
https://www.thecasinos.com/slovenia/koper/casino--hotel-admiral-carnevale,0
https://www.thecasinos.com/united-states/absorokee/five-spot-bar-and-casino,0
https://www.thecasinos.com/united-states/dillon/the-office-bar,0
https://www.thecasinos.com/united-states/hardin/silver-fox-casino,0
https://www.thecasinos.com/united-states/wisdom/antler-saloon,0
https://www.thecasinos.com/mexico/merida/casino-life-merida,0
https://www.thecasinos.com/mexico/ciudad-juarez/emotion-casino-juarez-city,0
https://www.thecasinos.com/united-states/baker/big-game-casino-and-tavern,0
https://www.thecasinos.com/croatia/vinkovci/cro-club-vinkovci,0
https://www.thecasinos.com/slovakia/skalica/merkur-casino---vitriol,0
https://www.thecasinos.com/united-states/sun-valley/hobeys-casino,0
https://www.thecasinos.com/mexico/los-mochis/m-casino-los-mochis,0
https://www.thecasinos.com/united-states/amite/amite-truck-plaza-and-casino,0
https://www.thecasinos.com/argentina/cipolletti/casino-del-rio-cipoletti,0
https://www.thecasinos.com/croatia/rijeka/senator-klub-b2,0
https://www.thecasinos.com/new-zealand/christchurch/christchurch-casino,0
https://www.thecasinos.com/mexico/queretaro/casino-caliente-queretaro,0
https://www.thecasinos.com/mexico/guadalupe/foliati-casino-guadalupe,0
https://www.thecasinos.com/mexico/monterrey/hollywood-valle-alto,0
https://www.thecasinos.com/united-states/diberville/wind-creek-casino-diberville,0
https://www.thecasinos.com/honduras/tegucigalpa/excelsior-hotel-and-casino,0
https://www.thecasinos.com/united-kingdom/ipswich/buzz-bingo-ipswich,0
https://www.thecasinos.com/vanuatu/port-vila/grand-hotel-and-casino-vanuatu,0
https://www.thecasinos.com/united-states/charenton/cypress-bayou-casino-hotel,0
https://www.thecasinos.com/canada/red-deer/red-deer-bingo-centre,0
https://www.thecasinos.com/united-states/broussard/cash-magic-broussard-north,0
https://www.thecasinos.com/canada/prince-albert/northern-lights-casino-saskatchawan,0
https://www.thecasinos.com/slovakia/zilina/merkur-casino---ilina,0
https://www.thecasinos.com/slovakia/kosice/merkur-casino-hera,0
https://www.thecasinos.com/canada/niagara-falls/delta-bingo-and-gaming-niagara-falls,0
https://www.thecasinos.com/canada/mont-tremblant/casino-de-mont-tremblant,0
https://www.thecasinos.com/argentina/corrientes/amerian-hotel-casino-carlos-v,0
https://www.thecasinos.com/united-kingdom/coventry/grosvenor-casino-coventry,0
https://www.thecasinos.com/lithuania/vilnius/olybet-station,0
https://www.thecasinos.com/united-states/wise-river/h-bar-j-saloon-and-cafe,0
https://www.thecasinos.com/finland/turku/silja-galaxy-cruise-ship,0
https://www.thecasinos.com/united-kingdom/liverpool/fred-olsen-cruise-lines---boudicca,0
https://www.thecasinos.com/united-states/las-vegas/jackpot-joanies-south-decatur,0
https://www.thecasinos.com/madagascar/antananarivo/colbert-hotel--casino,0
https://www.thecasinos.com/united-states/las-vegas/pts-gold---oso-blanca-rd,0
https://www.thecasinos.com/united-states/helena/gold-island-casino,0
https://www.thecasinos.com/united-states/billings/jackrabbit-reds-billings,0
https://www.thecasinos.com/united-states/belgrade/jackrabbit-reds-belgrade,0
https://www.thecasinos.com/benin/cotonou/lydia-ludic-benin---amitie,0
https://www.thecasinos.com/united-states/anaconda/the-ranch-bar,0
https://www.thecasinos.com/belgium/dinant/infiniti-casino-de-dinant,0
https://www.thecasinos.com/cambodia/sihanoukville/la-vogue-hotel--casino,0
https://www.thecasinos.com/united-states/hayward/sevenwinds-casino-lodge--conference-center,0
https://www.thecasinos.com/czech-republic/pardubice/casino-go4games-kostka,0
https://www.thecasinos.com/united-kingdom/manchester/grosvenor-casino-didsbury,0
https://www.thecasinos.com/romania/bucharest/maxbet-bucuresti-mihalache-111,0
https://www.thecasinos.com/croatia/zagreb/senator-klub-vesna,0
https://www.thecasinos.com/croatia/ludbreg/automat-klub-arena-ludbreg,0
https://www.thecasinos.com/croatia/zagreb/automat-klub-arena-trenjevka,0
https://www.thecasinos.com/croatia/varazdin/automat-klub-arena-varadin,0
https://www.thecasinos.com/romania/piatra-neamt/maxbet-piatra-neamt,0
https://www.thecasinos.com/romania/bucharest/maxbet-trgu-mure-1-decembrie,0
https://www.thecasinos.com/ghana/tema/casino-crown-tema,0
https://www.thecasinos.com/united-states/ulm/lucky-last-jump-casino,0
https://www.thecasinos.com/united-states/great-falls/rest--relax-lounge,0
https://www.thecasinos.com/united-states/great-falls/holiday-inn-bar--casino,0
https://www.thecasinos.com/united-states/belt/harvest-moon-saloon,0
https://www.thecasinos.com/slovenia/kranjska-gora/ramada-resort-by-wyndham-kranjska-gora,0
https://www.thecasinos.com/croatia/ivanec/vulkan-automat-klub-ivanec,0
https://www.thecasinos.com/united-states/anaconda/cedar-park-lanes,0
https://www.thecasinos.com/croatia/vodice/vulkan-automat-klub---vodice,0
https://www.thecasinos.com/croatia/kastel-luksic/automat-klub-arena-katel-luki,0
https://www.thecasinos.com/romania/craiova/maxbet-craiova,0
https://www.thecasinos.com/romania/craiova/maxbet-craiova-gara,0
https://www.thecasinos.com/romania/ploiesti/maxbet-ploiesti-17-25,0
https://www.thecasinos.com/romania/constanta/maxbet-constanta-tomis,0
https://www.thecasinos.com/croatia/garesnica/automat-klub-arena-garenica,0
https://www.thecasinos.com/croatia/cepin/automat-klub-arena-epin,0
https://www.thecasinos.com/croatia/sisak/senator-klub-modran,0
https://www.thecasinos.com/romania/bucharest/maxbet-bucuresti-constructorilor,0
https://www.thecasinos.com/slovakia/banska-bystrica/casino-respect-bansk-bystrica,0
https://www.thecasinos.com/romania/saveni/las-vegas-games---sveni,0
https://www.thecasinos.com/spain/jaca/toka-game-room-jaca-antao,0
https://www.thecasinos.com/spain/huelva/crculo-bingo-hall,0
https://www.thecasinos.com/spain/monzon/el-dorado--monzn,0
https://www.thecasinos.com/romania/zalau/las-vegas-games---zalau,0
https://www.thecasinos.com/spain/miranda-de-ebro/toka-game-room-miranda-de-ebro,0
https://www.thecasinos.com/united-states/berlin/casino-at-ocean-downs,0
https://www.thecasinos.com/united-states/fargo/blue-wolf-casino,0
https://www.thecasinos.com/united-states/great-falls/heidelberg-lounge--liquor-store,0
https://www.thecasinos.com/united-states/great-falls/halftime-sports-bar--casino,0
https://www.thecasinos.com/france/saint-laurent-en-grandvaux/casino-joa-de-st-laurent-en-grandvaux,0
https://www.thecasinos.com/romania/bucharest/serban-voda-admiral-club,0
https://www.thecasinos.com/united-states/great-falls/hide-out-lounge,0
https://www.thecasinos.com/spain/puerto-de-la-cruz/casino-puerto-de-la-cruz,0
https://www.thecasinos.com/switzerland/crans-montana/casino-crans-montana,0
https://www.thecasinos.com/united-states/black-eagle/borries-supper-club,0
https://www.thecasinos.com/united-states/glendive/doc--eddys-of-glendive,0
https://www.thecasinos.com/slovakia/bratislava/kajot-intacto-bratislava-bory-mall,0
https://www.thecasinos.com/croatia/split/vulkan-automat-klub-gorika,0
https://www.thecasinos.com/croatia/makarska/vulkan-automat-klub---makarska-2,0
https://www.thecasinos.com/croatia/imotski/vulkan-automat-klub---imotski-2,0
https://www.thecasinos.com/spain/zaragoza/el-dorado--aznar,0
https://www.thecasinos.com/puerto-rico/aguadilla/ocean-casino-at-courtyard-by-marriott-aguadilla,0
https://www.thecasinos.com/australia/bundaberg/melbourne-hotel,0
https://www.thecasinos.com/australia/bellbowrie/bellbowrie-tavern,0
https://www.thecasinos.com/croatia/biograd/vulkan-automat-klub-biograd-2,0
https://www.thecasinos.com/croatia/knin/vulkan-automat-klub---knin,0
https://www.thecasinos.com/croatia/zadar/vulkan-automat-klub---zadar,0
https://www.thecasinos.com/seychelles/grand-anse-praslin/oasis-entertainment-center-seychelles,0
https://www.thecasinos.com/belarus/minsk/maxbet-russiyanova,0
https://www.thecasinos.com/belarus/minsk/maxbet-pushkina,0
https://www.thecasinos.com/belarus/minsk/maxbet-goretskogo,0
https://www.thecasinos.com/belarus/minsk/maxbet-rokossovskogo,0
https://www.thecasinos.com/belarus/minsk/maxbet-lahojski,0
https://www.thecasinos.com/croatia/pula/automat-klub-arena-pula,0
https://www.thecasinos.com/czech-republic/policka/kajot-intacto-polika,0
https://www.thecasinos.com/croatia/krapina/automat-klub-arena-krapina,0
https://www.thecasinos.com/croatia/zagreb/automat-klub-arena-dugave-zagreb,0
https://www.thecasinos.com/croatia/sesvete/automat-klub-arena-sesvete,0
https://www.thecasinos.com/romania/suceava/maxbet-suceava-shopping-city,0
https://www.thecasinos.com/romania/galati/maxbet-galati-vox,0
https://www.thecasinos.com/croatia/nasice/automat-klub-arena-naice,0
https://www.thecasinos.com/croatia/zadar/vulkan-automat-klub---zadar-2,0
https://www.thecasinos.com/croatia/pitomaca/senator-klub-pitomaa,0
https://www.thecasinos.com/slovakia/bratislava/kajot-intacto-bratislava-aliz,0
https://www.thecasinos.com/slovakia/nove-zamky/kajot-intacto-nov-zmky-tureck,0
https://www.thecasinos.com/slovakia/samorin/kajot-intacto-amorn,0
https://www.thecasinos.com/france/pornic/casino-partouche---pornic,0
https://www.thecasinos.com/france/paris/club-barrire-paris,0
https://www.thecasinos.com/slovakia/zvolen/kajot-intacto-zvolen,0
https://www.thecasinos.com/slovakia/zilina/kajot-intacto-ilina,0
https://www.thecasinos.com/romania/timisoara/kajot-intacto-reca,0
https://www.thecasinos.com/belarus/mogilev/maxbet-pushkinskiy,0
https://www.thecasinos.com/romania/bucharest/maxbet-bucuresti-giurgiului,0
https://www.thecasinos.com/romania/bucharest/maxbet-bucuresti-aviatiei,0
https://www.thecasinos.com/united-states/fort-mcdowell/we-ko-pa-casino-resort,0
https://www.thecasinos.com/united-states/las-vegas/durango-casino-resort,0
https://www.thecasinos.com/united-states/black-hawk/ballys-black-hawk-east-casino,0
https://www.thecasinos.com/united-states/hobart/kiowa-casino-hobart,0
https://www.thecasinos.com/czech-republic/bystrice-pod-hostynem/forbes-casino-bystice-pod-hostnem,0
https://www.thecasinos.com/australia/strathpine/the-four-mile-creek-hotel,0
https://www.thecasinos.com/romania/buzau/maxbet-buzau-2,0
https://www.thecasinos.com/romania/buzau/maxbet-buzau-unirii,0
https://www.thecasinos.com/united-states/anaconda/the-paradise-bar,0
https://www.thecasinos.com/panama/panama-city/golden-lion-marbella,0
https://www.thecasinos.com/romania/bacau/maxbet-bacau-arena,0
https://www.thecasinos.com/romania/galati/maxbet-galati-siderurgistilor,0
https://www.thecasinos.com/romania/iasi/maxbet-iasi-podul-ros,0
https://www.thecasinos.com/romania/iasi/maxbet-iasi,0
https://www.thecasinos.com/romania/brasov/maxbet-brasov-teatrului,0
https://www.thecasinos.com/romania/cluj-napoca/maxbet-cluj-marasti,0
https://www.thecasinos.com/croatia/crikvenica/senator-klub-internacional,0
https://www.thecasinos.com/croatia/virovitica/senator-klub-vito,0
https://www.thecasinos.com/czech-republic/ceska-lipa/casino-san-marco---ceska-trebova,0
https://www.thecasinos.com/czech-republic/ostrava/casino-san-marco-koliba,0
https://www.thecasinos.com/romania/bucharest/bonus-drumul-taberei-96,0
https://www.thecasinos.com/romania/bucharest/bonus-fundeni,0
https://www.thecasinos.com/romania/bucharest/bonus-petre-ispirescu,0
https://www.thecasinos.com/romania/bucharest/bonus-iuliu-maniu-67,0
https://www.thecasinos.com/romania/bucharest/bonus-mihalache,0
https://www.thecasinos.com/romania/bucharest/bonus-obregia,0
https://www.thecasinos.com/romania/bucharest/bonus-rahova,0
https://www.thecasinos.com/romania/brasov/bonus-braov,0
https://www.thecasinos.com/romania/constanta/bonus-soveja,0
https://www.thecasinos.com/united-states/anaconda/jfk-bar,0
https://www.thecasinos.com/united-states/anaconda/peppermint-pattys,0
https://www.thecasinos.com/romania/bacau/bonus-bacau,0
https://www.thecasinos.com/romania/arad/las-vegas-games---arad-calea-aurel,0
https://www.thecasinos.com/romania/bacau/las-vegas-games---bacau-str-stadionului,0
https://www.thecasinos.com/romania/bacau/las-vegas-games---bacau-str-pietii,0
https://www.thecasinos.com/romania/bacau/las-vegas-games---bacau-calea-marasesti,0
https://www.thecasinos.com/romania/fagaras/las-vegas-games---fagaras,0
https://www.thecasinos.com/romania/brasov/las-vegas-games---brasov-grivitei,0
https://www.thecasinos.com/romania/brasov/las-vegas-games---rasnov-republicii,0
https://www.thecasinos.com/romania/brasov/las-vegas-games---brasov-calea-bucuresti-90,0
https://www.thecasinos.com/romania/brasov/las-vegas-games---brasov-eftimie-murgu,0
https://www.thecasinos.com/romania/brasov/las-vegas-games---brasov-calea-bucuresti-104,0
https://www.thecasinos.com/romania/brasov/las-vegas-games---brasov-zizinului,0
https://www.thecasinos.com/romania/brasov/las-vegas-games---brasov-piata-astra,0
https://www.thecasinos.com/romania/brasov/las-vegas-games---brasov-stadionului,0
https://www.thecasinos.com/romania/brasov/las-vegas-games---brasov-str-13-decembrie,0
https://www.thecasinos.com/romania/zarnesti/las-vegas-games---zarnesti-1-decembrie-1918,0
https://www.thecasinos.com/romania/codlea/las-vegas-games---codlea,0
https://www.thecasinos.com/romania/bucharest/las-vegas-games---bucuresti-calea-floreasca,0
https://www.thecasinos.com/netherlands/arnhem/jacks-casino-arnhem,0
https://www.thecasinos.com/united-states/hardin/far-west-casino,0
https://www.thecasinos.com/united-states/harlem/kennedys-bar,0
https://www.thecasinos.com/united-states/edgar/edgar-bar,0
https://www.thecasinos.com/united-kingdom/edinburgh/buzz-bingo-edinburgh-meadowbank,0
https://www.thecasinos.com/romania/buzau/las-vegas-games---buzau-romarta,0
https://www.thecasinos.com/romania/dolj/las-vegas-games---dej,0
https://www.thecasinos.com/romania/constanta/las-vegas-games---constanta-bulevardul-tomis,0
https://www.thecasinos.com/romania/constanta/las-vegas-games---constanta-soveja,0
https://www.thecasinos.com/romania/constanta/las-vegas-games---constanta-brotacei,0
https://www.thecasinos.com/romania/craiova/las-vegas-games---craiova-calea-bucuresti,0
https://www.thecasinos.com/romania/navodari/las-vegas-games---navodari-str-midiei,0
https://www.thecasinos.com/romania/targoviste/las-vegas-games---trgovite-din-bld-independenei,0
https://www.thecasinos.com/romania/targoviste/las-vegas-games---trgovite,0
https://www.thecasinos.com/united-states/red-lodge/silver-strike,0
https://www.thecasinos.com/united-states/great-falls/barrel-o-bucks-casino,0
https://www.thecasinos.com/romania/ploiesti/las-vegas-games---ploiesti-bulevardul-republicii,0
https://www.thecasinos.com/romania/falticeni/las-vegas-games---falticeni,0
https://www.thecasinos.com/romania/gura-humorului/las-vegas-games-gura-humorului,0
https://www.thecasinos.com/united-kingdom/maidstone/game-nation-maidstone,0
https://www.thecasinos.com/romania/suceava/las-vegas-games-suceava-calea-unirii,0
https://www.thecasinos.com/romania/stefanestii-de-jos/las-vegas-games---stefanestii-de-jos,0
https://www.thecasinos.com/romania/sinaia/las-vegas-games---sinaia-bulevardul-carol,0
https://www.thecasinos.com/romania/suceava/las-vegas-games---suceava-vicovu-de-sus,0
https://www.thecasinos.com/united-states/brooks/cache-creek-casino-resort,0
https://www.thecasinos.com/romania/bucharest/zodiac-sal-jocuri-1mai,0
https://www.thecasinos.com/belarus/vitebsk/club-avrora,0
https://www.thecasinos.com/romania/buzau/zodiac-sala-jocuri-buzau,0
https://www.thecasinos.com/romania/ploiesti/zodiac-sal-jocuri-ploieti,0
https://www.thecasinos.com/romania/focsani/las-vegas-games-focsani-bulevardul-unirii,0
https://www.thecasinos.com/romania/alba-iulia/baum-games---alba-iulia-bulevardul-transilvaniei,0
https://www.thecasinos.com/australia/somerset/the-somerset-hotel,0
https://www.thecasinos.com/slovakia/bratislava/galaxy-casino-bratislava---club-hron,0
https://www.thecasinos.com/united-states/hardin/red-eagle-casino,0
https://www.thecasinos.com/united-states/black-eagle/3-d-international-restaurant--lounge,0
https://www.thecasinos.com/romania/blaj/baum-games---blaj-strada-eroilor,0
https://www.thecasinos.com/romania/blaj/baum-games---blaj-strada-republicii,0
https://www.thecasinos.com/angola/luanda/imperador-777-casino,0
https://www.thecasinos.com/angola/lubango/imperador-bingo-benfica-casino,0
https://www.thecasinos.com/gambia/serrekunda/star-casino,0
https://www.thecasinos.com/congo/kinshasa/casino-salut,0
https://www.thecasinos.com/martinique/les-trois-ilets/casino-les-trois-ilets,0
https://www.thecasinos.com/french-guiana/cayenne/cayenne-casino,0
https://www.thecasinos.com/spain/soria/bingo-lara,0
https://www.thecasinos.com/czech-republic/humpolec/casino-bonver-humpolec,0
https://www.thecasinos.com/australia/benowa/benowa-tavern,0
https://www.thecasinos.com/australia/hervey-bay/kondari-hotel,0
https://www.thecasinos.com/czech-republic/ostrov/star-casino-ostrov,0
https://www.thecasinos.com/czech-republic/pardubice/herna-star-arena-pardubice-ii,0
https://www.thecasinos.com/austria/saalbach/concord-card-casino---saalbach,0
https://www.thecasinos.com/czech-republic/podebrady/casino-star-palace-podbrady,0
https://www.thecasinos.com/czech-republic/ceska-lipa/synot-tip-casino-ceska-lipa,0
https://www.thecasinos.com/czech-republic/hradec-kralove/casso-club-hradec-krlov,0
https://www.thecasinos.com/czech-republic/doksy/herna-max,0
https://www.thecasinos.com/united-states/great-falls/cashout-casino,0
https://www.thecasinos.com/czech-republic/sluknov/herna-american,0
https://www.thecasinos.com/czech-republic/turnov/herna-magic,0
https://www.thecasinos.com/czech-republic/jicin/herna-star,0
https://www.thecasinos.com/spain/zaragoza/el-dorado--borja,0
https://www.thecasinos.com/czech-republic/svitavy/herna-sportbar-svitavy,0
https://www.thecasinos.com/czech-republic/jindrichuv-hradec/herna-ab,0
https://www.thecasinos.com/czech-republic/znojmo/ab-herna,0
https://www.thecasinos.com/czech-republic/hodonin/herna-forbes-hodonn,0
https://www.thecasinos.com/czech-republic/prerov/herna-forbes-perov,0
https://www.thecasinos.com/united-states/big-arm/big-arm-resort--casino,0
https://www.thecasinos.com/slovakia/senec/monaco-davan-senec,0
https://www.thecasinos.com/slovakia/modra/monaco-modra,0
https://www.thecasinos.com/slovakia/lubotice/eurogold-game-club---ubotice,0
https://www.thecasinos.com/slovakia/michalovce/eurogold-game-club---michalovce,0
https://www.thecasinos.com/slovakia/nove-zamky/eurogold-game-club--nov-zmky,0
https://www.thecasinos.com/slovakia/presov/eurogold-game-club--preov,0
https://www.thecasinos.com/slovakia/kezmarok/las-vegas-kemarok,0
https://www.thecasinos.com/slovakia/presov/bellugio-preov,0
https://www.thecasinos.com/slovakia/brezno/starbar-brezno,0
https://www.thecasinos.com/slovakia/bratislava/diamond-game-club-bratislava,0
https://www.thecasinos.com/slovakia/ziar-nad-hronom/diamond-game-club-iar-nad-hronom,0
https://www.thecasinos.com/slovakia/martin/diamond-game-club-martin,0
https://www.thecasinos.com/united-states/black-eagle/little-chicago-club,0
https://www.thecasinos.com/united-kingdom/swansea/the-a-casino,0
https://www.thecasinos.com/slovakia/banovce-nad-bebravou/rio-club-bnovce-nad-bebravou,0
https://www.thecasinos.com/slovakia/trnava/hera-sofi,0
https://www.thecasinos.com/slovakia/liptovsky-mikulas/milion-club-liptovsk-mikul,0
https://www.thecasinos.com/romania/arad/777-red-sevens-arad---piaa-grii,0
https://www.thecasinos.com/spain/zaragoza/el-dorado--delicias,0
https://www.thecasinos.com/romania/arad/777-red-sevens-arad---andrei-mureanu,0
https://www.thecasinos.com/romania/arad/777-red-sevens-arad---aurel-vlaicu,0
https://www.thecasinos.com/romania/timisoara/777-red-sevens-timisoara---simion-brnuiu,0
https://www.thecasinos.com/romania/timisoara/777-red-sevens-timisoara---lacului,0
https://www.thecasinos.com/romania/bucharest/giurgiului-admiral-club,0
https://www.thecasinos.com/romania/bucharest/13-septembrie-2-admiral-club,0
https://www.thecasinos.com/united-kingdom/london/city-slots-kilburn-2,0
https://www.thecasinos.com/united-kingdom/birmingham/game-nation-kings-heath,0
https://www.thecasinos.com/united-kingdom/london/game-nation-lewisham,0
https://www.thecasinos.com/united-kingdom/london/play-to-win-london-victoria,0
https://www.thecasinos.com/united-kingdom/london/palace-amusements-neasden,0
https://www.thecasinos.com/united-kingdom/nottingham/oak-amusements-nottingham,0
https://www.thecasinos.com/united-kingdom/southampton/golden-touch-portswood,0
https://www.thecasinos.com/united-states/great-falls/buffalo-nickel-casino,0
https://www.thecasinos.com/denmark/copenhagen/casino-house---istedgade,0
https://www.thecasinos.com/united-kingdom/ramsgate/game-nation-ramsgate,0
https://www.thecasinos.com/united-kingdom/reading/golden-touch-reading,0
https://www.thecasinos.com/united-kingdom/romford/game-nation-romford,0
https://www.thecasinos.com/united-kingdom/mansfield/apollo-mansfield,0
https://www.thecasinos.com/united-kingdom/rhyl/apollo-rhyl,0
https://www.thecasinos.com/united-kingdom/donnington/globe-bingo-donnington,0
https://www.thecasinos.com/united-kingdom/worcester/majestic-bingo-worcester,0
https://www.thecasinos.com/united-kingdom/bishop-auckland/hippodrome-bingo-bishop-auckland,0
https://www.thecasinos.com/panama/panama-city/crown-casino-sheraton,0
https://www.thecasinos.com/united-kingdom/bexleyheath/buzz-bingo-bexleyheath,0
https://www.thecasinos.com/united-states/kenosha/hard-rock-casino-kenosha,0
https://www.thecasinos.com/spain/madrid/casino-aranjuez,0
https://www.thecasinos.com/australia/hobart/central-hotel-hobart,0
https://www.thecasinos.com/spain/algeciras/san-bernardo,0
https://www.thecasinos.com/spain/zaragoza/bingo-goya,0
https://www.thecasinos.com/spain/madrid/bingo-valverde,0
https://www.thecasinos.com/spain/madrid/bingo-pegaso,0
https://www.thecasinos.com/spain/salamanca/bingo-espaa,0
https://www.thecasinos.com/spain/jaca/bingo-jaca,0
https://www.thecasinos.com/spain/valladolid/bingo-90,0
https://www.thecasinos.com/kenya/nairobi/yongli-casino,0
https://www.thecasinos.com/united-states/great-falls/the-crown-lounge--casino,0
https://www.thecasinos.com/spain/valladolid/bingo-olid,0
https://www.thecasinos.com/spain/almeria/toka-game-room-albox-hernandez,0
https://www.thecasinos.com/spain/alicante/toka-game-room-alfas-del-pi,0
https://www.thecasinos.com/spain/alicante/toka-game-room-alicante-gran-va,0
https://www.thecasinos.com/spain/almeria/toka-game-room-almera-nico-i,0
https://www.thecasinos.com/spain/almeria/toka-game-room-almera-nico-iv,0
https://www.thecasinos.com/spain/almeria/toka-game-room-almera-nico-v,0
https://www.thecasinos.com/spain/badajoz/toka-game-room-badajoz-madroero,0
https://www.thecasinos.com/spain/barcelona/toka-game-room-barber-magic-center,0
https://www.thecasinos.com/spain/barcelona/toka-game-room-barcelona-lesseps,0
https://www.thecasinos.com/united-states/great-falls/black-eagle-country-club,0
https://www.thecasinos.com/spain/barcelona/toka-game-room-barcelona-meridiana,0
https://www.thecasinos.com/spain/barcelona/toka-game-room-barcelona-pi-i-molist,0
https://www.thecasinos.com/spain/barcelona/toka-game-room-barcelona-sardenya,0
https://www.thecasinos.com/spain/castellon/toka-game-room-benicarl-boters,0
https://www.thecasinos.com/spain/bilboa/toka-game-room-bilbao-allende,0
https://www.thecasinos.com/spain/alicante/toka-game-room-calpe-mir,0
https://www.thecasinos.com/spain/murcia/toka-game-room-caravaca-de-la-cruz,0
https://www.thecasinos.com/united-kingdom/swindon/merkur-slots-swindon,0
https://www.thecasinos.com/czech-republic/jindrichuv-hradec/casino-bonver-jindichv-hradec,0
https://www.thecasinos.com/czech-republic/veseli-nad-moravou/club-bonver-veseli-nad-moravou,0
https://www.thecasinos.com/spain/murcia/toka-game-room-cartagena-reserva,0
https://www.thecasinos.com/spain/castellon/toka-game-room-castelln,0
https://www.thecasinos.com/spain/castellon/toka-game-room-castelln-grao,0
https://www.thecasinos.com/spain/barcelona/toka-game-room-cornell-soler,0
https://www.thecasinos.com/spain/madrid/toka-game-room-coslada,0
https://www.thecasinos.com/spain/zaragoza/toka-game-room-cuarte-constitucin,0
https://www.thecasinos.com/spain/san-sebastian/toka-game-room-donosti-arrasate,0
https://www.thecasinos.com/spain/aranda-de-duero/toka-game-room-aranda-carrequemada,0
https://www.thecasinos.com/spain/el-ejido/toka-game-room-ejido-venezuela,0
https://www.thecasinos.com/spain/alicante/toka-game-room-elche-toscar,0
https://www.thecasinos.com/spain/logrono/toka-game-room-logroo-gran-via,0
https://www.thecasinos.com/united-states/fromberg/tomahawk-restaurant--casino,0
https://www.thecasinos.com/united-states/great-falls/bobos-casino,0
https://www.thecasinos.com/spain/fraga/toka-game-room-fraga,0
https://www.thecasinos.com/spain/madrid/toka-game-room-fuenlabrada-cobo,0
https://www.thecasinos.com/spain/valencia/toka-game-room-gandia-germanias,0
https://www.thecasinos.com/spain/madrid/toka-game-room-getafe-madrid,0
https://www.thecasinos.com/spain/barcelona/toka-game-room-granollers-golden,0
https://www.thecasinos.com/spain/granada/toka-game-room-guadix,0
https://www.thecasinos.com/spain/granada/toka-game-room-huetor-centro,0
https://www.thecasinos.com/spain/almeria/toka-game-room-la-caada,0
https://www.thecasinos.com/spain/almeria/toka-game-room-las-norias,0
https://www.thecasinos.com/spain/leon/toka-game-room-len-repblica-argentina,0
https://www.thecasinos.com/spain/murcia/toka-game-room-lorca-arcoiris,0
https://www.thecasinos.com/spain/madrid/toka-game-room-madrid-atocha,0
https://www.thecasinos.com/spain/madrid/toka-game-room-madrid-barajas,0
https://www.thecasinos.com/spain/madrid/toka-game-room-madrid-ferrari,0
https://www.thecasinos.com/spain/madrid/toka-game-room-madrid-josefa-daz,0
https://www.thecasinos.com/spain/madrid/toka-game-room-madrid-usera,0
https://www.thecasinos.com/united-states/north-randall/jack-thistledown-racino,0
https://www.thecasinos.com/united-states/great-falls/the-club-cigar,0
https://www.thecasinos.com/germany/fulda/storm-casino-fulda---altstadt,0
https://www.thecasinos.com/spain/madrid/toka-game-room-madrid-villaverde,0
https://www.thecasinos.com/spain/barcelona/toka-game-room-manresa-muralla,0
https://www.thecasinos.com/spain/malaga/toka-game-room-marbella-las-vegas-1,0
https://www.thecasinos.com/spain/zaragoza/el-dorado--casetas,0
https://www.thecasinos.com/spain/badajoz/toka-game-room-mrida-juan-carlos,0
https://www.thecasinos.com/spain/malaga/toka-game-room-mijas-coin,0
https://www.thecasinos.com/spain/girona/toka-game-room-platja-daro-magic-park,0
https://www.thecasinos.com/spain/castellon/toka-game-room-pescola-bayarri,0
https://www.thecasinos.com/spain/tarragona/toka-game-room-reus-casinet,0
https://www.thecasinos.com/spain/tarragona/toka-game-room-reus-casinet-2,0
https://www.thecasinos.com/spain/salamanca/toka-game-room-salamanca-picadilly,0
https://www.thecasinos.com/spain/alicante/toka-game-room-san-juan-alicante,0
https://www.thecasinos.com/spain/san-pedro-de-alcantar/toka-game-room-san-pedro-macas,0
https://www.thecasinos.com/spain/sevilla/toka-game-room-sevilla-artesa,0
https://www.thecasinos.com/spain/sevilla/toka-game-room-sevilla-macao,0
https://www.thecasinos.com/spain/soria/toka-game-room-soria-av-navarra-soria,0
https://www.thecasinos.com/spain/sevilla/toka-game-room-tocina-macao,0
https://www.thecasinos.com/spain/barcelona/toka-game-room-tordera-la-farinera,0
https://www.thecasinos.com/macau/macau/casino-crystal-palace,0
https://www.thecasinos.com/united-states/red-lodge/blue-ribbon-bar,0
https://www.thecasinos.com/united-states/red-lodge/the-snag-bar,0
https://www.thecasinos.com/spain/girona/costa-brava,0
https://www.thecasinos.com/finland/rovaniemi/feel-vegas-casino-rovaniemi,0
https://www.thecasinos.com/united-states/cascade/the-angus-bar,0
https://www.thecasinos.com/spain/valencia/toka-game-room-valencia-billares,0
https://www.thecasinos.com/spain/valencia/toka-game-room-valencia-oeste,0
https://www.thecasinos.com/spain/valencia/toka-game-room-valencia-pius,0
https://www.thecasinos.com/spain/zaragoza/el-dorado--fabiola,0
https://www.thecasinos.com/spain/valencia/toka-game-room-valencia-salamanca,0
https://www.thecasinos.com/spain/valencia/toka-game-room-valencia-waksman,0
https://www.thecasinos.com/spain/castellon/toka-game-room-vall-de-ux,0
https://www.thecasinos.com/spain/valladolid/toka-game-room-valladolid-santa-clara,0
https://www.thecasinos.com/spain/barcelona/toka-game-room-viladecans-narcs-monturiol,0
https://www.thecasinos.com/spain/viladecans/toka-game-room-viladecans-sant-joan,0
https://www.thecasinos.com/spain/barcelona/toka-game-room-viladecans-sant-joan,0
https://www.thecasinos.com/spain/vitoria/toka-game-room-vitoria-de-cine-2,0
https://www.thecasinos.com/spain/zamora/toka-game-room-zamora-ruleta-park,0
https://www.thecasinos.com/spain/zaragoza/toka-game-room-zaragoza-av-madrid,0
https://www.thecasinos.com/spain/zaragoza/toka-game-room-zaragoza-fortuny,0
https://www.thecasinos.com/united-states/great-falls/loading-zone-bar--casino,0
https://www.thecasinos.com/united-states/anaconda/mining-co-saloon--casino,0
https://www.thecasinos.com/united-states/great-falls/double-nickel-casino,0
https://www.thecasinos.com/united-states/belt/belt-creek-brew-pub,0
https://www.thecasinos.com/morocco/agadir/casino-atlantic-agadir,0
https://www.thecasinos.com/spain/cadiz/andaluca-bingo-hall,0
https://www.thecasinos.com/spain/malaga/cayri-bingo-hall,0
https://www.thecasinos.com/spain/bilboa/arizona-bingo-hall,0
https://www.thecasinos.com/spain/zaragoza/el-dorado---bravo-murillo,0
https://www.thecasinos.com/spain/zaragoza/el-dorado--montera,0
https://www.thecasinos.com/spain/zaragoza/el-dorado---toms-borrs,0
https://www.thecasinos.com/spain/zaragoza/el-dorado---navavrre,0
https://www.thecasinos.com/spain/zaragoza/el-dorado---estella-lizarra,0
https://www.thecasinos.com/spain/zaragoza/el-dorado---avda-navarra,0
https://www.thecasinos.com/spain/valencia/el-dorado--manises,0
https://www.thecasinos.com/spain/valencia/el-dorado--torrente,0
https://www.thecasinos.com/spain/valencia/el-dorado--totana,0
https://www.thecasinos.com/united-states/luther/harrahs-oklahoma,0
https://www.thecasinos.com/uruguay/san-jose/sala-san-jose,0
https://www.thecasinos.com/dominican-republic/punta-cana/hard-rock-casino-punta-cana,0
https://www.thecasinos.com/philippines/subic/casino-filipino-olongapo,0
https://www.thecasinos.com/united-states/reno/dottys-casino---reno,0
https://www.thecasinos.com/united-states/seabrook/the-brook,0
https://www.thecasinos.com/united-states/ignacio/sky-ute-casino-resort,0
https://www.thecasinos.com/cyprus/paphos/cyprus-casinos-paphos,0
https://www.thecasinos.com/united-states/peshawbestown/leelanau-sands-casino--lodge,0
https://www.thecasinos.com/united-states/anaconda/donivans-bar--casino,0
https://www.thecasinos.com/united-states/northfield/mgm-northfield-park,0
https://www.thecasinos.com/united-states/cascade/driftwood-bar--grill,0
https://www.thecasinos.com/united-states/vaughn/the-office-bar-and-motel,0
https://www.thecasinos.com/united-states/vaughn/gateway-casino,0
https://www.thecasinos.com/slovakia/nove-zamky/kajot-intacto-nov-zmky-tefnika,0
https://www.thecasinos.com/romania/borsa/las-vegas-games---borsa,0
https://www.thecasinos.com/seychelles/victoria/victoria-international-casino,0
https://www.thecasinos.com/slovakia/zilina/galaxy-casino-ilina---bajzova,0
https://www.thecasinos.com/united-kingdom/london/las-vegas-london-soho,0
https://www.thecasinos.com/belgium/berlare/starcasinobe-berlare,0
https://www.thecasinos.com/australia/biloela/settlers-tavern,0
https://www.thecasinos.com/australia/gympie/phoenix-hotel,0
https://www.thecasinos.com/australia/kawana-waters/kawana-waters-hotel,0
https://www.thecasinos.com/united-states/milwaukee/potawatomi-hotel--casino,0
https://www.thecasinos.com/south-korea/incheon/midan-city-resort-complex,0
https://www.thecasinos.com/united-kingdom/coventry/genting-casino-coventry,0
https://www.thecasinos.com/mexico/san-luis-rio-colorado/big-bola-casino-san-luis-rio-colorado,0
https://www.thecasinos.com/united-states/dayton/hollywood-gaming-at-dayton-raceway,0
https://www.thecasinos.com/united-states/casper/the-beacon-club-otb,0
https://www.thecasinos.com/united-states/great-falls/fat-tuesdays-casino,0
https://www.thecasinos.com/united-states/big-sandy/peps,0
https://www.thecasinos.com/united-states/vaughn/silver-spur-saloon,0
https://www.thecasinos.com/united-states/vaughn/silver-dollar-casino,0
https://www.thecasinos.com/united-states/great-falls/the-other-place,0
https://www.thecasinos.com/spain/avila/bingo-abulense,0
https://www.thecasinos.com/mexico/alvaro-obregon/big-bola-casino-santa-fe,0
https://www.thecasinos.com/united-kingdom/liverpool/genting-casino-liverpool-queen-square,0
https://www.thecasinos.com/united-states/park-city/crosswinds-casino,0
https://www.thecasinos.com/vietnam/ho-chi-minh-city/club-v-e-gaming,0
https://www.thecasinos.com/united-states/newport/newport-racing-and-gaming,0
https://www.thecasinos.com/czech-republic/olomouc/kajot-intacto-olomouc-antovka,0
https://www.thecasinos.com/romania/bucharest/maxbet-bucuresti-pantelimon-285,0
https://www.thecasinos.com/mexico/agua-prieta/m-casino-agua-prita,0
https://www.thecasinos.com/united-states/great-falls/the-do-bar-casino,0
https://www.thecasinos.com/united-states/great-falls/the-alumni-club-and-casino,0
https://www.thecasinos.com/slovakia/kosice/galaxy-casino-kosice---nakupna-galeria-nasa,0
https://www.thecasinos.com/costa-rica/puntarenas/los-suenos-marriot-golf-resort--stellaris-casino,0
https://www.thecasinos.com/australia/lawnton/lawnton-tavern,0
https://www.thecasinos.com/romania/bucharest/maxbet-bucuresti-cora-alexandriei,0
https://www.thecasinos.com/united-states/newkirk/southwind-casino---newkirk,0
https://www.thecasinos.com/germany/kiel/casino-kiel,0
https://www.thecasinos.com/united-states/great-falls/montana-lils-casino---great-falls,0
https://www.thecasinos.com/lithuania/vilnius/admiral-club-vilnius-svitrigailos-st,0
https://www.thecasinos.com/united-states/great-falls/max-casino--sports-bar,0
https://www.thecasinos.com/united-states/lewistown/lucky-lils-casino-of-lewistown,0
https://www.thecasinos.com/france/leucate/casino-circus-de-leucate,0
https://www.thecasinos.com/slovakia/poprad/casino-excel-poprad,0
https://www.thecasinos.com/slovakia/bratislava/excel-club-bratislava-pribisova,0
https://www.thecasinos.com/slovakia/topolcany/hera-a-bar-pod-potou-topoany,0
https://www.thecasinos.com/belgium/quevy/golden-palace-quvy,0
https://www.thecasinos.com/netherlands/roermond/sidetrack-lounge-and-loose-caboose-casino,0
https://www.thecasinos.com/belgium/bree/speelhal-bree,0
https://www.thecasinos.com/colombia/cali/crown-casino---cali,0
https://www.thecasinos.com/australia/mt-gravatt/mount-gravatt-hotel,0
https://www.thecasinos.com/australia/camp-hill/camp-hill-hotel,0
https://www.thecasinos.com/spain/jaen/toka-game-room-jan,0
https://www.thecasinos.com/united-states/glendive/lucky-lils-casino-of-glendive,0
https://www.thecasinos.com/panama/panama-city/fantastic-casino-el-fuerte,0
https://www.thecasinos.com/canada/calgary/ace-casino-blackfoot,0
https://www.thecasinos.com/slovenia/kozina/casino--hotel-admiral-mediteran,0
https://www.thecasinos.com/croatia/rijeka/kajot-intacto-viskovo,0
https://www.thecasinos.com/croatia/split/maxbet-split,0
https://www.thecasinos.com/slovakia/trnava/hera-magnus-game---paulnska,0
https://www.thecasinos.com/slovakia/trnava/club--bar-duma-play,0
https://www.thecasinos.com/slovakia/holic/club--bar-ag-play-hol,0
https://www.thecasinos.com/slovakia/trencin/club--bar-ag-play-trenn,0
https://www.thecasinos.com/slovakia/samorin/club--bar-ag-play-amorn,0
https://www.thecasinos.com/slovakia/lucenec/club--bar-ag-play-luenec,0
https://www.thecasinos.com/united-states/great-falls/players-ii-casino,0
https://www.thecasinos.com/united-states/great-falls/hollis-hi-ho-tavern,0
https://www.thecasinos.com/united-states/great-falls/north-40-bar,0
https://www.thecasinos.com/united-states/great-falls/nickel-nats-casino,0
https://www.thecasinos.com/slovakia/hlohovec/club--bar-ag-play-hlohovec,0
https://www.thecasinos.com/slovakia/partizanske/royal-club-partiznske,0
https://www.thecasinos.com/slovakia/zlate-moravce/royal-club-zlat-moravce,0
https://www.thecasinos.com/slovakia/rimavska-sobota/golden-park--golden-club,0
https://www.thecasinos.com/united-states/las-vegas/luxor-casino---las-vegas,0
https://www.thecasinos.com/vietnam/ho-chi-minh-city/club-dynasty-at-rex-hotel-saigon,0
https://www.thecasinos.com/panama/colon/fantastic-casino-colon-2000,0
https://www.thecasinos.com/mexico/guadalajara/capri-casino-guadalajara,0
https://www.thecasinos.com/united-states/salem/salem-intertribal-project,0
https://www.thecasinos.com/czech-republic/melnik/casino-magic-planet-mlnk,0
https://www.thecasinos.com/romania/oradea/777-red-sevens-bihor---aradului,0
https://www.thecasinos.com/argentina/parana/neo-sala-de-juegos-jockey-entre-ros,0
https://www.thecasinos.com/australia/new-farm/brunswick-hotel,0
https://www.thecasinos.com/romania/bihor/777-red-sevens-bihor---aled,0
https://www.thecasinos.com/romania/bihor/777-red-sevens-bihor---marghita,0
https://www.thecasinos.com/romania/cluj-napoca/777-red-sevens-cluj---fabricii,0
https://www.thecasinos.com/egypt/alexandria/el-salamlek-palace-casino,0
https://www.thecasinos.com/romania/cluj-napoca/777-red-sevens-cluj---aurel-vlaicu,0
https://www.thecasinos.com/romania/arad/777-red-sevens-arad---vasile-lucaciu,0
https://www.thecasinos.com/romania/arad/777-red-sevens-arad---tefan-cel-mare,0
https://www.thecasinos.com/romania/arad/777-red-sevens-arad---calea-aurel-vlaicu,0
https://www.thecasinos.com/romania/timisoara/777-red-sevens-timisoara---sever-bocu,0
https://www.thecasinos.com/romania/iasi/777-red-sevens-iai---socola,0
https://www.thecasinos.com/romania/iasi/777-red-sevens-iai---pcurari,0
https://www.thecasinos.com/romania/bacau/777-red-sevens-bacu---stefan-cel-mare,0
https://www.thecasinos.com/united-states/waterloo/isle-of-capri-casino-waterloo,0
https://www.thecasinos.com/romania/targu-mures/maxbet-trgu-mure,0
https://www.thecasinos.com/slovakia/dunajska-streda/kajot-intacto-dunajsk-streda,0
https://www.thecasinos.com/mexico/zapopan/casino-majestic,0
https://www.thecasinos.com/united-states/tunica/ballys-casino,0
https://www.thecasinos.com/united-states/great-falls/ike--susans-lounge--casino,0
https://www.thecasinos.com/czech-republic/bojkovice/synot-tip-casino-bojkovice,0
https://www.thecasinos.com/canada/castlegar/chances-casino---castlegar,0
https://www.thecasinos.com/slovakia/svidnik/eurogold-game-club--svidnk,0
https://www.thecasinos.com/slovakia/zvolen/milion-club-zvolen,0
https://www.thecasinos.com/romania/bucharest/baneasa-admiral-club,0
https://www.thecasinos.com/romania/bucharest/gara-de-nord-admiral-club,0
https://www.thecasinos.com/romania/bucharest/iancului-admiral-club,0
https://www.thecasinos.com/romania/bucharest/baba-novac-admiral-club,0
https://www.thecasinos.com/romania/bucharest/cosbuc-admiral-club,0
https://www.thecasinos.com/romania/bucharest/oltenitei-admiral-club,0
https://www.thecasinos.com/romania/bucharest/unirii-admiral-club,0
https://www.thecasinos.com/united-states/great-falls/johnnys-bar--casino,0
https://www.thecasinos.com/croatia/koprivnica/casino-cezar-koprivnica,0
https://www.thecasinos.com/romania/bucharest/kogalniceanu-admiral-club,0
https://www.thecasinos.com/romania/bucharest/crangasi-admiral-club,0
https://www.thecasinos.com/romania/onesti/bacau-admiral-club---oneti-1,0
https://www.thecasinos.com/united-states/henderson/inspirada-resort-and-casino,0
https://www.thecasinos.com/romania/oradea/oradea-admiral-club,0
https://www.thecasinos.com/romania/braila/admiral-club-brila-2,0
https://www.thecasinos.com/romania/brasov/braov-victoriei-admiral-club,0
https://www.thecasinos.com/romania/calarasi/clrai-2-admiral-club,0
https://www.thecasinos.com/ireland/cork/victoria-casino,0
https://www.thecasinos.com/slovenia/celje/casino-faraon,0
https://www.thecasinos.com/romania/bucharest/maxbet-bucuresti-septembrie-115,0
https://www.thecasinos.com/romania/bucharest/maxbet-bucuresti-vatra-luminoasa,0
https://www.thecasinos.com/romania/bucharest/maxbet-bucuresti-drumul-taberei-140,0
https://www.thecasinos.com/czech-republic/orlova/casino-magic-planet-orlov,0
https://www.thecasinos.com/czech-republic/prague/casino-magic-planet-praha-9,0
https://www.thecasinos.com/argentina/posadas/casino-club-tragamonedas-rotonda,0
https://www.thecasinos.com/romania/constanta/c-a-soveja-admiral-club,0
https://www.thecasinos.com/romania/targoviste/targoviste-2-admiral-club,0
https://www.thecasinos.com/romania/giurgiu/giurgiu-admiral-club,0
https://www.thecasinos.com/united-states/highwood/elmos-highwood-bar,0
https://www.thecasinos.com/united-states/fort-benton/palace-bar,0
https://www.thecasinos.com/romania/slobozia/slobozia-matei-basarab-2,0
https://www.thecasinos.com/romania/afumati/doraly-admiral-club,0
https://www.thecasinos.com/romania/bucharest/popesti-leordeni-admiral-club,0
https://www.thecasinos.com/romania/campina/campina-admiral-club,0
https://www.thecasinos.com/romania/ploiesti/ploiesti-winmarkt-admiral-club,0
https://www.thecasinos.com/romania/alexandria/alexandria-admiral-club,0
https://www.thecasinos.com/romania/vaslui/vaslui-admiral-club,0
https://www.thecasinos.com/romania/sibiu/million-casino-sibiu,0
https://www.thecasinos.com/romania/bucharest/million-casino-bucureti---bneasa,0
https://www.thecasinos.com/romania/constanta/maxbet-constanta-corall,0
https://www.thecasinos.com/czech-republic/prague/casino-san-marco-krizikova---prague,0
https://www.thecasinos.com/romania/arad/las-vegas-games---arad-aleea-borsec,0
https://www.thecasinos.com/romania/bucharest/las-vegas-games---bucuresti-calea-crangasi,0
https://www.thecasinos.com/romania/jilava/las-vegas-games---jilava,0
https://www.thecasinos.com/romania/bucharest/winbet-doamna-ghica,0
https://www.thecasinos.com/romania/buzau/buzau-admiral-club,0
https://www.thecasinos.com/romania/bucharest/million-casino-bucureti---crngai,0
https://www.thecasinos.com/romania/focsani/million-casino-focani---promenada-mall,0
https://www.thecasinos.com/bulgaria/kulata/finix-casino-bulgaria,0
https://www.thecasinos.com/united-states/baker/baker-club,0
https://www.thecasinos.com/united-states/baker/thee-garage--steakhouse,0
https://www.thecasinos.com/united-kingdom/doncaster/buzz-bingo-doncaster,0
https://www.thecasinos.com/romania/bacau/million-casino-bacu---str-mihai-viteazu,0
https://www.thecasinos.com/romania/lugoj/million-casino-lugoj,0
https://www.thecasinos.com/romania/buzau/million-casino-buzu,0
https://www.thecasinos.com/romania/craiova/million-casino-craiova---calea-bucureti,0
https://www.thecasinos.com/romania/craiova/million-casino-craiova---piaa-grii,0
https://www.thecasinos.com/romania/piatra-neamt/million-casino-piatra-neam,0
https://www.thecasinos.com/romania/targoviste/million-casino-trgovite,0
https://www.thecasinos.com/united-kingdom/newton-abbot/the-royal-casino,0
https://www.thecasinos.com/united-kingdom/livingston/admiral-livingston,0
https://www.thecasinos.com/united-kingdom/greenock/admiral-greenock,0
https://www.thecasinos.com/united-states/baker/heisers-bar-and-casino,0
https://www.thecasinos.com/united-states/baker/corner-bar,0
https://www.thecasinos.com/south-africa/cape-town/kenilworth-racecourse,0
https://www.thecasinos.com/kenya/nairobi/bollywood-casino-at-royal-orchid,0
https://www.thecasinos.com/romania/bacau/las-vegas-games---bacau-garii,0
https://www.thecasinos.com/romania/sibiu/las-vegas-games---sibiu-mihai-viteazu,0
https://www.thecasinos.com/romania/brasov/baum-games---brasov-calea-bucuresti-nr102,0
https://www.thecasinos.com/romania/bucharest/admiral-adam,0
https://www.thecasinos.com/india/panaji/majestic-pride-casino,0
https://www.thecasinos.com/madagascar/antananarivo/casino-mellis,0
https://www.thecasinos.com/canada/toronto/canadian-national-exhibition-casino,0
https://www.thecasinos.com/czech-republic/veseli-nad-moravou/club-bonver-veseli-nad-moravou---masarykova,0
https://www.thecasinos.com/czech-republic/roznov-pod-radhostem/casino-bonver-ronov-pod-radhotm,0
https://www.thecasinos.com/united-kingdom/barking/game-nation-barking,0
https://www.thecasinos.com/united-kingdom/london/game-nation-camden,0
https://www.thecasinos.com/united-kingdom/chelmsford/gaming-fun-chelmsford,0
https://www.thecasinos.com/united-kingdom/glasgow/admiral-glasgow,0
https://www.thecasinos.com/united-kingdom/clapham/city-slots-clapham,0
https://www.thecasinos.com/united-kingdom/london/game-nation-deptford,0
https://www.thecasinos.com/united-kingdom/london/gaming-fun-east-ham,0
https://www.thecasinos.com/united-states/glendive/wagon-wheel-bar,0
https://www.thecasinos.com/united-states/glendive/joes-casino--poker-room,0
https://www.thecasinos.com/united-kingdom/folkestone/game-nation-folkestone,0
https://www.thecasinos.com/united-kingdom/ipswich/game-nation-ipswich,0
https://www.thecasinos.com/united-states/sequim/7-cedars-casino,0
https://www.thecasinos.com/united-states/west-fargo/m--j-brand-saloon,0
https://www.thecasinos.com/czech-republic/prague/borneo-hotel-olympik,0
https://www.thecasinos.com/portugal/funchal/casino-da-madeira,0
https://www.thecasinos.com/romania/iasi/million-casino-iai---hotel-moldova,0
https://www.thecasinos.com/kenya/mombasa/leisure-lodge-casino-mombasa,0
https://www.thecasinos.com/czech-republic/liberec/merkur-casino-liberec,0
https://www.thecasinos.com/czech-republic/prague/casino-nemesis-praha-9,0
https://www.thecasinos.com/czech-republic/hradec-kralove/casino-power-hradec-kralove---havlkova,0
https://www.thecasinos.com/czech-republic/plzen/herna-rio-bar,0
https://www.thecasinos.com/czech-republic/klasterec-nad-ohri/herna-skorpio,0
https://www.thecasinos.com/czech-republic/krupka/herna-apolo-krupka,0
https://www.thecasinos.com/united-kingdom/london/play-to-win-london-chinatown,0
https://www.thecasinos.com/united-kingdom/margate/game-nation-margate,0
https://www.thecasinos.com/united-kingdom/newark/oak-amusements-newark,0
https://www.thecasinos.com/united-states/black-hawk/isle-of-capri-hotel-casino,0
https://www.thecasinos.com/united-states/gary/hard-rock-casino-northern-indiana,0
https://www.thecasinos.com/united-states/roberts/lost-village-saloon,0
https://www.thecasinos.com/united-states/miles-city/gallaghers-game-time-grill,0
https://www.thecasinos.com/united-states/miles-city/bison-bar,0
https://www.thecasinos.com/united-states/roscoe/grizzly-bar,0
https://www.thecasinos.com/united-states/friant/table-mountain-casino-resort,0
https://www.thecasinos.com/united-states/scobey/r-turs-saloon,0
https://www.thecasinos.com/united-kingdom/portsmouth/golden-touch-portsmouth,0
https://www.thecasinos.com/united-kingdom/ripley/oak-amusements-ripley,0
https://www.thecasinos.com/united-kingdom/southampton/golden-touch-shirley,0
https://www.thecasinos.com/united-kingdom/london/game-nation-tooting,0
https://www.thecasinos.com/united-kingdom/london/city-slots-walthamstow,0
https://www.thecasinos.com/united-kingdom/barrow-in-furness/apollo-barrow,0
https://www.thecasinos.com/netherlands/zeist/jacks-casino-zeist,0
https://www.thecasinos.com/slovakia/nitra/merkur-casino---nitra,0
https://www.thecasinos.com/costa-rica/san-jose/casino-fiesta-aurola,0
https://www.thecasinos.com/czech-republic/veseli-nad-moravou/synot-tip-casino-veseli-nad-moravou,0
https://www.thecasinos.com/czech-republic/jindrichuv-hradec/herna-magic-planet,0
https://www.thecasinos.com/czech-republic/valasske-mezirici/casino-forbes-valask-mezi,0
https://www.thecasinos.com/united-kingdom/spalding/regent-bingo-spalding,0
https://www.thecasinos.com/united-kingdom/aldershot/buzz-bingo-aldershot,0
https://www.thecasinos.com/united-kingdom/ashton-under-lyne/buzz-bingo-ashton,0
https://www.thecasinos.com/united-kingdom/basildon/buzz-bingo-basildon,0
https://www.thecasinos.com/united-kingdom/manchester/buzz-bingo-belle-vue,0
https://www.thecasinos.com/united-kingdom/birmingham/buzz-bingo-birmingham,0
https://www.thecasinos.com/united-kingdom/borehamwood/buzz-bingo-borehamwood,0
https://www.thecasinos.com/argentina/choele-choel/casino-del-rio-choele-choel,0
https://www.thecasinos.com/united-states/lewistown/western-casino--liquor-store,0
https://www.thecasinos.com/united-states/lewistown/stockmans-casino-of-fergus-county,0
https://www.thecasinos.com/united-states/lewistown/snowy-lanes,0
https://www.thecasinos.com/united-states/lewistown/docs-casino-sports-bar-grill,0
https://www.thecasinos.com/united-states/miles-city/treasure-cove-casino,0
https://www.thecasinos.com/united-states/scobey/dead-horse,0
https://www.thecasinos.com/united-states/scobey/banjos-club-109,0
https://www.thecasinos.com/united-states/miles-city/yellowstone-tavern,0
https://www.thecasinos.com/united-states/great-falls/fortunes-casino,0
https://www.thecasinos.com/united-kingdom/bristol/buzz-bingo-bristol-fishponds,0
https://www.thecasinos.com/united-kingdom/castleford/buzz-bingo-castleford,0
https://www.thecasinos.com/united-kingdom/clacton-on-sea/buzz-bingo-clacton-on-sea,0
https://www.thecasinos.com/united-kingdom/coventry/buzz-bingo-coventry-savoy,0
https://www.thecasinos.com/czech-republic/lesni-hluboke/casso-club-lesn-hlubok,0
https://www.thecasinos.com/slovakia/zilina/galaxy-casino-ilina---d-dlabaca,0
https://www.thecasinos.com/czech-republic/kurim/casino-magic-planet-kuim,0
https://www.thecasinos.com/czech-republic/roudnice-nad-labem/herna-bar-alcapone,0
https://www.thecasinos.com/czech-republic/roudnice-nad-labem/herna-bar-9999,0
https://www.thecasinos.com/slovakia/partizanske/monaco-partiznske,0
https://www.thecasinos.com/slovakia/liptovsky-mikulas/excel-club-liptovsky-mikulas-oc-retail-park,0
https://www.thecasinos.com/slovakia/kysucke-nove-mesto/rio-club-kysuck-nov-mesto,0
https://www.thecasinos.com/united-states/bigfork/flathead-jackpot-casino,0
https://www.thecasinos.com/united-states/albuquerque/isleta-casino--resort,0
https://www.thecasinos.com/slovakia/nove-zamky/rio-club-nov-zmky,0
https://www.thecasinos.com/slovakia/nove-zamky/hera-vegas-play,0
https://www.thecasinos.com/united-kingdom/dundee/buzz-bingo-dundee,0
https://www.thecasinos.com/united-kingdom/fenton/buzz-bingo-fenton,0
https://www.thecasinos.com/united-kingdom/grantham/buzz-bingo-grantham,0
https://www.thecasinos.com/united-kingdom/irvine/buzz-bingo-irvine,0
https://www.thecasinos.com/united-kingdom/keighley/buzz-bingo-keighley,0
https://www.thecasinos.com/united-kingdom/lincoln/buzz-bingo-lincoln,0
https://www.thecasinos.com/united-kingdom/blackpool/coral-island-casino,0
https://www.thecasinos.com/belgium/aalst/napoleon-sportsbetting-aalst,0
https://www.thecasinos.com/belgium/sint-jans-molenbeek/napoleon-games---casino-brussel,0
https://www.thecasinos.com/belgium/affligem/napoleon-games---casino-affligem,0
https://www.thecasinos.com/united-states/sparks/nugget-casino-resort-sparks,0
https://www.thecasinos.com/slovakia/dubnica-nad-vahom/club--bar-ag-play-dubnica-nad-vhom,0
https://www.thecasinos.com/netherlands/uden/fair-play-casino---uden,0
https://www.thecasinos.com/albania/korce/admiral-club-furgona,0
https://www.thecasinos.com/united-states/great-falls/triple-play-casino,0
https://www.thecasinos.com/united-states/glendive/southside-tavern,0
https://www.thecasinos.com/china/shanghai/royal-caribbean-international---mariner-of-the-seas,0
https://www.thecasinos.com/mexico/reynosa/casino-black-21,0
https://www.thecasinos.com/united-states/fort-lauderdale/princess-cruises---regal-princess,0
https://www.thecasinos.com/united-states/great-falls/j-rs-casino,0
https://www.thecasinos.com/angola/luanda/imperador-morro-bento-casino,0
https://www.thecasinos.com/romania/pitesti/cashpot-pitesti,0
https://www.thecasinos.com/belgium/de-panne/napoleon-games---casino-de-panne-nieuwpoortlaan,0
https://www.thecasinos.com/belgium/harelbeke/napoleon-games---casino-harelbeke,0
https://www.thecasinos.com/belgium/ninove/napoleon-games---casino-ninove,0
https://www.thecasinos.com/belgium/quievrain/family-game-center---quievrain,0
https://www.thecasinos.com/belgium/brussels/golden-palace-bourse,0
https://www.thecasinos.com/belgium/brussels/golden-palace-de-brouckre,0
https://www.thecasinos.com/belgium/brussels/golden-palace-saint-josse,0
https://www.thecasinos.com/belgium/pecq/golden-palace-pecq,0
https://www.thecasinos.com/belgium/charleroi/golden-palace-charleroi,0
https://www.thecasinos.com/czech-republic/semily/herna-royal-club,0
https://www.thecasinos.com/czech-republic/kutna-hora/herna-fanatic,0
https://www.thecasinos.com/czech-republic/mikulov/herna-galant,0
https://www.thecasinos.com/albania/gjirokaster/admiral-club-gjirokaster,0
https://www.thecasinos.com/united-states/flaxville/bum-steer-bar--casino,0
https://www.thecasinos.com/united-states/miles-city/olive-lounge,0
https://www.thecasinos.com/argentina/misiones/casino-de-apstoles,0
https://www.thecasinos.com/romania/cluj-napoca/777-red-sevens-cluj---dunrii,0
https://www.thecasinos.com/romania/bucharest/tunel-admiral-club,0
https://www.thecasinos.com/romania/braila/admiral-club-brila-1,0
https://www.thecasinos.com/romania/deva/deva-admiral-club,0
https://www.thecasinos.com/romania/vaslui/walter-maracineanu-admiral-club,0
https://www.thecasinos.com/romania/craiova/million-casino-craiova---electroputere-mall,0
https://www.thecasinos.com/united-kingdom/aberdeen/buzz-bingo-aberdeen,0
https://www.thecasinos.com/belgium/liege/golden-palace-grce-hollogne,0
https://www.thecasinos.com/belgium/estaimpuis/family-game-center---estaimpuis,0
https://www.thecasinos.com/philippines/cebu-city/casino-filipino---cebu,0
https://www.thecasinos.com/belgium/antwerpen/starcasinobe-antwerp,0
https://www.thecasinos.com/belgium/zellik/starcasinobe-asse-zellik,0
https://www.thecasinos.com/belgium/brussels/starcasinobe-brussels,0
https://www.thecasinos.com/belgium/overijse/starcasinobe-overijse,0
https://www.thecasinos.com/belgium/zingem/casino-zingem,0
https://www.thecasinos.com/united-states/red-lodge/knotty-casino,0
https://www.thecasinos.com/united-states/columbia-falls/columbia-bar,0
https://www.thecasinos.com/argentina/villa-de-merlo/casino-golden-palace---merlo,0
https://www.thecasinos.com/spain/las-palmas/gran-casino-antigua-fuerteventura,0
https://www.thecasinos.com/united-states/poplar/tribal-express-casino,0
https://www.thecasinos.com/botswana/francistown/sedibeng-casino,0
https://www.thecasinos.com/estonia/tartu/olympic-casino-tasku,0
https://www.thecasinos.com/estonia/tartu/olympic-casino-lunakeskus,0
https://www.thecasinos.com/united-states/bay-saint-louis/hollywood-casino-gulf-coast,0
https://www.thecasinos.com/colombia/monteria/casino-havana-montera,0
https://www.thecasinos.com/united-kingdom/kirkcaldy/admiral-kirkcaldy,0
https://www.thecasinos.com/united-kingdom/portsmouth/game-nation-portsmouth,0
https://www.thecasinos.com/united-kingdom/sheffield/game-nation-sheffield,0
https://www.thecasinos.com/ghana/accra/labadi-beach-hotel-casino,0
https://www.thecasinos.com/belgium/wavre/le-vincennes-wavre,0
https://www.thecasinos.com/belgium/aubange/golden-palace-athus,0
https://www.thecasinos.com/belgium/beveren/golden-vegas-beveren,0
https://www.thecasinos.com/belgium/boussu/golden-vegas-boussu,0
https://www.thecasinos.com/belgium/deerlijk/golden-vegas-deerlijk,0
https://www.thecasinos.com/united-states/moore/eddies-corner,0
https://www.thecasinos.com/united-states/fort-benton/pour-house-saloon,0
https://www.thecasinos.com/panama/panama-city/black-spade-casino-panam,0
https://www.thecasinos.com/belgium/pecq/golden-vegas-pecq,0
https://www.thecasinos.com/belgium/sint-truiden/golden-vegas-saint-trond,0
https://www.thecasinos.com/belgium/harelbeke/casino-carousel,0
https://www.thecasinos.com/belgium/quevy/circus-casino-quvy,0
https://www.thecasinos.com/belgium/chapelle-lez-herlaimont/circus-casino-chapel,0
https://www.thecasinos.com/spain/santandar/gran-casino-sardinero,0
https://www.thecasinos.com/slovakia/poprad/monaco-club-poprad,0
https://www.thecasinos.com/united-kingdom/wolverhampton/buzz-bingo-ashmore-park,0
https://www.thecasinos.com/united-kingdom/carlisle/buzz-bingo-carlisle,0
https://www.thecasinos.com/united-kingdom/birmingham/buzz-bingo-kingsbury-road,0
https://www.thecasinos.com/belgium/ninove/napoleon-sportsbetting-ninove,0
https://www.thecasinos.com/belgium/brussels/golden-palace-monnaie,0
https://www.thecasinos.com/belgium/lievegem/golden-palace-waarschoot,0
https://www.thecasinos.com/canada/surrey/elements-casino-surrey,0
https://www.thecasinos.com/belgium/loverval/circus-casino-loverval,0
https://www.thecasinos.com/belgium/fleurus/circus-casino-fleurus,0
https://www.thecasinos.com/panama/panama-city/royal-casino-at-the-marriott,0
https://www.thecasinos.com/panama/panama-city/fantastic-casino-villa-zaita,0
https://www.thecasinos.com/united-states/anaconda/carmels-sports-bar--grill,0
https://www.thecasinos.com/united-states/anaconda/lucky-lils-casino---anaconda,0
https://www.thecasinos.com/belgium/holsbeek/circus-casino-holsbeek,0
https://www.thecasinos.com/belgium/antwerpen/circus-casino-antwerpen,0
https://www.thecasinos.com/belgium/marche-en-famenne/circus-casino-marche,0
https://www.thecasinos.com/belgium/saint-georges-sur-meuse/madison-casino-saint-georges,0
https://www.thecasinos.com/belgium/seraing/circus-casino-boncelles,0
https://www.thecasinos.com/belgium/baelen/madison-casino-baelen,0
https://www.thecasinos.com/belgium/arlon/madison-casino-arlon,0
https://www.thecasinos.com/belgium/spiere-helkijn/palladium-games-spiere-helkijn,0
https://www.thecasinos.com/united-kingdom/stockport/genting-casino-stockport,0
https://www.thecasinos.com/malta/paola/bingo-gaming-paola,0
https://www.thecasinos.com/united-states/bridger/honest-toms-saloon--casino,0
https://www.thecasinos.com/united-states/great-falls/falls-casino,0
https://www.thecasinos.com/slovenia/portoroz/casino-admiral-riviera,0
https://www.thecasinos.com/namibia/swakopmund/swakopmund-hotel-and-entertainment,0
https://www.thecasinos.com/belgium/brussels/golden-vegas-bruxelles,0
https://www.thecasinos.com/belgium/liege/circus-casino-guillemins,0
https://www.thecasinos.com/belgium/verviers/madison-casino-verviers,0
https://www.thecasinos.com/argentina/victoria/casino-victoria,0
https://www.thecasinos.com/argentina/villa-mercedes/casino-tropicana-villa-mercedes,0
https://www.thecasinos.com/malta/zabbar/fairbet-zabbar,0
https://www.thecasinos.com/denmark/copenhagen/casino-house---candy-kiosk,0
https://www.thecasinos.com/denmark/copenhagen/casino-house---kastrupvej,0
https://www.thecasinos.com/denmark/copenhagen/casino-house--nrrebrogade,0
https://www.thecasinos.com/denmark/copenhagen/casino-house--toftegrds-all,0
https://www.thecasinos.com/denmark/hvidovre/casino-house--gl-kge-landevej,0
https://www.thecasinos.com/denmark/smorum/casino-house--smrum-centret,0
https://www.thecasinos.com/denmark/helsingor/casino-house--helsignr-city,0
https://www.thecasinos.com/denmark/roskilde/casinos-house---ringstedgade,0
https://www.thecasinos.com/argentina/salta/casino-slots-tartagal,0
https://www.thecasinos.com/argentina/santiago-del-estero/casino-termas-de-rio-hondo,0
https://www.thecasinos.com/argentina/urdinarrain/tragamonedas-urdinarrain,0
https://www.thecasinos.com/panama/la-chorrera/fantastic-casino-las-anclas-mall,0
https://www.thecasinos.com/argentina/sierra-de-la-ventana/casino-sierra-de-la-ventana,0
https://www.thecasinos.com/croatia/dubrovnik/vulkan-automat-klub-dubrovnik---dvori,0
https://www.thecasinos.com/gambia/serrekunda/kololi-casino,0
https://www.thecasinos.com/slovakia/bratislava/monaco-rekaz,0
https://www.thecasinos.com/argentina/misiones/casino-de-el-soberbio,0
https://www.thecasinos.com/argentina/misiones/casino-de-san-javier,0
https://www.thecasinos.com/country-of-georgia/tbilisi/grand-bellagio,0
https://www.thecasinos.com/colombia/medellin/casino-broadway-mayorca,0
https://www.thecasinos.com/australia/woree/woree-tavern,0
https://www.thecasinos.com/australia/clinton/harvey-road-tavern,0
https://www.thecasinos.com/australia/yeppoon/pacific-hotel,0
https://www.thecasinos.com/australia/belmont/belmont-tavern,0
https://www.thecasinos.com/australia/elizabeth-south/rose--crown-hotel,0
https://www.thecasinos.com/costa-rica/puntarenas/divisamar-hotel--casino,0
https://www.thecasinos.com/australia/beverley/halfway-hotel,0
https://www.thecasinos.com/australia/exeter/exeter-hotel,0
https://www.thecasinos.com/australia/harlaxton/blue-mountain-hotel,0
https://www.thecasinos.com/spain/badalona/toka-game-room-lleida-jackpot,0
https://www.thecasinos.com/spain/malaga/toka-game-room-mlaga-lumiere,0
https://www.thecasinos.com/angola/lubango/casinos-de-angola-olimpia,0
https://www.thecasinos.com/mexico/puebla/casino-palace-puebla,0
https://www.thecasinos.com/united-states/great-falls/lido-bar--casino,0
https://www.thecasinos.com/united-states/great-falls/foxys-casino,0
https://www.thecasinos.com/slovenia/ljubljana/casino-rio-central,0
https://www.thecasinos.com/puerto-rico/mayaguez/el-tropical-casino-at-holiday-inn-mayaguez,0
https://www.thecasinos.com/united-states/cincinnati/belterra-park-gaming--entertainment,0
https://www.thecasinos.com/romania/oradea/777-red-sevens-deluxe---nagyvrad-2,0
https://www.thecasinos.com/romania/bucharest/stefan-cel-mare-admiral-club,0
https://www.thecasinos.com/romania/constanta/c-a-rascoala-1907,0
https://www.thecasinos.com/romania/bucharest/million-casino-bucureti---brncoveanu,0
https://www.thecasinos.com/spain/palencia/diversimo-palencia,0
https://www.thecasinos.com/spain/madrid/bingo-riojano,0
https://www.thecasinos.com/spain/algeciras/bingo-algeciras,0
https://www.thecasinos.com/spain/leon/bingo-galicia,0
https://www.thecasinos.com/spain/zaragoza/bingo-victoria,0
https://www.thecasinos.com/spain/alicante/toka-game-room-alicante,0
https://www.thecasinos.com/united-states/vinton/delta-downs-racetrack-casino-hotel,0
https://www.thecasinos.com/slovenia/volcja-draga/hotel-casino-paquito,0
https://www.thecasinos.com/croatia/varazdin/rebuy-stars-varazdin,0
https://www.thecasinos.com/albania/tirana/royal-eagle-casino,0
https://www.thecasinos.com/spain/valencia/toka-game-room-alzira-santos-patronos,0
https://www.thecasinos.com/spain/girona/toka-game-room-atzar-olot-catalunya,0
https://www.thecasinos.com/spain/badalona/toka-game-room-badalona-verdi,0
https://www.thecasinos.com/spain/barcelona/toka-game-room-barcelona-gaudi,0
https://www.thecasinos.com/spain/barcelona/toka-game-room-barcelona-maragall,0
https://www.thecasinos.com/spain/barcelona/toka-game-room-barcelona-ramblas,0
https://www.thecasinos.com/spain/alicante/toka-game-room-benidorm-paseo-saln,0
https://www.thecasinos.com/spain/bilboa/toka-game-room-bilbao-gordoniz,0
https://www.thecasinos.com/spain/almeria/toka-game-room-campohermoso-exportadores,0
https://www.thecasinos.com/romania/sinaia/sinaia-admiral-club,0
https://www.thecasinos.com/austria/bruck-an-der-mur/panther-casino-bruck-ad-mur,0
https://www.thecasinos.com/croatia/zagreb/casino-cezar-at-westin-zagreb,0
https://www.thecasinos.com/croatia/zagreb/automat-klub-arena-mamutica-zagreb,0
https://www.thecasinos.com/croatia/osijek/cro-club-osijek-sjenjak,0
https://www.thecasinos.com/slovenia/sezana/gold-club-casino,0
https://www.thecasinos.com/slovenia/nova-gorica/casin-fortuna,0
https://www.thecasinos.com/slovenia/zalec/casino-rubin-alec,0
https://www.thecasinos.com/slovenia/kranj/casino-cezar-stritarjeva,0
https://www.thecasinos.com/croatia/zagreb/senator-klub-svetice,0
https://www.thecasinos.com/croatia/split/casino-favbet-split,0
https://www.thecasinos.com/romania/bucharest/maxbet-bucuresti-mosilor-vip,0
https://www.thecasinos.com/croatia/zagreb/senator-klub-piccolo,0
https://www.thecasinos.com/united-kingdom/london/game-nation-kilburn-1,0
https://www.thecasinos.com/united-kingdom/tonypandy/judges-bingo-tonypandy,0
https://www.thecasinos.com/united-kingdom/birkenhead/buzz-bingo-bromborough,0
https://www.thecasinos.com/united-kingdom/cumbernauld/buzz-bingo-cumbernauld,0
https://www.thecasinos.com/spain/zaragoza/toka-game-room-caspe-soberana,0
https://www.thecasinos.com/spain/castellon/toka-game-room-castelln-ribalta,0
https://www.thecasinos.com/spain/valencia/toka-game-room-chirivella-mercado-saln,0
https://www.thecasinos.com/spain/zaragoza/toka-game-room-ejea,0
https://www.thecasinos.com/spain/alicante/toka-game-room-elche-altabix,0
https://www.thecasinos.com/spain/malaga/toka-game-room-fuengirola-fuencoin,0
https://www.thecasinos.com/spain/zaragoza/el-dorado---trafalgar,0
https://www.thecasinos.com/croatia/zagreb/senator-klub-sesvete,0
https://www.thecasinos.com/croatia/zagreb/senator-klub-dubec,0
https://www.thecasinos.com/croatia/zagreb/cro-club-zagreb,0
https://www.thecasinos.com/austria/villach/stadtcasino-villach,0
https://www.thecasinos.com/slovenia/sezana/hotel--casino-maestoso,0
https://www.thecasinos.com/austria/zeltweg/panther-casino-zeltweg,0
https://www.thecasinos.com/croatia/osijek/luckia-casino-osijek,0
https://www.thecasinos.com/spain/malaga/toka-game-room-fuengirola-stark-92,0
https://www.thecasinos.com/spain/valencia/toka-game-room-gandia-de-la-pau,0
https://www.thecasinos.com/united-states/boonville/isle-of-capri-casino-hotel-boonville,0
https://www.thecasinos.com/spain/gibraleon/toka-game-room-gibralen-la-calvilla,0
https://www.thecasinos.com/spain/barcelona/toka-game-room-granollers-maci,0
https://www.thecasinos.com/spain/huelva/toka-game-room-huelva-alcalde,0
https://www.thecasinos.com/spain/alicante/toka-game-room-ibi-tibi,0
https://www.thecasinos.com/spain/girona/toka-game-room-jonquera-gambling,0
https://www.thecasinos.com/spain/leon/toka-game-room-len-center,0
https://www.thecasinos.com/belgium/peruwelz/golden-palace-pruwelz,0
https://www.thecasinos.com/belgium/strombeek-bever/starcasinobe-strombeek-bever,0
https://www.thecasinos.com/belgium/brussels/versailles-casino-brussels,0
https://www.thecasinos.com/united-states/park-city/diamond-jo-park-city,0
https://www.thecasinos.com/spain/madrid/toka-game-room-madrid-bulevares,0
https://www.thecasinos.com/spain/madrid/toka-game-room-madrid-illescas,0
https://www.thecasinos.com/spain/madrid/toka-game-room-madrid-viclvaro-cipriano,0
https://www.thecasinos.com/spain/segovia/toka-game-room-mairena-monaco,0
https://www.thecasinos.com/spain/malaga/toka-game-room-mlaga-juega,0
https://www.thecasinos.com/spain/malaga/toka-game-room-marbella-las-vegas-2,0
https://www.thecasinos.com/austria/voitsberg/panther-casino-voitsberg,0
https://www.thecasinos.com/spain/valencia/toka-game-room-port-sagunto,0
https://www.thecasinos.com/spain/palencia/toka-game-room-quintana-del-puente,0
https://www.thecasinos.com/croatia/zagreb/merkur-automat-klub-park,0
https://www.thecasinos.com/austria/graz/panther-casino-graz-lendplatz,0
https://www.thecasinos.com/slovenia/maribor/casino-admiral-maribor,0
https://www.thecasinos.com/croatia/zapresic/merkur-automat-klub-zaprei,0
https://www.thecasinos.com/croatia/zagreb/merkur-automat-klub-metro,0
https://www.thecasinos.com/spain/valencia/toka-game-room-requena-arrabal,0
https://www.thecasinos.com/spain/barcelona/toka-game-room-sant-adri-vias,0
https://www.thecasinos.com/united-states/deadwood/rocksino-by-hard-rock-deadwood,0
https://www.thecasinos.com/czech-republic/ruzyne/grand-arena-complex,0
https://www.thecasinos.com/romania/timisoara/million-casino-timioara,0
https://www.thecasinos.com/denmark/copenhagen/casino-house--tomsgrdsvej,0
https://www.thecasinos.com/argentina/buena-esperanza/casino-tropicana-buena-esperanza,0
https://www.thecasinos.com/colombia/medellin/casino-broadway-medellin-5256,0
https://www.thecasinos.com/australia/airlie-beach/magnums-hotel,0
https://www.thecasinos.com/austria/liezen/panther-casino-liezen,0
https://www.thecasinos.com/croatia/sveta-nedelja/cro-club-sveta-nedelja,0
https://www.thecasinos.com/croatia/gospic/cro-club-gospi,0
https://www.thecasinos.com/croatia/vukovar/cro-club-vukovar,0
https://www.thecasinos.com/austria/murau/panther-casino-murau,0
https://www.thecasinos.com/croatia/split/automat-club-riviera,0
https://www.thecasinos.com/austria/graz/panther-casino-graz-laudongasse,0
https://www.thecasinos.com/austria/graz/panther-casino-graz-karlauerstrasse,0
https://www.thecasinos.com/austria/graz/panther-casino-st-margarethen,0
https://www.thecasinos.com/austria/hartberg/panther-casino-hartberg,0
https://www.thecasinos.com/austria/furstenfeld/panther-casino-frstenfeld,0
https://www.thecasinos.com/mexico/pachuca/winpot-casino-pachuca,0
https://www.thecasinos.com/spain/zaragoza/bingo-ciclista,0
https://www.thecasinos.com/spain/almeria/toka-game-room-almera-north,0
https://www.thecasinos.com/united-states/lawton/apache-casino-hotel,0
https://www.thecasinos.com/kazakhstan/pavlodar/casino-zodiak-pavlodar,0
https://www.thecasinos.com/croatia/zadar/maxbet-supernova,0
https://www.thecasinos.com/croatia/sibenik/maxbet-ibenik,0
https://www.thecasinos.com/croatia/dubrovnik/vulkan-automat-klub-dubrovnik---lapad,0
https://www.thecasinos.com/croatia/dubrovnik/vulkan-automat-klub-dubrovnik---mineta,0
https://www.thecasinos.com/croatia/dubrovnik/vulkan-automat-klub---cavtat,0
https://www.thecasinos.com/spain/segovia/toka-game-room-segovia,0
https://www.thecasinos.com/spain/valencia/toka-game-room-sueca-fuster-saln,0
https://www.thecasinos.com/croatia/zagreb/vulkan-automat-klub---korulanska,0
https://www.thecasinos.com/croatia/dubrovnik/vulkan-automat-klub-mlini,0
https://www.thecasinos.com/croatia/zagreb/vulkan-automat-klub---ulineka,0
https://www.thecasinos.com/spain/almeria/toka-game-room-toka-almera-flamingo-ii,0
https://www.thecasinos.com/spain/madrid/toka-game-room-torrejn-enmedio,0
https://www.thecasinos.com/spain/tarragona/toka-game-room-tortosa-cervantes,0
https://www.thecasinos.com/spain/valencia/toka-game-room-valencia-sagunto,0
https://www.thecasinos.com/spain/tarragona/toka-game-room-vendrell-carner,0
https://www.thecasinos.com/croatia/split/vulkan-automat-klub-solinska,0
https://www.thecasinos.com/spain/barcelona/toka-game-room-vic-manlleu,0
https://www.thecasinos.com/spain/barcelona/toka-game-room-vilanova-europa,0
https://www.thecasinos.com/spain/alicante/toka-game-room-xabia-pars,0
https://www.thecasinos.com/spain/zaragoza/toka-game-room-zaragoza-av-amrica,0
https://www.thecasinos.com/romania/constanta/las-vegas-games---constanta-bulevardul-mamaia,0
https://www.thecasinos.com/spain/madrid/toka-game-room-coslada-snchez,0
https://www.thecasinos.com/spain/alicante/toka-game-room-elche-the-king,0
https://www.thecasinos.com/spain/sevilla/toka-game-room-san-jos-de-la-rinconada,0
https://www.thecasinos.com/spain/barcelona/toka-game-room-sitges-parellades,0
https://www.thecasinos.com/croatia/novalja/vulkan-automat-klub-novalja,0
https://www.thecasinos.com/croatia/cakovec/vulkan-automat-klub---akovec,0
https://www.thecasinos.com/croatia/senj/vulkan-automat-klub---senj,0
https://www.thecasinos.com/croatia/osijek/vulkan-automat-klub---akovo,0
https://www.thecasinos.com/croatia/losinj/vulkan-automat-klub-mali-loinj,0
https://www.thecasinos.com/croatia/rab/vulkan-automat-klub---rab,0
https://www.thecasinos.com/croatia/rijeka/vulkan-automat-klub-rijeka,0
https://www.thecasinos.com/croatia/solin/vulkan-automat-klub---solin,0
https://www.thecasinos.com/united-states/chico/casino-99-chico,0
https://www.thecasinos.com/united-states/el-cajon/sycuan-casino-resort,0
https://www.thecasinos.com/croatia/hvar/vulkan-automat-klub---hvar,0
https://www.thecasinos.com/croatia/split/vulkan-automat-klub-domovinskog,0
https://www.thecasinos.com/croatia/trogir/vulkan-automat-klub-kneza,0
https://www.thecasinos.com/croatia/split/vulkan-automat-klub-dubrovaka,0
https://www.thecasinos.com/united-states/pendleton/wildhorse-resort--casino,0
https://www.thecasinos.com/united-states/townsend/the-mint-bar-townsend,0
https://www.thecasinos.com/croatia/trogir/vulkan-automat-klub-pantan,0
https://www.thecasinos.com/croatia/biograd/vulkan-automat-klub-biograd-1,0
https://www.thecasinos.com/united-states/riverside/argosy-casino-hotel--spa,0
https://www.thecasinos.com/romania/brasov/maxbet-brasov-onix,0
https://www.thecasinos.com/romania/craiova/maxbet-craiova-eroilor,0
https://www.thecasinos.com/romania/ploiesti/maxbet-ploiesti-12,0
https://www.thecasinos.com/romania/ploiesti/maxbet-ploiesti-afi-palace,0
https://www.thecasinos.com/united-states/verdi/gold-ranch-casino-verdi,0
https://www.thecasinos.com/romania/sannicolau-mare/kajot-intacto-timisoara-sannicolau-mare,0
https://www.thecasinos.com/slovakia/trnava/kajot-intacto-trstice,0
https://www.thecasinos.com/spain/valencia/toka-game-room-valencia-bisbe,0
https://www.thecasinos.com/spain/zaragoza/toka-game-room-zaragoza-mississipi,0
https://www.thecasinos.com/spain/barcelona/club-45-bingo-hall,0
https://www.thecasinos.com/spain/hull/astoria-bingo-hall,0
https://www.thecasinos.com/spain/fraga/el-dorado---fraga-2,0
https://www.thecasinos.com/spain/barcelona/castelldefels-bingo-hall,0
https://www.thecasinos.com/spain/zaragoza/el-dorado--majadahonda,0
https://www.thecasinos.com/spain/zaragoza/el-dorado---aranaz-y-vides,0
https://www.thecasinos.com/spain/zaragoza/el-dorado--allende,0
https://www.thecasinos.com/spain/zaragoza/el-dorado--barbastro,0
https://www.thecasinos.com/spain/zaragoza/el-dorado--ejea,0
https://www.thecasinos.com/spain/zaragoza/el-dorado--independencia,0
https://www.thecasinos.com/spain/zaragoza/el-dorado---utebo,0
https://www.thecasinos.com/spain/valencia/el-dorado---constitucin-11,0
https://www.thecasinos.com/spain/valencia/el-dorado---doctor-lluch,0
https://www.thecasinos.com/czech-republic/breclav/kajot-intacto-ladn,0
https://www.thecasinos.com/czech-republic/opava/kajot-intacto-opava-breda,0
https://www.thecasinos.com/czech-republic/prostejov/kajot-intacto-prostjov-plumlovsk,0
https://www.thecasinos.com/czech-republic/zlin/kajot-intacto-zln,0
https://www.thecasinos.com/czech-republic/hodonin/kajot-intacto-hodonn,0
https://www.thecasinos.com/czech-republic/karvina/kajot-intacto-karvin,0
https://www.thecasinos.com/czech-republic/znojmo/kajot-intacto-znojmo,0
https://www.thecasinos.com/peru/huanuco/palacio-royal-huanuco,0
https://www.thecasinos.com/united-states/great-falls/cripple-creek-casino,0
https://www.thecasinos.com/romania/bucharest/maxbet-bucuresti-gara-de-nord,0
https://www.thecasinos.com/romania/bucharest/maxbet-bucuresti-brancoveanu,0
https://www.thecasinos.com/united-states/black-hawk/saratoga-casino-black-hawk,0
https://www.thecasinos.com/united-states/black-hawk/lodge-casino-at-black-hawk,0
https://www.thecasinos.com/france/ouistreham/casino-barriere-ouistreham,0
https://www.thecasinos.com/philippines/angeles-city/casino-filipino-mimosa,0
https://www.thecasinos.com/laos/savannakhet/savan-legend-hotel--casino,0
https://www.thecasinos.com/united-states/vivian/cash-magic-casino-vivian,0
https://www.thecasinos.com/croatia/zabok/cro-club-zabok,0
https://www.thecasinos.com/belarus/minsk/maxbet-minskaya,0
https://www.thecasinos.com/romania/bucharest/maxbet-bucuresti-rahova-329,0
https://www.thecasinos.com/romania/busteni/las-vegas-games---busteni,0
https://www.thecasinos.com/croatia/varazdin/vulkan-automat-klub---ivanec,0
https://www.thecasinos.com/romania/bucharest/maxbet-bucuresti-timpuri-noi,0
https://www.thecasinos.com/romania/bucharest/maxbet-bucuresti-giulesti,0
https://www.thecasinos.com/united-states/hampton/rosies-gaming-emporium---hampton,0
https://www.thecasinos.com/united-states/billings/the-wardens-casino,0
https://www.thecasinos.com/romania/cluj-napoca/las-vegas-games-cluj-napoca-piata-cipariu,0
https://www.thecasinos.com/ireland/bray/silver-strand,0
https://www.thecasinos.com/albania/tirana/grand-casino-tirana,0
https://www.thecasinos.com/mexico/hermosillo/casino-imperial-hermosillo,0
https://www.thecasinos.com/argentina/san-luis/casino-golden-palace---potrero-de-los-funes,0
https://www.thecasinos.com/romania/bucharest/maxbet-bucuresti-liviu-rebreanu,0
https://www.thecasinos.com/romania/bucharest/maxbet-bucuresti-nerva-traian,0
https://www.thecasinos.com/romania/bucharest/maxbet-bucuresti-drumul-taberei-32,0
https://www.thecasinos.com/kenya/nairobi/royal-palms-casino,0
https://www.thecasinos.com/australia/newmarket/newmarket-hotel,0
https://www.thecasinos.com/australia/gympie/jockey-club-hotel,0
https://www.thecasinos.com/germany/seevetal/spielbank-seevetal,0
https://www.thecasinos.com/australia/petrie/petrie-hotel,0
https://www.thecasinos.com/united-states/black-hawk/red-dolly-casino,0
https://www.thecasinos.com/united-states/aurora/ballys-arapahoe-park,0
https://www.thecasinos.com/argentina/salta/casino-golden-dreams,0
https://www.thecasinos.com/canada/point-edward/starlight-casino-point-edward,0
https://www.thecasinos.com/romania/bucharest/maxbet-bucuresti-colentina-56,0
https://www.thecasinos.com/romania/bucharest/maxbet-bucuresti-mosilor-eminescu,0
https://www.thecasinos.com/romania/bucharest/maxbet-bucuresti-rucar-market,0
https://www.thecasinos.com/romania/bucharest/maxbet-bucuresti-aparatorii-patriei,0
https://www.thecasinos.com/romania/bucharest/maxbet-bucuresti-universitate,0
https://www.thecasinos.com/france/la-bourboule/casino-la-bourboule,0
https://www.thecasinos.com/romania/bucharest/maxbet-bucuresti-progresul,0
https://www.thecasinos.com/romania/bucharest/maxbet-bucuresti-militari-lujerului,0
https://www.thecasinos.com/romania/bucharest/maxbet-bucuresti-park-lake-mall,0
https://www.thecasinos.com/australia/orford/orford-blue-waters-hotel,0
https://www.thecasinos.com/australia/warner/warner-tavern,0
https://www.thecasinos.com/united-states/eutaw/greenetrack-bingo--racing,0
https://www.thecasinos.com/romania/bucharest/maxbet-bucuresti-colentina-55,0
https://www.thecasinos.com/romania/bucharest/maxbet-bucuresti-prosper,0
https://www.thecasinos.com/romania/bucharest/maxbet-bucuresti-salajan,0
https://www.thecasinos.com/romania/bucharest/maxbet-bucuresti-drumul-taberei-80,0
https://www.thecasinos.com/liechtenstein/triesen/casino-admiral-triesen,0
https://www.thecasinos.com/united-states/central-city/dostal-alley-casino--brewery,0
https://www.thecasinos.com/united-states/central-city/johnny-zs-casino,0
https://www.thecasinos.com/united-states/scottsdale/casino-arizona,0
https://www.thecasinos.com/united-states/east-peoria/par-a-dice-hotel-casino,0
https://www.thecasinos.com/canada/pickering/pickering-casino-resort,0
https://www.thecasinos.com/romania/bucharest/maxbet-bucuresti-dristor,0
https://www.thecasinos.com/romania/pitesti/maxbet-pitesti-centru,0
https://www.thecasinos.com/romania/pitesti/maxbet-pitesti-mall,0
https://www.thecasinos.com/romania/timisoara/maxbet-timisoara-iulius,0
https://www.thecasinos.com/romania/ramnicu-valcea/maxbet-ramnicu-valcea-nepi,0
https://www.thecasinos.com/united-states/black-hawk/sasquatch-casino,0
https://www.thecasinos.com/romania/pitesti/maxbet-pitesti-ghe-sontu,0
https://www.thecasinos.com/romania/galati/maxbet-galati-brailei,0
https://www.thecasinos.com/romania/timisoara/maxbet-timisoara-gara,0
https://www.thecasinos.com/romania/timisoara/maxbet-timisoara-dacia,0
https://www.thecasinos.com/romania/timisoara/maxbet-timisoara-cetatii,0
https://www.thecasinos.com/argentina/villa-angela/platinum-hotel-casino,0
https://www.thecasinos.com/czech-republic/podebrady/casino-san-marco---podebrady,0
https://www.thecasinos.com/czech-republic/prague/casino-san-marco-prubezna---prague,0
https://www.thecasinos.com/czech-republic/prague/casino-san-marco-jablonecka---prague,0
https://www.thecasinos.com/romania/bucharest/efbet-crangasi,0
https://www.thecasinos.com/czech-republic/turnov/casino-san-marco---trutnov,0
https://www.thecasinos.com/united-states/quapaw/downstream-casino-resort,0
https://www.thecasinos.com/united-states/las-vegas/sahara-las-vegas,0
https://www.thecasinos.com/romania/arad/las-vegas-games---arad-vasile-goldis,0
https://www.thecasinos.com/romania/cluj-napoca/las-vegas-games-cluj-napoca-aurel-vlaicu,0
https://www.thecasinos.com/romania/bucharest/las-vegas-games---bucuresti-ploiesti,0
https://www.thecasinos.com/romania/bucharest/las-vegas-games---bucuresti-iuliu-maniu,0
https://www.thecasinos.com/romania/bucharest/las-vegas-games---bucuresti-soseaua-salaj,0
https://www.thecasinos.com/romania/bucharest/las-vegas-games---bucuresti-nerva-traian,0
https://www.thecasinos.com/united-states/prescott/yavapai-casino,0
https://www.thecasinos.com/united-states/prescott/buckys-casino--prescott-resort,0
https://www.thecasinos.com/united-states/sahuarita/desert-diamond-casino-sahuarita,0
https://www.thecasinos.com/united-states/cripple-creek/double-eagle-casino,0
https://www.thecasinos.com/united-states/yuma/quechan-paradise-casino,0
https://www.thecasinos.com/angola/luanda/casinos-de-angola-tivoli,0
https://www.thecasinos.com/united-states/burien/wizards-casino,0
https://www.thecasinos.com/romania/bucharest/las-vegas-games---bucuresti-basarabia,0
https://www.thecasinos.com/romania/bucharest/las-vegas-games---bucuresti-calea-mosilor,0
https://www.thecasinos.com/romania/galati/las-vegas-games---galati,0
https://www.thecasinos.com/romania/pascani/las-vegas-games---pacani-str-22-decembrie,0
https://www.thecasinos.com/romania/iasi/las-vegas-games-iai--poitieres,0
https://www.thecasinos.com/romania/iasi/las-vegas-games---iasi-bucium,0
https://www.thecasinos.com/romania/iasi/las-vegas-games---iasi-soseaua-nicolina,0
https://www.thecasinos.com/romania/pascani/las-vegas-games---pascani-str-moldovei,0
https://www.thecasinos.com/romania/harlau/las-vegas-games---harlau,0
https://www.thecasinos.com/united-states/cripple-creek/johnny-nolons-casino,0
https://www.thecasinos.com/united-states/miles-city/the-cellar-casino,0
https://www.thecasinos.com/romania/iasi/las-vegas-games---iasi-str-stantul,0
https://www.thecasinos.com/romania/iasi/las-vegas-games---iasi-bulevardul-dacia,0
https://www.thecasinos.com/spain/castellon/gran-casino-castelln,0
https://www.thecasinos.com/united-states/ekalaka/dawg-house-pub,0
https://www.thecasinos.com/australia/wynyard/the-wharf-hotel-wynyard,0
https://www.thecasinos.com/australia/nundah/prince-of-wales-hotel,0
https://www.thecasinos.com/united-states/central-city/ricks-cabaret-steakhouse--casino,0
https://www.thecasinos.com/united-states/cripple-creek/wildwood-hotel--casino,0
https://www.thecasinos.com/united-states/bayfield/legendary-waters-resort--casino,0
https://www.thecasinos.com/united-states/alpine/viejas-casino--resort,0
https://www.thecasinos.com/united-states/bishop/wanaaha-casino,0
https://www.thecasinos.com/united-states/seneca-falls/lakeside-entertainment-2,0
https://www.thecasinos.com/united-states/auberry/mono-wind-casino,0
https://www.thecasinos.com/united-states/campo/golden-acorn-casino--travel-center,0
https://www.thecasinos.com/united-states/coachella/augustine-casino,0
https://www.thecasinos.com/finland/espoo/pelaamo-espoo-iso-omena,0
https://www.thecasinos.com/australia/highbury/highbury-hotel,0
https://www.thecasinos.com/romania/iasi/las-vegas-games-iai--pcurari,0
https://www.thecasinos.com/romania/popesti/las-vegas-games---popesti-leordeni,0
https://www.thecasinos.com/united-states/coachella/spotlight-29-casino,0
https://www.thecasinos.com/united-states/coarsegold/chukchansi-gold-resort-and-casino,0
https://www.thecasinos.com/romania/motca/las-vegas-games---motca-sat-boureni,0
https://www.thecasinos.com/united-states/chinook/bear-paws-saloon,0
https://www.thecasinos.com/malta/st-julians/the-casino-at-portomaso,0
https://www.thecasinos.com/poland/poznan/grand-casino-poznan,0
https://www.thecasinos.com/slovakia/lucenec/rio-club-luenec,0
https://www.thecasinos.com/united-states/sacramento/parkwest-casino-lotus,0
https://www.thecasinos.com/united-states/jackson/jackson-rancheria-casino-resort,0
https://www.thecasinos.com/united-states/commerce/commerce-casino,0
https://www.thecasinos.com/united-states/compton/crystal-casino--hotel,0
https://www.thecasinos.com/united-states/colma/lucky-chances-casino,0
https://www.thecasinos.com/united-states/blue-lake/blue-lake-casino--hotel,0
https://www.thecasinos.com/ghana/accra/victoria-casino-accra,0
https://www.thecasinos.com/romania/dambovita/las-vegas-games---dobroesti,0
https://www.thecasinos.com/romania/vatra-dornei/las-vegas-games---vatra-dornei,0
https://www.thecasinos.com/romania/bucharest/winbet-bessarabia,0
https://www.thecasinos.com/romania/bucharest/winbet-giurgiului,0
https://www.thecasinos.com/romania/suceava/las-vegas-games-suceava-curtea-domneasca,0
https://www.thecasinos.com/romania/timisoara/las-vegas-games---timisoara-calea-sever-bocu,0
https://www.thecasinos.com/romania/timisoara/las-vegas-games---timioara-calea-aradului,0
https://www.thecasinos.com/romania/tulcea/las-vegas-games---tulcea-babadag,0
https://www.thecasinos.com/romania/tulcea/las-vegas-games---tulcea-pacii,0
https://www.thecasinos.com/united-states/crescent-city/elk-valley-casino,0
https://www.thecasinos.com/united-states/el-cajon/sycuan-casino--golf-resort,0
https://www.thecasinos.com/united-states/lincoln/thunder-valley-casino-resort,0
https://www.thecasinos.com/united-states/placerville/red-hawk-resort--casino,0
https://www.thecasinos.com/ghana/accra/vulkano-achimota,0
https://www.thecasinos.com/united-states/alturas/desert-rose-casino,0
https://www.thecasinos.com/romania/constanta/las-vegas-games---soseaua-mangaliei,0
https://www.thecasinos.com/romania/brasov/baum-games---brasov-strada-alexandru-vlahuta,0
https://www.thecasinos.com/romania/brasov/baum-games---brasov-strada-liviu-c,0
https://www.thecasinos.com/romania/brasov/baum-games---brasov-strada-uranus,0
https://www.thecasinos.com/spain/valencia/toka-game-room-osito,0
https://www.thecasinos.com/united-states/state-college/ballys-pennsylvania,0
https://www.thecasinos.com/gabon/libreville/croisette-casino,0
https://www.thecasinos.com/czech-republic/mezibori/herna-forbes-mezibo,0
https://www.thecasinos.com/united-kingdom/glenrothes/admiral-glenrothes,0
https://www.thecasinos.com/belize/ambergris-caye/the-palace-casino-belize,0
https://www.thecasinos.com/equatorial-guinea/bata/joker-casino-bata,0
https://www.thecasinos.com/united-states/san-jacinto/soboba-casino,0
https://www.thecasinos.com/united-states/tunica/gold-strike-casino-resort-tunica,0
https://www.thecasinos.com/united-states/henderson/jokers-wild-casino,0
https://www.thecasinos.com/france/lille/htel-casino-barrire-de-lille,0
https://www.thecasinos.com/united-states/fallon/dottys-casino---fallon,0
https://www.thecasinos.com/romania/focsani/cashpot-focsani,0
https://www.thecasinos.com/united-states/salinas/bankers-casino,0
https://www.thecasinos.com/united-states/cabazon/morongo-casino-resort--spa,0
https://www.thecasinos.com/ghana/accra/star-lounge-casino-nungua,0
https://www.thecasinos.com/senegal/dakar/caf-de-rome-casino-dakar,0
https://www.thecasinos.com/canada/khanawake/magic-palace-casino,0
https://www.thecasinos.com/czech-republic/rumburk/herna-nmst,0
https://www.thecasinos.com/congo/kinshasa/the-fiesta-casino,0
https://www.thecasinos.com/czech-republic/prague/casino-grandior---magic-planet-gold,0
https://www.thecasinos.com/liberia/monrovia/palm-spring-casino,0
https://www.thecasinos.com/mali/bamako/casino-de-lamiti--bamako,0
https://www.thecasinos.com/united-states/san-jose/bay-101-casino,0
https://www.thecasinos.com/united-states/san-jose/casino-m8trix,0
https://www.thecasinos.com/united-states/san-pablo/san-pablo-lytton-casino,0
https://www.thecasinos.com/finland/espoo/pelaamo-espoo-entresse,0
https://www.thecasinos.com/mauritius/grand-baie/grand-baie-casino-ltd,0
https://www.thecasinos.com/country-of-georgia/batumi/royal-casino--hotel-batumi,0
https://www.thecasinos.com/mauritius/rose-belle/senator-club-casino-rose-belle,0
https://www.thecasinos.com/united-states/tuolumne-city/black-oak-casino-resort,0
https://www.thecasinos.com/united-states/funner/harrahs-resort-southern-california,0
https://www.thecasinos.com/united-states/willits/sherwood-valley-casino,0
https://www.thecasinos.com/united-states/mashantucket/foxwoods-resort-casino,0
https://www.thecasinos.com/united-states/dover/dover-downs-hotel--casino,0
https://www.thecasinos.com/united-states/coconut-creek/seminole-casino-coconut-creek,0
https://www.thecasinos.com/united-states/hollywood/seminole-hard-rock-hotel--casino-hollywood,0
https://www.thecasinos.com/united-states/immokalee/seminole-casino-immokalee,0
https://www.thecasinos.com/united-states/miami/miccosukee-casino--resort,0
https://www.thecasinos.com/sierra-leone/freetown/grand-leone-casino,0
https://www.thecasinos.com/romania/iasi/iai-pcurari-admiral-club,0
https://www.thecasinos.com/senegal/saint-louis/casino-de-st-louis,0
https://www.thecasinos.com/south-sudan/juba/casino-corrida,0
https://www.thecasinos.com/cyprus/bafra/noahs-ark-deluxe-hotel-and-casino,0
https://www.thecasinos.com/united-states/collinsville/fairmount-park-racetrack,0
https://www.thecasinos.com/united-states/bonita-springs/naples-fort-myers-greyhound-racing--poker,0
https://www.thecasinos.com/united-states/sarasota/sarasota-kennel-club--one-eyed-jacks-poker,0
https://www.thecasinos.com/united-states/daytona-beach/daytona-beach-racing-and-card-club,0
https://www.thecasinos.com/united-states/hallandale/gulfstream-park-racing--casino,0
https://www.thecasinos.com/united-states/miami-gardens/calder-casino,0
https://www.thecasinos.com/costa-rica/puntarenas/crocs-resort-casino,0
https://www.thecasinos.com/jamaica/kingston/acropolis---barbican,0
https://www.thecasinos.com/puerto-rico/ponce/ponce-plaza-hotel-and-casino,0
https://www.thecasinos.com/united-kingdom/glasgow/casino-at-the-corinthian,0
https://www.thecasinos.com/united-states/tampa/tampa-bay-downs-racing-poker-golf,0
https://www.thecasinos.com/united-states/las-vegas/mirage-las-vegas,0
https://www.thecasinos.com/czech-republic/prague/star-casino-petrlkova,0
https://www.thecasinos.com/slovakia/spisska-nova-ves/eurogold-game-club--spisk-nov-ves,0
https://www.thecasinos.com/united-states/anaconda/haufbrau,0
https://www.thecasinos.com/philippines/subic/subic-bay-yacht-club,0
https://www.thecasinos.com/netherlands/utrecht/jacks-casino-utrecht,0
https://www.thecasinos.com/malta/st-julians/hard-rock-hotel-malta,0
https://www.thecasinos.com/united-states/brunswick/emerald-princess-casino-cruise,0
https://www.thecasinos.com/united-states/bonners-ferry/kootenai-river-inn-casino-and-spa,0
https://www.thecasinos.com/united-states/burney/pit-river-casino,0
https://www.thecasinos.com/united-states/kamiah/itse-ye-ye-bingo--casino,0
https://www.thecasinos.com/united-states/lewiston/clearwater-river-casino--lodge,0
https://www.thecasinos.com/united-states/florence/belterra-casino-resort,0
https://www.thecasinos.com/switzerland/basel/grand-casino-basel,0
https://www.thecasinos.com/tanzania/mwanza/kings-casino-at-new-mwanza-hotel,0
https://www.thecasinos.com/netherlands/hoogeveen/flamingo-casino-hoogeveen,0
https://www.thecasinos.com/united-states/glendive/montana-lils-casino-of-glendive,0
https://www.thecasinos.com/slovakia/trencin/merkur-casino---trenn,0
https://www.thecasinos.com/slovakia/bratislava/merkur-casino---bratislava-3,0
https://www.thecasinos.com/united-states/pittsburgh/rivers-casino-pittsburgh,0
https://www.thecasinos.com/czech-republic/prague/casino-nemesis-praha-8,0
https://www.thecasinos.com/france/paris/club-circus-paris,0
https://www.thecasinos.com/united-states/black-eagle/pit-stop-tavern,0
https://www.thecasinos.com/united-states/anaconda/the-lakehouse,0
https://www.thecasinos.com/united-states/dillon/the-metlen-bar,0
https://www.thecasinos.com/united-states/chinook/ramblin-rose-saloon,0
https://www.thecasinos.com/united-states/east-saint-louis/draftkings-at-casino-queen,0
https://www.thecasinos.com/united-states/elgin/grand-victoria-casino-elgin,0
https://www.thecasinos.com/kenya/mombasa/nyali-sands-casino,0
https://www.thecasinos.com/madagascar/antsiranana/grand-cercle-de-diego,0
https://www.thecasinos.com/slovakia/levice/topgame-club-levice,0
https://www.thecasinos.com/kenya/watamu/casino-watamu,0
https://www.thecasinos.com/united-states/joliet/harrahs-joliet-casino--hotel,0
https://www.thecasinos.com/united-states/joliet/hollywood-casino-joliet,0
https://www.thecasinos.com/united-states/metropolis/harrahs-metropolis-casino-hotel,0
https://www.thecasinos.com/united-states/rock-island/jumers-casino--hotel,0
https://www.thecasinos.com/united-states/arlington-heights/arlington-international-racecourse,0
https://www.thecasinos.com/united-states/lawrenceburg/hollywood-casino-lawrenceburg,0
https://www.thecasinos.com/united-states/east-chicago/ameristar-casino--hotel-east-chicago,0
https://www.thecasinos.com/united-states/evansville/tropicana-evansville-casino,0
https://www.thecasinos.com/netherlands/amsterdam/play-in-amsterdam,0
https://www.thecasinos.com/gabon/port-gentil/casino-de-port-gentil,0
https://www.thecasinos.com/gambia/serrekunda/gambia-poker-club,0
https://www.thecasinos.com/united-states/french-lick/french-lick-casino-resort,0
https://www.thecasinos.com/united-states/gilroy/garlic-city-casino,0
https://www.thecasinos.com/united-states/carson-city/dottys-12,0
https://www.thecasinos.com/united-states/joliet/the-fort-at-rockvale-casino-sports-bar--grill,0
https://www.thecasinos.com/united-kingdom/croydon/palace-amusements-croydon,0
https://www.thecasinos.com/united-states/michigan-city/blue-chip-casino-hotel-spa,0
https://www.thecasinos.com/united-states/bettendorf/isle-casino-hotel-bettendorf,0
https://www.thecasinos.com/united-states/council-bluffs/harrahs-casino--hotel-council-bluffs,0
https://www.thecasinos.com/united-states/davenport/rhythm-city-casino-resort,0
https://www.thecasinos.com/united-states/council-bluffs/horseshoe-casino-council-bluffs,0
https://www.thecasinos.com/united-states/council-bluffs/ameristar-casino-hotel-council-bluffs,0
https://www.thecasinos.com/cambodia/Aranyaprathet/star-vegas-international-resort--casino,0
https://www.thecasinos.com/united-kingdom/london/merkur-slots-woolwich,0
https://www.thecasinos.com/united-kingdom/london/merkur-slots-upton-park,0
https://www.thecasinos.com/united-states/stickney/hawthorne-race-course,0
https://www.thecasinos.com/united-states/ochopee/miccosukee-service-plaza-casino,0
https://www.thecasinos.com/united-states/great-falls/city-bar--casino,0
https://www.thecasinos.com/united-states/shawnee/thunderbird-casino---shawnee,0
https://www.thecasinos.com/united-states/red-lodge/bull-n-bear-saloon--casino,0
https://www.thecasinos.com/united-states/great-falls/classic-50s-casino,0
https://www.thecasinos.com/united-states/belt/east-side-bar--casino,0
https://www.thecasinos.com/united-states/great-falls/black-eagle-community-center,0
https://www.thecasinos.com/united-states/great-falls/cowboys-bar,0
https://www.thecasinos.com/united-states/belt/black-diamond-bar,0
https://www.thecasinos.com/colombia/bogota/casino-broadway-63,0
https://www.thecasinos.com/united-states/northwood/diamond-jo-worth-casino,0
https://www.thecasinos.com/finland/helsinki/pelaamo-helsinki-kaivopiha,0
https://www.thecasinos.com/united-kingdom/trowbridge/merkur-slots-trowbridge,0
https://www.thecasinos.com/united-kingdom/london/merkur-slots-stoke-newington,0
https://www.thecasinos.com/united-kingdom/leicester/merkur-slots-leicester,0
https://www.thecasinos.com/costa-rica/san-jose/del-rey-hotel--casino,0
https://www.thecasinos.com/singapore/kranji/singapore-racecourse-kranji-racecourse,0
https://www.thecasinos.com/united-states/great-falls/emerald-city-casino-amigo-lounge,0
https://www.thecasinos.com/united-states/great-falls/the-sting-sports-bar--5th-quarter-casino,0
https://www.thecasinos.com/united-states/miles-city/tilt-wrks-brewhouse--casino,0
https://www.thecasinos.com/united-states/glendive/yellowstone-river-inn,0
https://www.thecasinos.com/united-states/bigfork/buffalo-saloon-and-casino,0
https://www.thecasinos.com/united-states/butte/montana-lils-casino---anaconda,0
https://www.thecasinos.com/australia/east-devonport/the-argosy,0
https://www.thecasinos.com/australia/ulverstone/river-arms-hotel,0
https://www.thecasinos.com/liechtenstein/schaan/plaza-casino-liechtenstein,0
https://www.thecasinos.com/czech-republic/hradec-kralove/casino-san-marco---hradec-kralove,0
https://www.thecasinos.com/united-kingdom/bracknell/merkur-slots-bracknell,0
https://www.thecasinos.com/australia/queenstown/empire-hotel-queenstown,0
https://www.thecasinos.com/united-states/las-vegas/wildfire-on-fremont,0
https://www.thecasinos.com/costa-rica/san-jose/fiesta-casino---holiday-inn-express,0
https://www.thecasinos.com/united-states/dubuque/q-casino,0
https://www.thecasinos.com/united-states/dodge-city/boot-hill-casino--resort,0
https://www.thecasinos.com/united-states/lexington/the-red-mile-kentucky-harness--historic-racing,0
https://www.thecasinos.com/united-states/kenner/treasure-chest-casino,0
https://www.thecasinos.com/united-states/lake-charles/lauberge-casino-resort-lake-charles,0
https://www.thecasinos.com/united-states/marksville/paragon-casino-resort,0
https://www.thecasinos.com/united-kingdom/london/merkur-slots-camberwell,0
https://www.thecasinos.com/united-kingdom/basingstoke/merkur-slots-basingstoke,0
https://www.thecasinos.com/united-states/las-vegas/ovg-las-vegas-hotel--casino,0
https://www.thecasinos.com/united-states/yerington/dottys-casino---yerington,0
https://www.thecasinos.com/united-states/flaxville/ry-trail-bar,0
https://www.thecasinos.com/united-states/great-falls/st-james-club,0
https://www.thecasinos.com/united-states/glendive/trail-star-casino,0
https://www.thecasinos.com/united-states/richey/stockman-bar,0
https://www.thecasinos.com/united-states/glendive/gregs-silver-dollar-casino,0
https://www.thecasinos.com/panama/panama-city/bugalu-play-and-win,0
https://www.thecasinos.com/united-states/great-falls/the-new-lobby-bar,0
https://www.thecasinos.com/panama/panama-city/starbay-casino,0
https://www.thecasinos.com/panama/san-miguelito/fantastic-casino-villa-lucre,0
https://www.thecasinos.com/costa-rica/puntarenas/caribbean-village-fiesta,0
https://www.thecasinos.com/united-states/great-falls/bar-s-lounge--supper-club,0
https://www.thecasinos.com/france/luxeuil-les-bains/casino-joa-de-luxeuil,0
https://www.thecasinos.com/united-states/brimley/bay-mills-resort--casino,0
https://www.thecasinos.com/united-states/deadwood/buffalo-bodega-gaming-complex,0
https://www.thecasinos.com/united-states/fallon/depot-casino-and-restaurant,0
https://www.thecasinos.com/argentina/misiones/casino-de-san-pedro,0
https://www.thecasinos.com/united-kingdom/london/merkur-slots-finchley,0
https://www.thecasinos.com/czech-republic/holesov/casino-bonver-holeov,0
https://www.thecasinos.com/czech-republic/jihlava/casino-bonver-jihlava,0
https://www.thecasinos.com/czech-republic/ceska-lipa/casino-bonver-ceska-lipa,0
https://www.thecasinos.com/czech-republic/napajedla/casino-bonver-napajedla,0
https://www.thecasinos.com/czech-republic/most/casino-bonver-most---lipov,0
https://www.thecasinos.com/czech-republic/modrice/casino-bonver-modice,0
https://www.thecasinos.com/united-states/battle-creek/firekeepers-casino-hotel,0
https://www.thecasinos.com/united-states/raynham/raynham-park,0
https://www.thecasinos.com/united-states/east-boston/suffolk-downs,0
https://www.thecasinos.com/czech-republic/luhacovice/casino-bonver-luhaovice,0
https://www.thecasinos.com/czech-republic/loket/casino-bonver-loket,0
https://www.thecasinos.com/czech-republic/koprivnice/casino-bonver-kopivnice---tefnikova,0
https://www.thecasinos.com/czech-republic/karvina/casino-bonver-karvina-u-lesa,0
https://www.thecasinos.com/united-states/detroit/mgm-grand-detroit,0
https://www.thecasinos.com/united-states/detroit/motorcity-casino--hotel,0
https://www.thecasinos.com/united-states/new-buffalo/four-winds-casino-resort---new-buffalo,0
https://www.thecasinos.com/united-states/carlton/black-bear-casino-resort,0
https://www.thecasinos.com/vietnam/vung-tau/grand-ho-tram-casino,0
https://www.thecasinos.com/united-states/manistee/little-river-casino-resort,0
https://www.thecasinos.com/united-states/bossier-city/louisiana-downs,0
https://www.thecasinos.com/india/salcette/goa-nugget-casino,0
https://www.thecasinos.com/czech-republic/zlin/casino-bonver-zln-kvtkov-372,0
https://www.thecasinos.com/united-states/pala/pala-casino-spa-resort,0
https://www.thecasinos.com/andorra/andorra-la-vella/gran-casino-andorra,0
https://www.thecasinos.com/united-states/great-falls/riverboat-queen-casino,0
https://www.thecasinos.com/slovenia/radenci/casino-as-radenci,0
https://www.thecasinos.com/croatia/umag/automat-club-equito,0
https://www.thecasinos.com/czech-republic/hrabuvka/herna-san-marco,0
https://www.thecasinos.com/united-states/morton/jackpot-junction-casino-hotel,0
https://www.thecasinos.com/united-states/bay-saint-louis/silver-slipper-casino,0
https://www.thecasinos.com/united-states/biloxi/boomtown-casino-biloxi,0
https://www.thecasinos.com/united-states/biloxi/harrahs-gulf-coast,0
https://www.thecasinos.com/united-states/oceanport/monmouth-park,0
https://www.thecasinos.com/paraguay/asuncion/casino-de-asuncin-by-worest,0
https://www.thecasinos.com/united-states/granite-falls/prairies-edge-casino-resort,0
https://www.thecasinos.com/colombia/bogota/casino-broadway-bogot---andino,0
https://www.thecasinos.com/croatia/zagreb/luckia-casino-zagreb,0
https://www.thecasinos.com/finland/helsinki/pelaamo-helsinki-kaisaniemi,0
https://www.thecasinos.com/czech-republic/brno/casino-bonver-jikovice,0
https://www.thecasinos.com/czech-republic/karvina/casino-bonver-karvina-einsteinova,0
https://www.thecasinos.com/czech-republic/zlin/casino-bonver-zln---objekt,0
https://www.thecasinos.com/panama/paso-canoas/fantastic-casino-paso-canoas,0
https://www.thecasinos.com/czech-republic/varnsdorf/casino-bonver-varnsdorf,0
https://www.thecasinos.com/croatia/zagreb/winbet-casino-zagreb,0
https://www.thecasinos.com/croatia/pula/cro-club-pula,0
https://www.thecasinos.com/slovenia/brda/casino--hotel-venko,0
https://www.thecasinos.com/slovenia/sezana/casino-astraea,0
https://www.thecasinos.com/romania/brasov/las-vegas-games---brasov-al-vlahuta,0
https://www.thecasinos.com/czech-republic/prerov/casino-bonver-perov,0
https://www.thecasinos.com/czech-republic/valasske-mezirici/casino-bonver-valask-mezi---mostn,0
https://www.thecasinos.com/czech-republic/unicov/casino-bonver-uniov,0
https://www.thecasinos.com/czech-republic/uhersky-brod/casino-bonver-uhersk-brod,0
https://www.thecasinos.com/czech-republic/teplice/casino-bonver-teplice---rjna,0
https://www.thecasinos.com/croatia/zagreb/cro-club-osijek-sjenjak,0
https://www.thecasinos.com/croatia/zagreb/cezar-automat-klubovi-zagreb,0
https://www.thecasinos.com/canada/maple-ridge/chances-maple-ridge,0
https://www.thecasinos.com/united-states/marina/casino-monterey---the-marina-club,0
https://www.thecasinos.com/czech-republic/prostejov/casino-bonver-prostjov,0
https://www.thecasinos.com/czech-republic/novy-jicin/casino-bonver-nov-jin,0
https://www.thecasinos.com/czech-republic/orlova/casino-bonver-orlov,0
https://www.thecasinos.com/czech-republic/ostrava/casino-bonver-ostrava---rjna,0
https://www.thecasinos.com/united-states/biloxi/ip-casino-resort-spa,0
https://www.thecasinos.com/colombia/bogota/casino-broadway-bogot---iserra,0
https://www.thecasinos.com/united-states/biloxi/golden-nugget-biloxi,0
https://www.thecasinos.com/united-states/biloxi/palace-casino-resort,0
https://www.thecasinos.com/united-states/biloxi/treasure-bay-casino--hotel,0
https://www.thecasinos.com/united-states/greenville/harlows-casino-resort--spa,0
https://www.thecasinos.com/united-states/philadelphia/silver-star-casino-at-pearl-river,0
https://www.thecasinos.com/united-arab-emirates/abu-dhabi/abu-dhabi-equestrian-club,0
https://www.thecasinos.com/belarus/minsk/maxbet-ulyanovskaya,0
https://www.thecasinos.com/united-states/great-falls/jakers-bar--grill,0
https://www.thecasinos.com/united-states/vinton/rosies-gaming-emporium---vinton,0
https://www.thecasinos.com/czech-republic/ostrava/casino-bonver-ostrava---ikovsk,0
https://www.thecasinos.com/czech-republic/plzen/casino-bonver-plze-mikulsk,0
https://www.thecasinos.com/czech-republic/plzen/casino-bonver-plze-domalick,0
https://www.thecasinos.com/argentina/puerto-madryn/casino-puerto-madryn---zona-sur,0
https://www.thecasinos.com/united-states/salton-city/red-earth-casino-and-travel-center,0
https://www.thecasinos.com/romania/pascani/las-vegas-games---pascani-str-stefan,0
https://www.thecasinos.com/czech-republic/prague/casino-bonver-praha-4,0
https://www.thecasinos.com/czech-republic/prague/casino-bonver-praha-5,0
https://www.thecasinos.com/czech-republic/kostelec-nad-labem/borneo-kostelec-nad-labem,0
https://www.thecasinos.com/croatia/zagreb/cro-casino-zagreb,0
https://www.thecasinos.com/canada/calgary/ace-casino-calgary-airport,0
https://www.thecasinos.com/croatia/zagreb/senator-klub-savica,0
https://www.thecasinos.com/croatia/zlatar-bistrica/cro-club-zlatar-bistrica,0
https://www.thecasinos.com/austria/knittelfeld/panther-casino-knittelfeld,0
https://www.thecasinos.com/slovenia/lesce/casino-admiral-tivoli,0
https://www.thecasinos.com/united-states/tunica/hollywood-casino-tunica,0
https://www.thecasinos.com/united-states/billings/all-aboard-casino,0
https://www.thecasinos.com/czech-republic/prague/borneo-top-hotel-prague,0
https://www.thecasinos.com/czech-republic/prague/borneo-chodov,0
https://www.thecasinos.com/czech-republic/prague/borneo-hostiva,0
https://www.thecasinos.com/czech-republic/prague/borneo-moskevsk,0
https://www.thecasinos.com/united-states/tunica/fitz-casino--hotel-tunica,0
https://www.thecasinos.com/united-states/tunica/sams-town-hotel--gambling-hall-tunica,0
https://www.thecasinos.com/united-states/irving/seneca-gaming--entertainment-irving,0
https://www.thecasinos.com/united-states/salamanca/seneca-gaming--entertainment-salamanca,0
https://www.thecasinos.com/slovenia/nova-gorica/casino-admiral-princess,0
https://www.thecasinos.com/austria/leibnitz/panther-casino-leibnitz-ekz-weinland,0
https://www.thecasinos.com/croatia/slavonski-brod/luckia-casino-slavonski-brod,0
https://www.thecasinos.com/united-states/rockford/hard-rock-casino-rockford,0
https://www.thecasinos.com/belgium/leopoldsburg/peppermill-casino-leopolsburg,0
https://www.thecasinos.com/czech-republic/cesky-krumlov/borneo-esk-krumlov,0
https://www.thecasinos.com/czech-republic/kutna-hora/borneo-kutn-hora,0
https://www.thecasinos.com/netherlands/gelderland/casino-big-apple-tiel,0
https://www.thecasinos.com/croatia/zagreb/merkur-automat-club-atlanta,0
https://www.thecasinos.com/slovenia/ljubljana/casino-admiral-lev,0
https://www.thecasinos.com/croatia/rijeka/kajot-intacto-rijeka,0
https://www.thecasinos.com/croatia/virovitica/cro-club-virovitica,0
https://www.thecasinos.com/croatia/cakovec/luckia-casino-cakovec,0
https://www.thecasinos.com/croatia/labin/kajot-intacto-labin,0
https://www.thecasinos.com/croatia/buzet/kajot-intacto-buzet,0
https://www.thecasinos.com/cyprus/kyrenia/casino-galaxia,0
https://www.thecasinos.com/poland/gdynia/casino-gdynia,0
https://www.thecasinos.com/kazakhstan/kapchagay/kazino-tornado777,0
https://www.thecasinos.com/slovenia/ptuj/casino-poetovio,0
https://www.thecasinos.com/poland/gdansk/cristal-casino---gdask,0
https://www.thecasinos.com/poland/bydgoszcz/grand-casino-bydgoszcz,0
https://www.thecasinos.com/spain/valencia/casino-de-valencia,0
https://www.thecasinos.com/spain/valencia/casino-monte-picayo,0
https://www.thecasinos.com/spain/logrono/electra-rioja-gran-casino,0
https://www.thecasinos.com/spain/aranjuez/gran-casino-aranjuez,0
https://www.thecasinos.com/united-kingdom/bath/century-casino-bath,0
https://www.thecasinos.com/argentina/chajari/casino-chajari,0
https://www.thecasinos.com/austria/graz/panther-casino-graz-krntnerstrasse,0
https://www.thecasinos.com/argentina/posadas/casino-club-tragamonedas-centenario,0
https://www.thecasinos.com/czech-republic/prague/merkur-casino-prague---konvova,0
https://www.thecasinos.com/czech-republic/prague/merkur-casino-prague---vehlova,0
https://www.thecasinos.com/puerto-rico/ponce/tribute-portfolio-by-marriott-casino,0
https://www.thecasinos.com/united-states/devol/comanche-war-pony-casino,0
https://www.thecasinos.com/congo/kinshasa/carnaval-casino,0
https://www.thecasinos.com/south-africa/johannesburg/the-marco-polo,0
https://www.thecasinos.com/belgium/roeselare/playworld-roeselare,0
https://www.thecasinos.com/czech-republic/mosty-u-jablunkova/herna-synot-tip-mosty-u-jablnkova,0
https://www.thecasinos.com/united-states/billings/diamond-jubilee-casino,0
https://www.thecasinos.com/united-states/las-vegas/wynn-las-vegas,0
https://www.thecasinos.com/netherlands/almere/merkur-almere,0
https://www.thecasinos.com/czech-republic/pardubice/merkur-casino-pardubice,0
https://www.thecasinos.com/czech-republic/ostrava/merkur-casino-ostrava,0
https://www.thecasinos.com/czech-republic/cheb/casino-palace-cheb,0
https://www.thecasinos.com/czech-republic/jilove/casino-florida-jlov,0
https://www.thecasinos.com/czech-republic/karlovy-vary/star-casino-tgmasaryka,0
https://www.thecasinos.com/czech-republic/karlovy-vary/star-casino-na-vyhldce,0
https://www.thecasinos.com/czech-republic/litomerice/casino-cobra-litomice,0
https://www.thecasinos.com/czech-republic/karlovy-vary/star-arena-dvory,0
https://www.thecasinos.com/czech-republic/kutna-hora/star-casino-kutn,0
https://www.thecasinos.com/czech-republic/opava/star-casino-opava,0
https://www.thecasinos.com/czech-republic/prague/casino-golden-game-praha-1,0
https://www.thecasinos.com/czech-republic/sokolov/casino-golden-game-boeny,0
https://www.thecasinos.com/czech-republic/sokolov/star-casino-marie,0
https://www.thecasinos.com/czech-republic/teplice/star-casino-teplice,0
https://www.thecasinos.com/czech-republic/vyssi-brod/blue-casino,0
https://www.thecasinos.com/czech-republic/zlin/synot-tip-casino-zlin,0
https://www.thecasinos.com/mexico/boca-del-rio/winpot-casino-boca-del-ro,0
https://www.thecasinos.com/croatia/osijek/maxbet-osijek,0
https://www.thecasinos.com/ghana/accra/la-palm-casino,0
https://www.thecasinos.com/czech-republic/plzen/galaxy-casino-plze,0
https://www.thecasinos.com/czech-republic/plana/galaxy-casino-plan,0
https://www.thecasinos.com/czech-republic/brno/atlantis-casino-brno,0
https://www.thecasinos.com/senegal/mbour/terrou-saly-casino,0
https://www.thecasinos.com/croatia/osijek/maxbet-retfala,0
https://www.thecasinos.com/croatia/zagreb/maxbet-gajnice,0
https://www.thecasinos.com/croatia/trogir/maxbet-trogir,0
https://www.thecasinos.com/croatia/zadar/maxbet-vinjik,0
https://www.thecasinos.com/croatia/slavonski-brod/vulkan-automat-klub-slavonski-brod---colosseum,0
https://www.thecasinos.com/croatia/dubrovnik/vulkan-automat-klub-dubrovnik---vojnovia,0
https://www.thecasinos.com/croatia/dubrovnik/vulkan-automat-klub-mokoica,0
https://www.thecasinos.com/croatia/zagreb/vulkan-automat-klub---zagreb,0
https://www.thecasinos.com/croatia/karlovac/vulkan-automat-klub---karlovac,0
https://www.thecasinos.com/united-states/hollywood/seminole-classic-casino-hollywood,0
https://www.thecasinos.com/czech-republic/teplice/imperial-casino-roma,0
https://www.thecasinos.com/slovakia/bratislava/galaxy-casino-bratislava---rovinka,0
https://www.thecasinos.com/slovakia/bratislava/galaxy-casino-bratislava-osuskeho,0
https://www.thecasinos.com/slovakia/bratislava/galaxy-casino-bratislava---racianska,0
https://www.thecasinos.com/czech-republic/plzen/casino-power-plzen---sokolovsk,0
https://www.thecasinos.com/czech-republic/plzen/casino-power-plzen---lbkova,0
https://www.thecasinos.com/mexico/tlalnepantla-de-baz/capri-casino-satlite,0
https://www.thecasinos.com/philippines/manila/casino-filipino---adriatico-square,0
https://www.thecasinos.com/czech-republic/plzen/casino-power-plzen---dlouh,0
https://www.thecasinos.com/czech-republic/hradec-kralove/casino-power-hradec-kralove---t-jana-masaryka,0
https://www.thecasinos.com/czech-republic/hradec-kralove/casino-power-alessandria,0
https://www.thecasinos.com/croatia/novalja/vulkan-automat-klub-novalja-ii,0
https://www.thecasinos.com/croatia/omis/vulkan-automat-klub-omis,0
https://www.thecasinos.com/croatia/mursko-sredisce/vulkan-automat-klub-mursko-sredie,0
https://www.thecasinos.com/croatia/crikvenica/vulkan-automat-klub---crikvenica,0
https://www.thecasinos.com/croatia/novi-vinodolski/vulkan-automat-klub-novi-vinodolski,0
https://www.thecasinos.com/croatia/makarska/vulkan-automat-klub---makarska,0
https://www.thecasinos.com/united-states/st-louis/hollywood-casino-st-louis,0
https://www.thecasinos.com/united-states/okemah/golden-pony-casino,0
https://www.thecasinos.com/united-states/kingston/texoma-casino,0
https://www.thecasinos.com/croatia/krk/vulkan-automat-klub-malinska,0
https://www.thecasinos.com/czech-republic/pardubice/casino-power-pardubice---palackho,0
https://www.thecasinos.com/czech-republic/pardubice/casino-power-pardubice---odbor,0
https://www.thecasinos.com/czech-republic/liberec/casino-golden-game-liberec,0
https://www.thecasinos.com/czech-republic/usti-nad-labem/casino-power-st-nad-labem---krunohorsk,0
https://www.thecasinos.com/croatia/split/vulkan-premium-automat-klub---split,0
https://www.thecasinos.com/belgium/lier/golden-palace-lier,0
https://www.thecasinos.com/croatia/solin/vulkan-automat-klub---solin-2,0
https://www.thecasinos.com/croatia/primosten/vulkan-automat-klub---primoten,0
https://www.thecasinos.com/croatia/podstrana/vulkan-automat-klub---podstrana,0
https://www.thecasinos.com/croatia/imotski/vulkan-automat-klub---imotski,0
https://www.thecasinos.com/belarus/minsk/maxbet-nezavisimosti,0
https://www.thecasinos.com/belarus/minsk/maxbet-rafiyeva,0
https://www.thecasinos.com/czech-republic/nymburk/forbes-casino-nymburk,0
https://www.thecasinos.com/czech-republic/liberec/casino-power-liberec,0
https://www.thecasinos.com/czech-republic/ostrava/casino-power-ostrava,0
https://www.thecasinos.com/czech-republic/plzen/casino-happy-day-plzen,0
https://www.thecasinos.com/czech-republic/nachod/casino-happy-day-nchod,0
https://www.thecasinos.com/czech-republic/chrudim/synot-tip-casino-chrudim,0
https://www.thecasinos.com/czech-republic/breclav/synot-tip-casino-kostice,0
https://www.thecasinos.com/macau/macau/casino-jai-alai,0
https://www.thecasinos.com/czech-republic/letohrad/herna-synot-tip-na-kovarne,0
https://www.thecasinos.com/czech-republic/roznov-pod-radhostem/synot-tip-casino-roznov-pod-radhostem,0
https://www.thecasinos.com/czech-republic/tynec-nad-labem/herna-synot-tip-u-labe,0
https://www.thecasinos.com/czech-republic/nymburk/herna-synot-tip-damis,0
https://www.thecasinos.com/czech-republic/zlin/synot-tip-casino-kvitkova,0
https://www.thecasinos.com/czech-republic/pardubice/synot-tip-club-pardubice-dasicka,0
https://www.thecasinos.com/czech-republic/mimon/synot-tip-club-mimon,0
https://www.thecasinos.com/czech-republic/vlasim/herna-kalypso--vlaim,0
https://www.thecasinos.com/belarus/minsk/maxbet-surhanava,0
https://www.thecasinos.com/belarus/minsk/maxbet-tuchinskiy,0
https://www.thecasinos.com/czech-republic/slusovice/herna-flamingo---sluovice,0
https://www.thecasinos.com/czech-republic/most/herna-domino-most,0
https://www.thecasinos.com/czech-republic/milovice/herna-mango---milovice,0
https://www.thecasinos.com/czech-republic/jesenik/herna-papousek,0
https://www.thecasinos.com/czech-republic/jaromer/herna-starwin,0
https://www.thecasinos.com/czech-republic/hostomice/herna-hostomice,0
https://www.thecasinos.com/czech-republic/ceska-lipa/herna-hongkong-i,0
https://www.thecasinos.com/czech-republic/ceska-lipa/herna-infiniti,0
https://www.thecasinos.com/czech-republic/brandys-nad-labem-stara-boleslav/herna-gambie,0
https://www.thecasinos.com/czech-republic/beroun/herna-na-rku,0
https://www.thecasinos.com/czech-republic/mlada-boleslav/casino-sportgames-trio,0
https://www.thecasinos.com/czech-republic/prague/sportgames-casino-palmovka,0
https://www.thecasinos.com/czech-republic/prague/sportgames-casino-florenc,0
https://www.thecasinos.com/czech-republic/prague/sportgames-casino-epy,0
https://www.thecasinos.com/croatia/donji-miholjac/casino-senator---kruzer,0
https://www.thecasinos.com/croatia/pula/senator-klub-stella,0
https://www.thecasinos.com/spain/zamora/bingo-zamora,0
https://www.thecasinos.com/united-states/north-kansas-city/harrahs-north-kansas-city-casino--hotel,0
https://www.thecasinos.com/united-states/st-louis/horseshoe-st-louis,0
https://www.thecasinos.com/united-states/missoula/gray-wolf-peak-casino,0
https://www.thecasinos.com/united-states/bigfork/garden-bar,0
https://www.thecasinos.com/slovakia/nitra/kajot-intacto-nitra-ajkovskho,0
https://www.thecasinos.com/slovakia/nitra/kajot-intacto-nitra-mostn,0
https://www.thecasinos.com/united-states/blackfoot/sage-hill-travel-center--casino,0
https://www.thecasinos.com/spain/cartagena/gran-casino-cartagena,0
https://www.thecasinos.com/czech-republic/sokolov/forbes-casino-sokolov,0
https://www.thecasinos.com/czech-republic/holesov/forbes-casino-holeov,0
https://www.thecasinos.com/slovakia/levice/kajot-intacto-levice,0
https://www.thecasinos.com/slovakia/ziar-nad-hronom/kajot-intacto-iar-nad-hronom,0
https://www.thecasinos.com/slovakia/komarno/kajot-intacto-komrno,0
https://www.thecasinos.com/romania/jimbolia/kajot-intacto-timisoara-jimbolia,0
https://www.thecasinos.com/romania/ploiesti/kajot-intacto-ploiesti,0
https://www.thecasinos.com/mexico/naucalpan/vaneto-casino-interlomas,0
https://www.thecasinos.com/czech-republic/chomutov/kajot-intacto-hora-svatho-ebestina,0
https://www.thecasinos.com/czech-republic/prostejov/kajot-intacto-prostjov-drovice,0
https://www.thecasinos.com/czech-republic/prague/kajot-intacto-praha-galerie-harfa,0
https://www.thecasinos.com/czech-republic/prague/kajot-intacto-praha-laudova,0
https://www.thecasinos.com/canada/medicine-hat/copper-coulee-casino,0
https://www.thecasinos.com/canada/cranbrook/casino-of-the-rockies,0
https://www.thecasinos.com/czech-republic/vyssi-brod/forbes-casino-vy-brod,0
https://www.thecasinos.com/czech-republic/hustopece/forbes-casino-hustopee,0
https://www.thecasinos.com/czech-republic/zlin/forbes-casino-zln,0
https://www.thecasinos.com/czech-republic/teplice/forbes-casino-max,0
https://www.thecasinos.com/mexico/manzanillo/casino-riviera-manzanillo,0
https://www.thecasinos.com/colombia/medellin/casino-hollywood-milla-de-oro,0
https://www.thecasinos.com/colombia/bogota/casino-hollywood-unicentro,0
https://www.thecasinos.com/czech-republic/sternberk/casso-club-palava,0
https://www.thecasinos.com/czech-republic/kladno/casso-club-startrek,0
https://www.thecasinos.com/panama/panama-city/magic-casino-dorado,0
https://www.thecasinos.com/colombia/medellin/casino-broadway-70,0
https://www.thecasinos.com/czech-republic/melnik/casso-club-mlnk,0
https://www.thecasinos.com/united-states/las-vegas/caesars-palace-casino,0
https://www.thecasinos.com/united-states/las-vegas/aria-resort--casino-las-vegas,0
https://www.thecasinos.com/united-states/polson/best-western--kwataqnuk-casino,0
https://www.thecasinos.com/united-states/niobrara/ohiya-casino--resort,0
https://www.thecasinos.com/slovakia/kosice/galaxy-casino-kosice---jesenskeho,0
https://www.thecasinos.com/united-states/henderson/m-resort-spa-casino,0
https://www.thecasinos.com/united-states/jackpot/cactus-petes-resort--casino,0
https://www.thecasinos.com/united-states/las-vegas/horseshoe-las-vegas,0
https://www.thecasinos.com/united-states/las-vegas/circus-circus-casino,0
https://www.thecasinos.com/czech-republic/prague/casso-club-prague-zlin,0
https://www.thecasinos.com/united-states/las-vegas/flamingo-las-vegas,0
https://www.thecasinos.com/czech-republic/nachod/casso-club-nchod,0
https://www.thecasinos.com/czech-republic/olomouc/casso-club-daytona,0
https://www.thecasinos.com/czech-republic/mlada-boleslav/big-x-win-casino---mlad-boleslav,0
https://www.thecasinos.com/united-states/las-vegas/harrahs-las-vegas,0
https://www.thecasinos.com/united-states/fort-gibson/cherokee-casino---fort-gibson,0
https://www.thecasinos.com/united-states/red-lodge/snow-creek-saloon,0
https://www.thecasinos.com/belgium/mons/betting-shop-saint-ghislain,0
https://www.thecasinos.com/tunisia/mezraya/grand-pasino-djerba,0
https://www.thecasinos.com/vietnam/hanoi/macau-club,0
https://www.thecasinos.com/mexico/hermosillo/orus-casino,0
https://www.thecasinos.com/united-states/las-vegas/the-venetian-las-vegas,0
https://www.thecasinos.com/united-states/las-vegas/oyo-casino-hotel-las-vegas,0
https://www.thecasinos.com/united-states/las-vegas/mgm-grand-las-vegas,0
https://www.thecasinos.com/united-states/las-vegas/palazzo-las-vegas,0
https://www.thecasinos.com/united-states/hoopa/lucky-bear-casino,0
https://www.thecasinos.com/russia/vladivostok/phoenix-resort-casino-primorye,0
https://www.thecasinos.com/czech-republic/teplice/forbes-casino-teplice,0
https://www.thecasinos.com/czech-republic/opava/casso-club-havana,0
https://www.thecasinos.com/czech-republic/pribram/casso-club-pbram,0
https://www.thecasinos.com/czech-republic/ostrava/casso-club-studenka,0
https://www.thecasinos.com/czech-republic/novy-jicin/casino-sport-nov-jin,0
https://www.thecasinos.com/czech-republic/ceska-lipa/big-x-win-casino---esk-lpa,0
https://www.thecasinos.com/czech-republic/jihlava/casino-v-rji,0
https://www.thecasinos.com/slovakia/zilina/galaxy-casino-ilina---prielohy,0
https://www.thecasinos.com/slovakia/zilina/galaxy-casino-ilina---mr-tefnika,0
https://www.thecasinos.com/slovakia/zilina/galaxy-casino-ilina---terasy,0
https://www.thecasinos.com/czech-republic/beroun/casino-magic-planet-beroun,0
https://www.thecasinos.com/united-states/las-vegas/treasure-island-hotel--casino,0
https://www.thecasinos.com/united-states/las-vegas/tropicana-las-vegas,0
https://www.thecasinos.com/united-states/las-vegas/california-hotel-casino-las-vegas,0
https://www.thecasinos.com/united-states/las-vegas/el-cortez-hotel--casino,0
https://www.thecasinos.com/canada/windsor/caesars-windsor-casino,0
https://www.thecasinos.com/united-kingdom/london/forty-five-kensington,0
https://www.thecasinos.com/slovakia/trencin/galaxy-casino-trencin,0
https://www.thecasinos.com/slovakia/poprad/galaxy-casino-poprad,0
https://www.thecasinos.com/czech-republic/most/casino-magic-planet-most,0
https://www.thecasinos.com/czech-republic/prague/casino-magic-planet-praha-1,0
https://www.thecasinos.com/czech-republic/prague/casino-magic-planet-praha-11,0
https://www.thecasinos.com/czech-republic/teplice/casino-magic-planet-teplice,0
https://www.thecasinos.com/czech-republic/vsetin/casino-magic-planet-vsetn,0
https://www.thecasinos.com/slovakia/martin/galaxy-casino-martin---mr-tefnika,0
https://www.thecasinos.com/czech-republic/plzen/herna-stop-bar-eldordo,0
https://www.thecasinos.com/czech-republic/plzen/herna-apollo,0
https://www.thecasinos.com/czech-republic/zelezna-ruda/herna-calcio,0
https://www.thecasinos.com/czech-republic/as/herna-lucky,0
https://www.thecasinos.com/czech-republic/klasterec-nad-ohri/herna-dragon-4,0
https://www.thecasinos.com/united-states/las-vegas/four-queens-hotel--casino,0
https://www.thecasinos.com/united-states/las-vegas/golden-nugget-las-vegas,0
https://www.thecasinos.com/united-states/las-vegas/main-street-station-hotel-casino--brewery,0
https://www.thecasinos.com/switzerland/bern/grand-casino-bern,0
https://www.thecasinos.com/united-states/sloan/winnavegas-casino-resort,0
https://www.thecasinos.com/czech-republic/ostrava/kajot-intacto-ostrava,0
https://www.thecasinos.com/czech-republic/pardubice/kajot-intacto-pardubice,0
https://www.thecasinos.com/united-states/las-vegas/palms-casino-resort,0
https://www.thecasinos.com/united-states/rising-sun/rising-star-casino-resort,0
https://www.thecasinos.com/czech-republic/slany/herna-lambda,0
https://www.thecasinos.com/czech-republic/duchcov/herna-forbes-duchcov,0
https://www.thecasinos.com/czech-republic/krupka/herna-trocadero,0
https://www.thecasinos.com/jamaica/montego-bay/acropolis---montego-bay,0
https://www.thecasinos.com/slovakia/pezinok/monaco-pezinok-iii,0
https://www.thecasinos.com/slovakia/pezinok/monaco-pezinok-i,0
https://www.thecasinos.com/slovakia/bratislava/monaco-raa,0
https://www.thecasinos.com/egypt/cairo/koshtomor-casino,0
https://www.thecasinos.com/slovakia/bratislava/monaco-panel-pub,0
https://www.thecasinos.com/slovakia/piestany/casino-excel-pieany,0
https://www.thecasinos.com/slovakia/martin/excel-club-martin,0
https://www.thecasinos.com/united-states/las-vegas/rio-all-suite-hotel-and-casino,0
https://www.thecasinos.com/united-states/las-vegas/red-rock-casino-resort-spa,0
https://www.thecasinos.com/slovakia/bratislava/excel-club-bratislava-budatinska,0
https://www.thecasinos.com/slovakia/komarno/club-las-vegas,0
https://www.thecasinos.com/slovakia/trencin/excel-club-trencin-biskupice,0
https://www.thecasinos.com/slovakia/kezmarok/eurogold-game-club---kemarok,0
https://www.thecasinos.com/argentina/villa-de-merlo/casino-flamingo-merlo,0
https://www.thecasinos.com/slovakia/malacky/topgame-club-malacky,0
https://www.thecasinos.com/slovakia/nitra/topgame-club-hotel-oko,0
https://www.thecasinos.com/united-states/las-vegas/orleans-hotel--casino-las-vegas,0
https://www.thecasinos.com/united-states/great-falls/aces-tavern,0
https://www.thecasinos.com/united-states/grand-island/fonner-park,0
https://www.thecasinos.com/romania/bucharest/maxbet-bucuresti-morarilor,0
https://www.thecasinos.com/romania/bucharest/maxbet-bucuresti-titan,0
https://www.thecasinos.com/romania/bucharest/maxbet-bucuresti-ghencea,0
https://www.thecasinos.com/romania/bucharest/maxbet-bucuresti-muncii-calarasilor,0
https://www.thecasinos.com/romania/bucharest/maxbet-bucuresti-septembrie-231a,0
https://www.thecasinos.com/romania/bucharest/maxbet-bucuresti-lacul-tei,0
https://www.thecasinos.com/romania/bucharest/maxbet-bucuresti-decebal,0
https://www.thecasinos.com/romania/bucharest/maxbet-bucuresti-budapesta,0
https://www.thecasinos.com/romania/bucharest/maxbet-bucuresti-potcoava,0
https://www.thecasinos.com/austria/graz/alpha-das-card-casino,0
https://www.thecasinos.com/united-states/bossier-city/horseshoe-casino--hotel---bossier-city,0
https://www.thecasinos.com/slovakia/nitra/topgame-club-nitra,0
https://www.thecasinos.com/slovakia/topolcany/eden-club-topoany,0
https://www.thecasinos.com/romania/bucharest/maxbet-bucuresti-crangasi-12,0
https://www.thecasinos.com/romania/bucharest/maxbet-bucuresti-tineretului,0
https://www.thecasinos.com/united-states/las-vegas/suncoast-hotel--casino-las-vegas,0
https://www.thecasinos.com/united-states/las-vegas/gold-coast-hotel--casino,0
https://www.thecasinos.com/united-states/las-vegas/tuscany-suites--casino,0
https://www.thecasinos.com/united-states/laughlin/aquarius-casino-resort,0
https://www.thecasinos.com/united-states/primm/buffalo-bills-resort-and-casino,0
https://www.thecasinos.com/slovakia/topolcany/topgame-club-topoany,0
https://www.thecasinos.com/slovakia/prievidza/borka-prievidza,0
https://www.thecasinos.com/slovakia/levice/topgame-club-levice---kalvnske-nm,0
https://www.thecasinos.com/slovakia/matuskovo/topgame-club-matkovo,0
https://www.thecasinos.com/slovakia/kosice/golden-dragon-koice,0
https://www.thecasinos.com/slovakia/poprad/nevada-poprad,0
https://www.thecasinos.com/slovakia/poprad/u-alberta-poprad,0
https://www.thecasinos.com/austria/krems-an-der-donau/winwin---krems,0
https://www.thecasinos.com/macau/macau/macau-canidrome,0
https://www.thecasinos.com/slovakia/banska-bystrica/rio-club-bansk-bystrica,0
https://www.thecasinos.com/slovakia/cadca/rio-club-adca,0
https://www.thecasinos.com/slovakia/rimavska-sobota/rio-club-rimavsk-sobota,0
https://www.thecasinos.com/united-states/primm/primm-valley-resort-and-casino,0
https://www.thecasinos.com/united-states/east-wenatchee/buzz-inn-steakhouse-and-casino,0
https://www.thecasinos.com/romania/bucharest/maxbet-bucuresti-colentina-12,0
https://www.thecasinos.com/romania/bucharest/maxbet-bucuresti-floreasca,0
https://www.thecasinos.com/united-kingdom/southall/merkur-slots-southall,0
https://www.thecasinos.com/romania/bucharest/maxbet-bucuresti-giurgiului-123,0
https://www.thecasinos.com/romania/bucharest/maxbet-bucuresti-unirii,0
https://www.thecasinos.com/romania/bucharest/maxbet-bucuresti-obregia,0
https://www.thecasinos.com/romania/bucharest/maxbet-bucuresti-pantelimon-256,0
https://www.thecasinos.com/romania/bucharest/maxbet-bucuresti-rahova-alexandriei,0
https://www.thecasinos.com/romania/bucharest/maxbet-bucuresti-colentina-76,0
https://www.thecasinos.com/united-states/sparks/rail-city-casino,0
https://www.thecasinos.com/united-states/grover-beach/central-coast-casino,0
https://www.thecasinos.com/france/deauville/casino-barriere-deauville,0
https://www.thecasinos.com/slovakia/sered/rio-club-sere,0
https://www.thecasinos.com/slovakia/stara-tura/rio-club-star-tur,0
https://www.thecasinos.com/slovakia/zilina/rio-club-ilina---bluff,0
https://www.thecasinos.com/slovakia/zilina/rio-club-ilina---yucon,0
https://www.thecasinos.com/slovakia/trnava/hera-magnus-game---tefnikova,0
https://www.thecasinos.com/slovakia/trnava/hera-caballeros,0
https://www.thecasinos.com/slovakia/banska-bystrica/milion-club-bansk-bystrica,0
https://www.thecasinos.com/slovakia/senica/club-vip-ag-play,0
https://www.thecasinos.com/slovakia/senica/club-and-bar-ag-play-pohoda,0
https://www.thecasinos.com/slovakia/brodske/club--bar-ag-play-brodsk,0
https://www.thecasinos.com/united-states/reno/circus-circus-reno,0
https://www.thecasinos.com/united-states/reno/peppermill-hotel--casino,0
https://www.thecasinos.com/united-states/stateline/harveys-lake-tahoe-resort--casino,0
https://www.thecasinos.com/united-states/atlantic-city/ballys-atlantic-city,0
https://www.thecasinos.com/romania/bucharest/maxbet-bucuresti-city-mall,0
https://www.thecasinos.com/romania/bucharest/maxbet-bucuresti-militari-gorjului,0
https://www.thecasinos.com/romania/bucharest/maxbet-bucuresti-timisoara-49,0
https://www.thecasinos.com/romania/bucharest/maxbet-bucuresti-mihalache-1-mai,0
https://www.thecasinos.com/romania/bucharest/maxbet-bucuresti-orhideea-obor,0
https://www.thecasinos.com/slovakia/piestany/club--bar-ag-play-vh,0
https://www.thecasinos.com/slovakia/velky-krtis/club--bar-ag-play-vek-krt,0
https://www.thecasinos.com/panama/panama-city/central-park-hotel-and-golden-lion-casino,0
https://www.thecasinos.com/slovakia/senica/club--bar-ag-play-napoli,0
https://www.thecasinos.com/romania/pitesti/maxbet-pitesti-exercitiu,0
https://www.thecasinos.com/united-states/atlantic-city/caesars-atlantic-city-hotel--casino,0
https://www.thecasinos.com/united-states/des-plaines/rivers-casino-des-plaines,0
https://www.thecasinos.com/united-states/east-rutherford/meadowlands-racing--entertainment,0
https://www.thecasinos.com/united-states/harlingen/valley-race-park,0
https://www.thecasinos.com/united-states/anaconda/happy-endings-casino,0
https://www.thecasinos.com/united-states/great-falls/holiday-casino-and-lounge,0
https://www.thecasinos.com/romania/pitesti/maxbet-pitesti-trivale,0
https://www.thecasinos.com/romania/constanta/maxbet-constanta-cismelei,0
https://www.thecasinos.com/united-states/eureka/owl-club-and-steak-house,0
https://www.thecasinos.com/slovakia/holic/club--bar-ag-play-hol-ii,0
https://www.thecasinos.com/slovakia/presov/encore-game-club,0
https://www.thecasinos.com/romania/bucharest/777-red-sevens-bucuresti---calea-mosilor,0
https://www.thecasinos.com/romania/bucharest/777-red-sevens-bucuresti---str-dristorului,0
https://www.thecasinos.com/romania/oradea/777-red-sevens-oradea---transilvaniei,0
https://www.thecasinos.com/nigeria/lagos/golden-sun-casino,0
https://www.thecasinos.com/albania/kukes/admiral---kukes,0
https://www.thecasinos.com/romania/constanta/maxbet-constanta-caragiale,0
https://www.thecasinos.com/romania/ramnicu-valcea/maxbet-rmnicu-vlcea,0
https://www.thecasinos.com/slovakia/revuca/mirrage-revca,0
https://www.thecasinos.com/romania/bihor/777-red-sevens-bihor---beiu,0
https://www.thecasinos.com/romania/bihor/777-red-sevens-bihor---salonta,0
https://www.thecasinos.com/romania/bihor/777-red-sevens-bihor---tei,0
https://www.thecasinos.com/romania/iasi/777-red-sevens-iai---alexandru-cel-bun,0
https://www.thecasinos.com/romania/iasi/777-red-sevens-iai---tudor-vladimirescu,0
https://www.thecasinos.com/romania/bacau/777-red-sevens-bacu---republicii,0
https://www.thecasinos.com/romania/bacau/777-red-sevens-bacu---9-mai,0
https://www.thecasinos.com/romania/oradea/777-red-sevens-deluxe---nagyvrad-1,0
https://www.thecasinos.com/romania/buzau/maxbet-buzau-gara,0
https://www.thecasinos.com/romania/bacau/maxbet-bacau-tic-tac,0
https://www.thecasinos.com/romania/constanta/maxbet-constanta-brotacei,0
https://www.thecasinos.com/romania/bacau/maxbet-bacau-centru,0
https://www.thecasinos.com/canada/edmonton/palace-casino-edmonton,0
https://www.thecasinos.com/romania/suceava/maxbet-suceava-piata,0
https://www.thecasinos.com/south-africa/port-edward/wild-coast-sun-resort--casino,0
https://www.thecasinos.com/united-states/pahrump/lakeside-casino--rv-park,0
https://www.thecasinos.com/romania/bucharest/mosilor-admiral-club,0
https://www.thecasinos.com/romania/bucharest/pantelimon-delfinului,0
https://www.thecasinos.com/romania/bucharest/titan-admiral-club,0
https://www.thecasinos.com/romania/bucharest/vitan-admiral-club,0
https://www.thecasinos.com/romania/bucharest/alexandriei-admiral-club,0
https://www.thecasinos.com/romania/bucharest/black--white-admiral-club,0
https://www.thecasinos.com/romania/bucharest/loto-admiral-club,0
https://www.thecasinos.com/romania/bucharest/timisoarei-admiral-club,0
https://www.thecasinos.com/romania/onesti/bacau-admiral-club---oneti-2,0
https://www.thecasinos.com/romania/onesti/bacau-admiral-club---oneti-3,0
https://www.thecasinos.com/romania/brasov/brasov-saturn-admiral-club,0
https://www.thecasinos.com/romania/piatra-neamt/maxbet-piatra-neamt-mall,0
https://www.thecasinos.com/united-states/ada/ada-gaming-center,0
https://www.thecasinos.com/united-states/ada/chickasaw-travel-stop---ada-gaming-west,0
https://www.thecasinos.com/romania/brasov/tractorul-admiral-club,0
https://www.thecasinos.com/romania/brasov/braov-weiss-admiral-club,0
https://www.thecasinos.com/romania/oltenita/oltenita-tineretului-admiral-club,0
https://www.thecasinos.com/romania/resita/resita-admiral-club,0
https://www.thecasinos.com/romania/constanta/c-a-liliacului-admiral-club,0
https://www.thecasinos.com/united-states/anadarko/gold-river-casino,0
https://www.thecasinos.com/united-states/ardmore/gold-mountain-casino,0
https://www.thecasinos.com/united-states/bartlesville/osage-casino---bartlesville,0
https://www.thecasinos.com/united-states/canton/lucky-star-casino---canton,0
https://www.thecasinos.com/united-states/durant/choctaw-casino-resort---durant,0
https://www.thecasinos.com/czech-republic/bilina/casso-club-blina,0
https://www.thecasinos.com/united-states/eufaula/creek-nation-casino---eufaula,0
https://www.thecasinos.com/united-states/grove/grand-lake-casino,0
https://www.thecasinos.com/romania/targoviste/targoviste-admiral-club,0
https://www.thecasinos.com/romania/craiova/craiova-admiral-club,0
https://www.thecasinos.com/romania/galati/admiral-galati,0
https://www.thecasinos.com/romania/slobozia/slobozia-matei-basarab,0
https://www.thecasinos.com/romania/iasi/iai-galata-admiral-club,0
https://www.thecasinos.com/romania/otopeni/otopeni-admiral-club,0
https://www.thecasinos.com/united-states/harrah/kickapoo-casino---harrah,0
https://www.thecasinos.com/united-states/hominy/osage-casino---hominy,0
https://www.thecasinos.com/united-states/idabel/choctaw-casino---idabel,0
https://www.thecasinos.com/united-states/miami/buffalo-run-casino--resort,0
https://www.thecasinos.com/united-states/muskogee/creek-nation-casino-muskogee,0
https://www.thecasinos.com/united-states/deer-river/white-oak-casino,0
https://www.thecasinos.com/romania/bucharest/pipera-admiral-club,0
https://www.thecasinos.com/romania/piatra-neamt/admiral-piatra-neamt,0
https://www.thecasinos.com/romania/ploiesti/ploiesti-2-admiral-club,0
https://www.thecasinos.com/romania/ploiesti/ploiesti-admiral-club,0
https://www.thecasinos.com/romania/ploiesti/ploieti-cf-sud,0
https://www.thecasinos.com/united-states/norman/riverwind-casino,0
https://www.thecasinos.com/united-states/okmulgee/one-fire-casino,0
https://www.thecasinos.com/united-states/pawhuska/pawhuska-osage-casino--hotel,0
https://www.thecasinos.com/united-states/perkins/cimarron-casino,0
https://www.thecasinos.com/romania/tulcea/tulcea-admiral-club,0
https://www.thecasinos.com/romania/barlad/barlad-admiral-club,0
https://www.thecasinos.com/united-states/pocola/choctaw-casino---pocola,0
https://www.thecasinos.com/united-states/ponca-city/osage-casino--hotel---ponca-city,0
https://www.thecasinos.com/united-states/roland/cherokee-casino-and-hotel-roland,0
https://www.thecasinos.com/united-states/sallisaw/cherokee-casino---sallisaw,0
https://www.thecasinos.com/united-states/sand-springs/osage-casino---sand-springs,0
https://www.thecasinos.com/turks-and-caicos/providenciales/casablanca-casino,0
https://www.thecasinos.com/latvia/rezekne/fenikss-laimtava-rzekne,0
https://www.thecasinos.com/tanzania/arusha/premier-casino-arusha,0
https://www.thecasinos.com/zimbabwe/masvingo/flamboyant-casino,0
https://www.thecasinos.com/united-states/mount-pocono/mount-airy-casino-resort,0
https://www.thecasinos.com/united-states/shawnee/firelake-casino,0
https://www.thecasinos.com/united-states/skiatook/osage-casino-hotel---skiatook,0
https://www.thecasinos.com/united-states/stringtown/choctaw-casino---stringtown,0
https://www.thecasinos.com/united-states/tahlequah/cherokee-casino---tahlequah,0
https://www.thecasinos.com/romania/constanta/million-casino-constana,0
https://www.thecasinos.com/united-states/watts/cherokee-casino---west-siloam-springs,0
https://www.thecasinos.com/united-states/wilson/black-gold-casino,0
https://www.thecasinos.com/united-states/claremore/cherokee-casino-will-rogers-downs,0
https://www.thecasinos.com/united-states/bensalem/parx-casino-and-racing,0
https://www.thecasinos.com/united-states/chester/harrahs-philadelphia-casino--racetrack,0
https://www.thecasinos.com/united-states/erie/presque-isle-downs--casino,0
https://www.thecasinos.com/united-states/grantville/hollywood-casino-at-penn-national-race-course,0
https://www.thecasinos.com/united-states/wilkes-barre/mohegan-pennsylvania,0
https://www.thecasinos.com/united-kingdom/luton/grosvenor-casino---luton,0
https://www.thecasinos.com/mexico/tehuacan/skylights-casino,0
https://www.thecasinos.com/united-states/deadwood/gold-dust-casino-and-hotel,0
https://www.thecasinos.com/united-states/deadwood/silverado-franklin-hotel-and-casino,0
https://www.thecasinos.com/united-states/deadwood/old-style-saloon-no-10-casino,0
https://www.thecasinos.com/united-states/deadwood/mckennas-gold-casino,0
https://www.thecasinos.com/united-states/deadwood/deadwood-super-8-motel-and-casino,0
https://www.thecasinos.com/romania/bucharest/million-casino-bucureti---titan,0
https://www.thecasinos.com/romania/bucharest/million-casino-bucureti---piaa-muncii,0
https://www.thecasinos.com/united-states/deadwood/mineral-palace-hotel-and-gaming,0
https://www.thecasinos.com/united-states/deadwood/midnight-star-casino,0
https://www.thecasinos.com/united-states/deadwood/four-aces-hotel-casino,0
https://www.thecasinos.com/united-states/deadwood/first-gold-hotel-and-casino,0
https://www.thecasinos.com/united-states/deadwood/tin-lizzie-gaming-resort,0
https://www.thecasinos.com/united-states/deadwood/mustang-sallys-casino,0
https://www.thecasinos.com/united-states/deadwood/deadwood-dicks-casino,0
https://www.thecasinos.com/germany/bad-harzburg/spielbank-bad-harzburg,0
https://www.thecasinos.com/germany/bremen/casino-bremen,0
https://www.thecasinos.com/spain/gijon/casino-de-asturias,0
https://www.thecasinos.com/germany/kassel/spielbank-kassel,0
https://www.thecasinos.com/united-states/anacortes/swinomish-casino--lodge,0
https://www.thecasinos.com/united-states/auburn/muckleshoot-casino,0
https://www.thecasinos.com/romania/bucharest/million-casino-bucureti---octavian-goga,0
https://www.thecasinos.com/romania/focsani/million-casino-focani,0
https://www.thecasinos.com/united-states/airway-heights/northern-quest-resort--casino,0
https://www.thecasinos.com/united-states/arlington/angel-of-the-winds-casino-resort,0
https://www.thecasinos.com/united-states/bothell/silver-dollar-casino-mill-creek,0
https://www.thecasinos.com/united-states/bow/skagit-valley-casino-resort,0
https://www.thecasinos.com/united-states/chewelah/mistequa-casino-hotel,0
https://www.thecasinos.com/united-states/davenport/two-rivers-casino-resort,0
https://www.thecasinos.com/united-states/ferndale/silver-reef-casino-resort,0
https://www.thecasinos.com/united-states/fife/emerald-queen-hotel--casino-fife,0
https://www.thecasinos.com/czech-republic/opava/casino-bonver-opava---olomouck,0
https://www.thecasinos.com/united-states/shelton/little-creek-casino-resort,0
https://www.thecasinos.com/united-states/snoqualmie/snoqualmie-casino,0
https://www.thecasinos.com/united-states/suquamish/suquamish-clearwater-casino-resort,0
https://www.thecasinos.com/romania/bucharest/million-casino-bucureti---mihai-bravu,0
https://www.thecasinos.com/romania/bucharest/million-casino-bucureti---tefan-cel-mare,0
https://www.thecasinos.com/romania/baia-mare/million-casino-baia-mare,0
https://www.thecasinos.com/romania/arad/million-casino-arad,0
https://www.thecasinos.com/united-states/tokeland/shoalwater-bay-casino,0
https://www.thecasinos.com/united-states/toppenish/yakama-nation-legends-casino,0
https://www.thecasinos.com/united-states/tulalip/tulalip-resort-casino,0
https://www.thecasinos.com/united-states/auburn/emerald-downs-racing,0
https://www.thecasinos.com/united-states/white-sulphur-springs/casino-club-at-the-greenbrier,0
https://www.thecasinos.com/romania/craiova/million-casino-craiova---ion-maiorescu,0
https://www.thecasinos.com/united-states/cross-lanes/mardi-gras-casino--resort,0
https://www.thecasinos.com/vanuatu/port-vila/club-21-casino-at-the-melanesian,0
https://www.thecasinos.com/united-states/santa-cruz/oceanview-casino,0
https://www.thecasinos.com/senegal/dakar/red-games-casino,0
https://www.thecasinos.com/denmark/skanderborg/horsens-poker-klub,0
https://www.thecasinos.com/romania/braila/million-casino-brila---str-mihai-eminescu,0
https://www.thecasinos.com/romania/constanta/million-casino-constana---bld-1-decembrie,0
https://www.thecasinos.com/cambodia/paoy-pet/golden-crown-casino,0
https://www.thecasinos.com/vietnam/ha-long/royal-international-gaming-club,0
https://www.thecasinos.com/argentina/santiago-del-estero/casino-sala-florida,0
https://www.thecasinos.com/united-states/green-bay/oneida-casino,0
https://www.thecasinos.com/united-states/keshena/menominee-casino-resort,0
https://www.thecasinos.com/canada/lethbridge/bullys-casino-at-rocky-mountain-turf-club,0
https://www.thecasinos.com/united-states/laurel/laurel-park,0
https://www.thecasinos.com/united-states/wheeling/wheeling-island-hotel-casino-racetrack,0
https://www.thecasinos.com/united-states/charles-town/hollywood-casino-at-charles-town-races,0
https://www.thecasinos.com/united-states/black-river-falls/ho-chunk-gaming-black-river-falls,0
https://www.thecasinos.com/united-states/santa-rosa/shiloh-casino-and-resort,0
https://www.thecasinos.com/romania/caransebes/million-casino-caransebe,0
https://www.thecasinos.com/uruguay/colonia-del-sacramento/sala-colonia-centro,0
https://www.thecasinos.com/romania/pitesti/million-casino-piteti,0
https://www.thecasinos.com/united-states/bowler/north-star-mohican-casino--resort,0
https://www.thecasinos.com/united-states/nekoosa/ho-chunk-gaming-nekoosa,0
https://www.thecasinos.com/united-states/ethete/little-wind-casino,0
https://www.thecasinos.com/united-states/lander/shoshone-rose-casino,0
https://www.thecasinos.com/united-states/riverton/wind-river-hotel-and-casino,0
https://www.thecasinos.com/canada/calgary/century-casino--bowling-calgary,0
https://www.thecasinos.com/canada/edmonton/century-casino--hotel-edmonton,0
https://www.thecasinos.com/mozambique/namaacha/libombos-hotel--casino-namaacha,0
https://www.thecasinos.com/united-states/las-vegas/mandalay-bay-resort--casino,0
https://www.thecasinos.com/romania/targu-jiu/million-casino-trgu-jiu,0
https://www.thecasinos.com/canada/gatineau/casino-du-lac-leamy-at-hilton-lac-leamy,0
https://www.thecasinos.com/united-states/las-vegas/planet-hollywood-resort--casino-las-vegas,0
https://www.thecasinos.com/united-states/wayland/gun-lake-casino,0
https://www.thecasinos.com/canada/burnaby/grand-villa-casino-burnaby,0
https://www.thecasinos.com/canada/victoria/elements-casino-victoria,0
https://www.thecasinos.com/united-states/las-vegas/cosmopolitan-of-las-vegas,0
https://www.thecasinos.com/united-states/coos-bay/three-rivers-casino-coos-bay,0
https://www.thecasinos.com/czech-republic/ceska-lipa/casino-san-marco---cesky-brod,0
https://www.thecasinos.com/denmark/randers/randers-card-room,0
https://www.thecasinos.com/romania/bucharest/mihalache-admiral-club,0
https://www.thecasinos.com/united-kingdom/workington/admiral-washington-square,0
https://www.thecasinos.com/united-kingdom/whitehaven/admiral-whitehaven,0
https://www.thecasinos.com/australia/somerset/seabrook-hotel,0
https://www.thecasinos.com/australia/ulverstone/the-furners-hotel,0
https://www.thecasinos.com/australia/smithton/tall-timbers-hotel,0
https://www.thecasinos.com/united-states/new-orleans/harrahs-new-orleans-casino--hotel,0
https://www.thecasinos.com/united-states/albuquerque/palace-west-casino,0
https://www.thecasinos.com/czech-republic/koprivnice/casino-san-marco---kopivnice,0
https://www.thecasinos.com/czech-republic/prague/casino-san-marco-turnovskeho---prague,0
https://www.thecasinos.com/czech-republic/valasske-mezirici/casino-san-marco---valasske-mezirici,0
https://www.thecasinos.com/romania/bucharest/efbet-stefan-cel-mare,0
https://www.thecasinos.com/romania/bucharest/bonus-drumul-taberei-138,0
https://www.thecasinos.com/romania/bucharest/bonus-iuliu-maniu-59,0
https://www.thecasinos.com/romania/bucharest/bonus-lacul-tei,0
https://www.thecasinos.com/ireland/dublin/expo-casino---santry,0
https://www.thecasinos.com/australia/bellerive/waterfront-hotel,0
https://www.thecasinos.com/argentina/ingeniero-jacobacci/casino-de-jacobacci,0
https://www.thecasinos.com/argentina/san-carlos-de-bariloche/casino-de-onelli,0
https://www.thecasinos.com/zimbabwe/harare/casino-marina-harare,0
https://www.thecasinos.com/united-kingdom/edinburgh/admiral-edinburgh,0
https://www.thecasinos.com/austria/salzburg/concord-card-casino---hallein,0
https://www.thecasinos.com/united-kingdom/ayr/admiral-ayr,0
https://www.thecasinos.com/united-kingdom/kilmarnock/admiral-kilmarnock,0
https://www.thecasinos.com/united-kingdom/irvine/admiral-irvine,0
https://www.thecasinos.com/united-kingdom/motherwell/admiral-motherwell,0
https://www.thecasinos.com/australia/zeehan/heemskirk-motor-hotel,0
https://www.thecasinos.com/costa-rica/guanacaste/hotel-tamarindo-diria-casino,0
https://www.thecasinos.com/australia/smithton/the-bridge-hotel,0
https://www.thecasinos.com/australia/ulverstone/the-lighthouse-hotel,0
https://www.thecasinos.com/united-states/tracy/stars-casino,0
https://www.thecasinos.com/united-kingdom/clydebank/admiral-clydebank,0
https://www.thecasinos.com/united-kingdom/paisley/admiral-paisley,0
https://www.thecasinos.com/united-states/atlantic-city/resorts-casino-hotel,0
https://www.thecasinos.com/united-states/rock-springs/one-from-bingo,0
https://www.thecasinos.com/philippines/manila/winford-resort,0
https://www.thecasinos.com/belgium/bornem/napoleon-games---casino-bornem,0
https://www.thecasinos.com/romania/bucharest/bonus-oltenitei,0
https://www.thecasinos.com/romania/bucharest/bonus-pantelimon,0
https://www.thecasinos.com/romania/constanta/bonus-cismelei,0
https://www.thecasinos.com/romania/bucharest/radisson-blu-bucharest,0
https://www.thecasinos.com/romania/arad/las-vegas-games---arad-bulevardul-revolutiei,0
https://www.thecasinos.com/romania/bacau/las-vegas-games---bacau--str-stephen,0
https://www.thecasinos.com/romania/bacau/las-vegas-games---bacau-str-mioritei,0
https://www.thecasinos.com/argentina/san-luis/casino-tropicana-santa-rosa-del-conlara,0
https://www.thecasinos.com/argentina/san-miguel-de-tucuman/casino-del-parque,0
https://www.thecasinos.com/colombia/bogota/hollywood-casino--cafe-concert,0
https://www.thecasinos.com/colombia/bogota/crown-casino---san-rafael,0
https://www.thecasinos.com/australia/glenorchy/club-hotel-glenorchy,0
https://www.thecasinos.com/australia/east-devonport/edgewater-hotel,0
https://www.thecasinos.com/united-kingdom/scarborough/gillys-casino,0
https://www.thecasinos.com/united-kingdom/smethwick/game-nation-bearwood,0
https://www.thecasinos.com/united-kingdom/london/game-nation-brixton,0
https://www.thecasinos.com/united-kingdom/bromley/city-slots-bromley,0
https://www.thecasinos.com/belgium/antwerpen/blitz-casino-antwerpen,0
https://www.thecasinos.com/australia/latrobe/mackeys-royal-hotel,0
https://www.thecasinos.com/colombia/medellin/casino-broadway-80,0
https://www.thecasinos.com/australia/devonport/molly-malones,0
https://www.thecasinos.com/romania/botosani/las-vegas-games---botosani-str-marchian,0
https://www.thecasinos.com/romania/botosani/las-vegas-games---botosani-calea-nationala,0
https://www.thecasinos.com/united-states/louisville/derby-city-gaming-downtown,0
https://www.thecasinos.com/united-states/lake-ozark/osage-casino-lake-ozark,0
https://www.thecasinos.com/colombia/medellin/casino-broadway-itagui-1,0
https://www.thecasinos.com/colombia/medellin/casino-broadway-itagui-2,0
https://www.thecasinos.com/australia/lutana/brooker-inn,0
https://www.thecasinos.com/united-kingdom/london/game-nation-camberwell,0
https://www.thecasinos.com/united-kingdom/chatham/city-slots-chatham,0
https://www.thecasinos.com/colombia/bogota/casino-broadway-plaza-de-las-americas-2,0
https://www.thecasinos.com/colombia/bogota/casino-broadway-prado,0
https://www.thecasinos.com/colombia/bogota/casino-broadway-veracruz,0
https://www.thecasinos.com/costa-rica/san-jose/white-house-hotel-casino,0
https://www.thecasinos.com/australia/berriedale/granada-tavern,0
https://www.thecasinos.com/australia/alexandra-headland/alexandra-headlands-hotel,0
https://www.thecasinos.com/australia/aberfoyle-park/aberfoyle-hub-tavern,0
https://www.thecasinos.com/australia/rockhampton/allenstown-hotel,0
https://www.thecasinos.com/australia/longford/queens-arms-hotel,0
https://www.thecasinos.com/united-states/vernon/vernon-downs-casino-hotel,0
https://www.thecasinos.com/bonaire/kralendijk/divi-flamingo-beach-resort-and-casino,0
https://www.thecasinos.com/puerto-rico/dorado/blue-dolphin-casino-at-the-dorado-del-mar-club,0
https://www.thecasinos.com/puerto-rico/san-juan/oasis-casino-at-embassy-suites-san-juan,0
https://www.thecasinos.com/puerto-rico/mayaguez/mayagez-resort--casino,0
https://www.thecasinos.com/puerto-rico/ponce/el-tropical-casino-ponce-holiday-inn,0
https://www.thecasinos.com/united-states/amelia/amelia-belle-casino,0
https://www.thecasinos.com/russia/vladivostok/selena-world-resort--casino,0
https://www.thecasinos.com/united-kingdom/dagenham/game-nation-dagenham,0
https://www.thecasinos.com/united-kingdom/dover/game-nation-dover-1,0
https://www.thecasinos.com/kenya/nairobi/millionaires-casino,0
https://www.thecasinos.com/romania/botosani/las-vegas-games---botosani-primaverii,0
https://www.thecasinos.com/australia/mission-beach/mission-beach-resort,0
https://www.thecasinos.com/australia/atherton/atherton-hotel,0
https://www.thecasinos.com/australia/smithfield/smithfield-tavern,0
https://www.thecasinos.com/australia/manunda/the-edge-hill-tavern,0
https://www.thecasinos.com/australia/manunda/raintrees-tavern,0
https://www.thecasinos.com/costa-rica/guanacaste/hotel-riu-guanacaste-casino,0
https://www.thecasinos.com/australia/earlville/balaclava-hotel,0
https://www.thecasinos.com/australia/ayr/coutts-commercial-hotel,0
https://www.thecasinos.com/australia/bowen/queens-beach-hotel,0
https://www.thecasinos.com/united-kingdom/dover/game-nation-dover-2,0
https://www.thecasinos.com/united-kingdom/fareham/golden-touch-fareham,0
https://www.thecasinos.com/united-kingdom/sheffield/oak-amusements-firth-park,0
https://www.thecasinos.com/united-kingdom/hillsborough/oak-amusements-hillsborough,0
https://www.thecasinos.com/united-kingdom/ilford/game-nation-ilford,0
https://www.thecasinos.com/united-kingdom/london/palace-amusements-islington,0
https://www.thecasinos.com/nepal/jhapa/tiger-palace-resort-jhapa,0
https://www.thecasinos.com/belgium/rumes/golden-palace-rumes,0
https://www.thecasinos.com/united-kingdom/london/reel-time-london-kings-cross,0
https://www.thecasinos.com/united-states/las-vegas/golden-gate-hotel-and-casino,0
https://www.thecasinos.com/united-states/las-vegas/dottys-casino---charleston,0
https://www.thecasinos.com/united-kingdom/southampton/golden-touch-southampton,0
https://www.thecasinos.com/united-kingdom/london/game-nation-upton-park,0
https://www.thecasinos.com/united-kingdom/london/game-nation-wood-green,0
https://www.thecasinos.com/united-kingdom/caernarfon/apollo-caernarfon,0
https://www.thecasinos.com/united-kingdom/camborne/apollo-camborne,0
https://www.thecasinos.com/united-kingdom/canvey-island/rio-bingo-canvey-island,0
https://www.thecasinos.com/united-kingdom/skegness/roman-bank-bingo-skegness,0
https://www.thecasinos.com/united-kingdom/arbroath/buzz-bingo-arbroath,0
https://www.thecasinos.com/united-kingdom/ilford/buzz-bingo-barkingside,0
https://www.thecasinos.com/united-kingdom/barnsley/buzz-bingo-barnsley-pontefract,0
https://www.thecasinos.com/united-kingdom/basingstoke/buzz-bingo-basingstoke,0
https://www.thecasinos.com/spain/malaga/golden-lion-marbella,0
https://www.thecasinos.com/united-states/las-vegas/dottys-casino---st-rose,0
https://www.thecasinos.com/united-kingdom/bradford/buzz-bingo-bradford,0
https://www.thecasinos.com/united-kingdom/brighton/buzz-bingo-brighton,0
https://www.thecasinos.com/puerto-rico/rio-grande/rio-mar-casino-at-wyndham-grand,0
https://www.thecasinos.com/puerto-rico/san-juan/casino-del-mar-at-la-concha-resort,0
https://www.thecasinos.com/puerto-rico/san-juan/sheraton-puerto-rico-hotel--casino,0
https://www.thecasinos.com/puerto-rico/san-juan/stellaris-casino-at-san-juan-marriott,0
https://www.thecasinos.com/virgin-islands/christiansted/divi-carina-bay-resort--casino,0
https://www.thecasinos.com/united-kingdom/brighton/rendezvous-brighton-casino,0
https://www.thecasinos.com/united-kingdom/glasgow/alea-casino-glasgow,0
https://www.thecasinos.com/united-kingdom/london/empire-casino-london,0
https://www.thecasinos.com/south-africa/viljoensdrif/vaal-turf-club,0
https://www.thecasinos.com/romania/botosani/las-vegas-games---botosani-calea-grivita,0
https://www.thecasinos.com/romania/zarnesti/las-vegas-games---zarnesti-tiberiu-spanchez,0
https://www.thecasinos.com/united-states/ebro/ebro-greyhound-park--poker-room,0
https://www.thecasinos.com/united-states/gulfport/island-view-casino-resort,0
https://www.thecasinos.com/canada/calgary/elbow-river-casino,0
https://www.thecasinos.com/romania/ghimbav/las-vegas-games---ghimbav,0
https://www.thecasinos.com/romania/brasov/las-vegas-games---rasnov-florilor,0
https://www.thecasinos.com/united-kingdom/london/les-ambassadeurs-club,0
https://www.thecasinos.com/united-kingdom/london/sportsman-casino-bar-restaurant,0
https://www.thecasinos.com/united-kingdom/manchester/manchester235-casino,0
https://www.thecasinos.com/united-kingdom/nottingham/alea-nottingham-casino,0
https://www.thecasinos.com/united-kingdom/manchester/grosvenor-casino-bury-new-road,0
https://www.thecasinos.com/united-kingdom/manchester/grosvenor-casino-soames,0
https://www.thecasinos.com/united-kingdom/plymouth/grosvenor-casino-plymouth,0
https://www.thecasinos.com/united-kingdom/bristol/buzz-bingo-bristol-hengrove,0
https://www.thecasinos.com/united-kingdom/burnley/buzz-bingo-burnley,0
https://www.thecasinos.com/panama/colon/crown-casino-colon-2000,0
https://www.thecasinos.com/united-kingdom/falkirk/buzz-bingo-falkirk,0
https://www.thecasinos.com/united-kingdom/portsmouth/grosvenor-casino-gunwharf,0
https://www.thecasinos.com/united-kingdom/luton/genting-casino-luton,0
https://www.thecasinos.com/lithuania/vilnius/olympic-casino-akropolis,0
https://www.thecasinos.com/estonia/tallinn/olympic-casino-rocca-al-mare,0
https://www.thecasinos.com/romania/brasov/las-vegas-games---brasov-saturn-33,0
https://www.thecasinos.com/romania/brasov/las-vegas-games---brasov-egretei,0
https://www.thecasinos.com/romania/bucharest/las-vegas-games---bucuresti-soseaua-alexandriei,0
https://www.thecasinos.com/romania/bucharest/las-vegas-games---bucuresti-nasaud,0
https://www.thecasinos.com/romania/bucharest/las-vegas-games---bucuresti-ion-iriceanu,0
https://www.thecasinos.com/romania/bucharest/las-vegas-games---bucuresti-doamna-ghica,0
https://www.thecasinos.com/united-states/billings/bugzs-bar-and-casino,0
https://www.thecasinos.com/united-kingdom/coatbridge/buzz-bingo-coatbridge,0
https://www.thecasinos.com/united-kingdom/colchester/buzz-bingo-colchester,0
https://www.thecasinos.com/united-kingdom/coventry/buzz-bingo-coventry-walsgrave,0
https://www.thecasinos.com/united-kingdom/crawley/buzz-bingo-crawley,0
https://www.thecasinos.com/united-kingdom/stoke-on-trent/genting-club-stoke,0
https://www.thecasinos.com/cyprus/catalkoy/cratos-premium-casino,0
https://www.thecasinos.com/germany/aachen/casino-aachen,0
https://www.thecasinos.com/germany/bad-bentheim/spielbank-bad-bentheim,0
https://www.thecasinos.com/germany/bad-durkheim/speilbank-bad-durkheim,0
https://www.thecasinos.com/germany/homburg/spielbank-bad-homburg,0
https://www.thecasinos.com/germany/bad-kissingen/spielbank-bad-kissingen,0
https://www.thecasinos.com/germany/bad-neuenahr-ahrweiler/spielbank-bad-neuenahr,0
https://www.thecasinos.com/united-states/great-falls/flamingo-lounge,0
https://www.thecasinos.com/germany/bad-oeynhausen/casino-bad-oeynhausen,0
https://www.thecasinos.com/spain/valencia/toka-game-room-ontinyent-escultor,0
https://www.thecasinos.com/united-kingdom/darlington/buzz-bingo-darlington,0
https://www.thecasinos.com/united-kingdom/derby/buzz-bingo-derby-city,0
https://www.thecasinos.com/united-kingdom/salford/grosvenor-casino-salford,0
https://www.thecasinos.com/romania/buzau/las-vegas-games---buzau-boema,0
https://www.thecasinos.com/romania/cluj-napoca/las-vegas-games-cluj-napoca-floresti,0
https://www.thecasinos.com/romania/cluj-napoca/las-vegas-games---cluj-napoca-izlazului,0
https://www.thecasinos.com/romania/cluj-napoca/las-vegas-games-cluj-napoca-fabricii,0
https://www.thecasinos.com/romania/constanta/las-vegas-games---constanta-str-alexandru-lapusneanu,0
https://www.thecasinos.com/germany/bad-steben/spielbank-bad-steben,0
https://www.thecasinos.com/germany/bad-wiessee/spielbank-bad-wiessee,0
https://www.thecasinos.com/germany/bad-zwischenahn/spielbank-bad-zwischenahn,0
https://www.thecasinos.com/germany/baden-baden/spielbank-baden-baden,0
https://www.thecasinos.com/germany/cottbus/spielbank-cottbus,0
https://www.thecasinos.com/romania/craiova/las-vegas-games---craiova-titulescu,0
https://www.thecasinos.com/romania/craiova/las-vegas-games-craiova-henri-coanda,0
https://www.thecasinos.com/denmark/copenhagen/casino-house--torvegade,0
https://www.thecasinos.com/germany/garmisch-partenkirchen/spielbank-garmisch-partenkirchen,0
https://www.thecasinos.com/russia/vladivostok/sun-casino--resort---selena-world,0
https://www.thecasinos.com/spain/zaragoza/el-dorado---san-nazario,0
https://www.thecasinos.com/united-kingdom/dover/buzz-bingo-dover,0
https://www.thecasinos.com/united-kingdom/dumfries/buzz-bingo-dumfries,0
https://www.thecasinos.com/germany/hamburg/casino-esplanade,0
https://www.thecasinos.com/germany/hamburg/casino-reeperbahn,0
https://www.thecasinos.com/germany/kotzting/spielbank-kotzting,0
https://www.thecasinos.com/germany/lindau/spielbank-lindau,0
https://www.thecasinos.com/germany/konstanz/casino-konstanz,0
https://www.thecasinos.com/germany/mainz/spielbank-mainz,0
https://www.thecasinos.com/germany/osnabruck/osnabruck-casino,0
https://www.thecasinos.com/romania/iasi/las-vegas-games---iai-bulevardul-tudor-vladimirescu,0
https://www.thecasinos.com/romania/iasi/las-vegas-games---iai-calea-galata,0
https://www.thecasinos.com/costa-rica/alajuela/luigis-hotel-casino,0
https://www.thecasinos.com/canada/quesnel/billy-barker-casino-hotel,0
https://www.thecasinos.com/germany/potsdam/spielbank-potsdam,0
https://www.thecasinos.com/united-states/billings/atlantis-casino-billings,0
https://www.thecasinos.com/united-kingdom/enfield/buzz-bingo-enfield,0
https://www.thecasinos.com/united-kingdom/feltham/buzz-bingo-feltham,0
https://www.thecasinos.com/united-kingdom/glasgow/buzz-bingo-glasgow-possil-park,0
https://www.thecasinos.com/germany/saarbrucken/spielbank-saarbrucken,0
https://www.thecasinos.com/germany/schenefeld/casino-schenefeld,0
https://www.thecasinos.com/germany/trier/spielbank-trier,0
https://www.thecasinos.com/germany/westerland/sylt-spielbank-lounge,0
https://www.thecasinos.com/germany/wiesbaden/spielbank-wiesbaden,0
https://www.thecasinos.com/romania/bucharest/winbet-unirii,0
https://www.thecasinos.com/netherlands/valkenburg/holland-casino---valkenburg,0
https://www.thecasinos.com/portugal/povoa-de-varzim/casino-da-pvoa,0
https://www.thecasinos.com/portugal/funchal/pestana-casino-park,0
https://www.thecasinos.com/romania/iasi/las-vegas-games---iasi-str-garii,0
https://www.thecasinos.com/romania/iasi/las-vegas-games---iai-alexandru-cel-bun,0
https://www.thecasinos.com/france/palavas-les-flots/partouche-casino-palavas,0
https://www.thecasinos.com/cambodia/sihanoukville/the-rich-resort-and-casino,0
https://www.thecasinos.com/czech-republic/kladno/merkur-casino-kladno---eskoslovensk,0
https://www.thecasinos.com/united-states/tunica/horseshoe-casino-hotel-tunica,0
https://www.thecasinos.com/dominican-republic/santo-domingo/ramada-by-wyndham-princess-santo-domingo,0
https://www.thecasinos.com/romania/chiajna/las-vegas-games-chiajna,0
https://www.thecasinos.com/france/valras-plage/casino-de-valras-plage,0
https://www.thecasinos.com/france/royan/casino-barriere-royan,0
https://www.thecasinos.com/france/plouescat/casino-partouche-plouescat,0
https://www.thecasinos.com/mauritius/mahebourg/senator-club-casino-mahebourg,0
https://www.thecasinos.com/uruguay/montevideo/hipdromo-de-maroas,0
https://www.thecasinos.com/romania/suceava/las-vegas-games---suceava-vama,0
https://www.thecasinos.com/cambodia/phnom-penh/nagaworld-hotel--entertainment-complex,0
https://www.thecasinos.com/united-kingdom/london/grosvenor-casino-gloucester,0
https://www.thecasinos.com/romania/bucharest/winbet-rahova,0
https://www.thecasinos.com/romania/bucharest/winbet-vitan,0
https://www.thecasinos.com/romania/bucharest/winbet-mosilor,0
https://www.thecasinos.com/romania/bucharest/winbet-drumul-taberei,0
https://www.thecasinos.com/romania/bucharest/winbet-1-decembrie,0
https://www.thecasinos.com/united-kingdom/gloucester/buzz-bingo-gloucester,0
https://www.thecasinos.com/united-kingdom/grimsby/buzz-bingo-grimsby,0
https://www.thecasinos.com/united-kingdom/hanley/buzz-bingo-hanley,0
https://www.thecasinos.com/romania/bucharest/winbet-mihai-bravu,0
https://www.thecasinos.com/romania/constanta/zodiac-sal-jocuri-1-decembrie,0
https://www.thecasinos.com/romania/sibiu/las-vegas-games---sibiu-cartier-vasile-aron,0
https://www.thecasinos.com/macau/macau/jimei-casino-at-grand-lapa,0
https://www.thecasinos.com/macau/macau/casino-golden-dragon,0
https://www.thecasinos.com/macau/macau/hotel-fortuna-casino,0
https://www.thecasinos.com/cambodia/koh-kong/koh-kong-casino-resort,0
https://www.thecasinos.com/macau/macau/emperor-palace-casino,0
https://www.thecasinos.com/united-states/red-rock/7-clans-paradise-casino,0
https://www.thecasinos.com/romania/campulung-moldovenesc/las-vegas-games---campulung-moldovenesc,0
https://www.thecasinos.com/romania/suceava/las-vegas-games-suceava-george-enescu,0
https://www.thecasinos.com/united-states/fernley/dottys-casino---fernley,0
https://www.thecasinos.com/united-kingdom/liverpool/buzz-bingo-liverpool,0
https://www.thecasinos.com/romania/timisoara/las-vegas-games---timioara-circumvalaiunii,0
https://www.thecasinos.com/romania/suceava/las-vegas-games---suceava-1-decembrie,0
https://www.thecasinos.com/romania/timisoara/las-vegas-games---iulius-town-din-timioara,0
https://www.thecasinos.com/romania/sibiu/las-vegas-games---medias,0
https://www.thecasinos.com/macau/macau/macau-tower---mocha-club,0
https://www.thecasinos.com/macau/taipa/altira-macau--mocha-slots-hall,0
https://www.thecasinos.com/macau/taipa/grandview-casino-hotel,0
https://www.thecasinos.com/malaysia/genting-highlands/resorts-world-genting,0
https://www.thecasinos.com/myanmar/tachilek/regina-golf-club-hotel--resort-casino,0
https://www.thecasinos.com/south-korea/busan/paradise-casino-busan,0
https://www.thecasinos.com/laos/vientiane/dansavanh-nam-ngum-resort-casino,0
https://www.thecasinos.com/united-states/hawthorne/el-capitan-lodge--casino,0
https://www.thecasinos.com/united-states/anaconda/anaconda-country-club,0
https://www.thecasinos.com/united-states/billings/doc-and-eddys-west,0
https://www.thecasinos.com/hungary/pecs/casino-win-pcs,0
https://www.thecasinos.com/hungary/budapest/duna-poker-center,0
https://www.thecasinos.com/united-states/las-vegas/sierra-gold---s-jones-blvd,0
https://www.thecasinos.com/romania/ramnicu-valcea/las-vegas-games---rmnicu-valcea,0
https://www.thecasinos.com/czech-republic/ostrava/casino-kartac-elektra,0
https://www.thecasinos.com/romania/sibiu/zodiac-sal-jocuri-sibiu,0
https://www.thecasinos.com/czech-republic/opava/casino-kart-opava,0
https://www.thecasinos.com/romania/bucharest/zodiac-sal-jocuri-prosper,0
https://www.thecasinos.com/romania/constanta/zodiac-sal-jocuri-delfinariu,0
https://www.thecasinos.com/romania/alba-iulia/baum-games---alba-iulia-bulevardul-revoluiei,0
https://www.thecasinos.com/philippines/angeles-city/casino-filipino-angeles,0
https://www.thecasinos.com/myanmar/kawthaung/treasure-island-resort--casino,0
https://www.thecasinos.com/myanmar/thahtay-kyun/andaman-club-resort--casino,0
https://www.thecasinos.com/philippines/cebu-city/waterfront-hotel--casino-cebu-city,0
https://www.thecasinos.com/nepal/kathmandu/casino-royale-nepal,0
https://www.thecasinos.com/nepal/kathmandu/millionaires-club-and-casino-at-shangri-la,0
https://www.thecasinos.com/belgium/genk/napoleon-games---casino-genk,0
https://www.thecasinos.com/belgium/bekkevoort/napoleon-games---casino-bekkevoort,0
https://www.thecasinos.com/belgium/sint-truiden/napoleon-games---casino-sint-truiden,0
https://www.thecasinos.com/belgium/sint-pieters-leeuw/napoleon-games---casino-sint-pieters-leeuw,0
https://www.thecasinos.com/philippines/bacolod-city/casino-filipino-hotel-bacolod,0
https://www.thecasinos.com/philippines/tagaytay/casino-filipino-tagaytay,0
https://www.thecasinos.com/united-states/cheyenne/cheyenne-horse-palace,0
https://www.thecasinos.com/romania/alba-iulia/baum-games---alba-iulia-strada-1-decembrie,0
https://www.thecasinos.com/romania/brasov/baum-games---brasov-cale-bucuresti-nr-20,0
https://www.thecasinos.com/romania/brasov/baum-games---brasov-str-gospodarilor,0
https://www.thecasinos.com/romania/brasov/baum-games---brasov-strada-oltet,0
https://www.thecasinos.com/france/giffaumont-champaubert/casino-joa-du-lac-du-der,0
https://www.thecasinos.com/united-states/park-city/pops-inn-bar-and-casino,0
https://www.thecasinos.com/belgium/berlare/napoleon-games---casino-berlare,0
https://www.thecasinos.com/singapore/marina-bay/marina-bay-sands-casino,0
https://www.thecasinos.com/singapore/sentosa/resorts-world-casino-sentosa,0
https://www.thecasinos.com/south-korea/jeju/megaluck-casino-at-jeju-kal-hotel,0
https://www.thecasinos.com/south-korea/sabuk-eup/kangwon-land-casino--hotel,0
https://www.thecasinos.com/south-korea/seogwipo-si/landing-casino,0
https://www.thecasinos.com/south-korea/seogwipo-si/paradise-casino-jeju-lotte,0
https://www.thecasinos.com/south-korea/jeju/majestar-jeju-shilla-hotel--casino,0
https://www.thecasinos.com/vietnam/da-nang/crown-international-club,0
https://www.thecasinos.com/vietnam/haiphong-city/doson-casino-resort-hotel,0
https://www.thecasinos.com/australia/canberra/casino-canberra,0
https://www.thecasinos.com/estonia/narva/casino-grand-prix---narva,0
https://www.thecasinos.com/romania/vaslui/las-vegas-games---vaslui-stefan-cel-mare,0
https://www.thecasinos.com/romania/iasi/million-casino-iai---iulius-mall,0
https://www.thecasinos.com/nigeria/abuja/jacaranda-casino-abuja,0
https://www.thecasinos.com/spain/zaragoza/el-dorado---pedro-laborde,0
https://www.thecasinos.com/spain/zaragoza/el-dorado---san-diego,0
https://www.thecasinos.com/argentina/ushuaia/club-casino-ushuaia,0
https://www.thecasinos.com/australia/sydney/city-tattersalls-club,0
https://www.thecasinos.com/belgium/zottegem/napoleon-games---casino-zottegem,0
https://www.thecasinos.com/belgium/knokke-heist/napoleon-games---casino-knokke,0
https://www.thecasinos.com/australia/sydney/the-star-casino,0
https://www.thecasinos.com/sri-lanka/colombo/ballys-colombo,0
https://www.thecasinos.com/australia/darwin/sky-city-darwin,0
https://www.thecasinos.com/australia/brisbane/treasury-casino-brisbane,0
https://www.thecasinos.com/australia/adelaide/skycity-adelaide,0
https://www.thecasinos.com/australia/hobart/wrest-point-tasmania,0
https://www.thecasinos.com/spain/alicante/casino-mediterraneo-alicante,0
https://www.thecasinos.com/united-states/elko/gold-dust-west-elko,0
https://www.thecasinos.com/france/saint-honore-les-bains/casino-le-vegas--saint-honor-les-bains,0
https://www.thecasinos.com/cameroon/yaounde/hilton-casino-yaounde--hotel,0
https://www.thecasinos.com/czech-republic/prague/merkur-casino-prague---chlumeck,0
https://www.thecasinos.com/congo/kinshasa/longindo-casino,0
https://www.thecasinos.com/mauritius/grand-baie/senator-club-casino-grand-bay,0
https://www.thecasinos.com/mauritius/triolet/senator-club-casino-triolet,0
https://www.thecasinos.com/belgium/lichtervelde/napoleon-games---casino-lichtervelde,0
https://www.thecasinos.com/belgium/erquelinnes/golden-vegas-erquelinnes,0
https://www.thecasinos.com/belgium/de-panne/napoleon-games---casino-adinkerke,0
https://www.thecasinos.com/belgium/antwerpen/golden-palace-antwerp,0
https://www.thecasinos.com/new-zealand/auckland/sky-city-auckland-casino,0
https://www.thecasinos.com/new-zealand/hamilton/skycity-casino-hamilton,0
https://www.thecasinos.com/egypt/cairo/london-club-cairo-casino,0
https://www.thecasinos.com/egypt/cairo/caesars-cairo-casino,0
https://www.thecasinos.com/kenya/malindi/casino-malindi,0
https://www.thecasinos.com/kenya/mombasa/golden-key-casino,0
https://www.thecasinos.com/kenya/mombasa/grande-casino-at-leisure-lodge,0
https://www.thecasinos.com/south-africa/brakpan/carnival-city-casino,0
https://www.thecasinos.com/south-africa/cape-town/grandwest-casino--entertainment-world,0
https://www.thecasinos.com/czech-republic/primda/forbes-casino-pimda,0
https://www.thecasinos.com/czech-republic/horovice/forbes-casino-hoovice,0
https://www.thecasinos.com/czech-republic/benesov/forbes-casino-benesov,0
https://www.thecasinos.com/netherlands/heerlen/casino-peppermill-heerlen,0
https://www.thecasinos.com/belgium/de-panne/napoleon-games---casino-de-panne-zeelaan,0
https://www.thecasinos.com/united-states/silver-springs/silver-strike-casino,0
https://www.thecasinos.com/namibia/windhoek/desert-jewel-casino,0
https://www.thecasinos.com/albania/elbasan/astra-club-elbasan-3,0
https://www.thecasinos.com/paraguay/san-lorenzo/il-palazzo-casino,0
https://www.thecasinos.com/uruguay/montevideo/sala-montevideo-shopping,0
https://www.thecasinos.com/mauritius/flic-en-flac/la-pirogue-casino-flic-en-flac,0
https://www.thecasinos.com/mauritius/savanne/senator-club-chemin-grenier,0
https://www.thecasinos.com/mauritius/vacoas-phoenix/senator-texas-club-casino-vacoas,0
https://www.thecasinos.com/canada/calgary/pure-casino-calgary,0
https://www.thecasinos.com/madagascar/antananarivo/casino-alliance,0
https://www.thecasinos.com/slovakia/nitra/flash-club-nitra,0
https://www.thecasinos.com/nigeria/lagos/golden-eko-casino,0
https://www.thecasinos.com/tanzania/dar-es-salaam/winbet-lifepark-mwenge,0
https://www.thecasinos.com/uganda/kampala/empire-casino,0
https://www.thecasinos.com/ghana/accra/millionaires-casino-accra,0
https://www.thecasinos.com/south-africa/mahikeng/mmabatho-palms-casino-resort,0
https://www.thecasinos.com/united-states/palm-springs/spa-resort-casino,0
https://www.thecasinos.com/united-states/southhampton/shinnecock-casino-hamptons,0
https://www.thecasinos.com/belgium/estaimpuis/napoleon-games---casino-nchin,0
https://www.thecasinos.com/argentina/trelew/casino-club-trelew,0
https://www.thecasinos.com/belgium/mechelen/golden-palace-mechelen,0
https://www.thecasinos.com/belgium/antwerpen/golden-palace-reno,0
https://www.thecasinos.com/south-africa/pietermaritzburg/golden-horse-casino,0
https://www.thecasinos.com/south-africa/nelspruit/emnotweni-casino,0
https://www.thecasinos.com/united-states/cincinnati/rinks-bingo-hall,0
https://www.thecasinos.com/south-africa/mossel-bay/garden-route-casino,0
https://www.thecasinos.com/united-states/paso-robles/paso-robles-casino,0
https://www.thecasinos.com/belgium/anderlues/golden-palace-anderlues,0
https://www.thecasinos.com/belgium/charleroi/golden-palace-marcinelle,0
https://www.thecasinos.com/belgium/charleroi/family-game-center---charleroi,0
https://www.thecasinos.com/south-africa/langebaan/mykonos-casino,0
https://www.thecasinos.com/tanzania/dar-es-salaam/le-grande-casino,0
https://www.thecasinos.com/united-states/windsor-locks/winners-bradley,0
https://www.thecasinos.com/united-kingdom/lancaster/merkur-slots-lancaster,0
https://www.thecasinos.com/cambodia/bavet/new-world-casino-hotel,0
https://www.thecasinos.com/united-kingdom/hornchurch/merkur-slots-hornchurch,0
https://www.thecasinos.com/united-kingdom/london/merkur-slots-waterloo,0
https://www.thecasinos.com/united-kingdom/london/merkur-slots-tooting,0
https://www.thecasinos.com/united-kingdom/southport/merkur-slots-southport,0
https://www.thecasinos.com/canada/edmonton/casino-edmonton---pure,0
https://www.thecasinos.com/south-africa/sun-city/sun-city-casino-resort,0
https://www.thecasinos.com/united-states/choteau/stage-stop-inn,0
https://www.thecasinos.com/spain/tarragona/bcn-world-casino-spain,0
https://www.thecasinos.com/belgium/tournai/golden-palace-tournai,0
https://www.thecasinos.com/belgium/quevy/family-game-center---asquillies,0
https://www.thecasinos.com/peru/arequipa/casino-joker-peru,0
https://www.thecasinos.com/south-africa/port-elizabeth/the-boardwalk-casino,0
https://www.thecasinos.com/south-africa/secunda/graceland-hotel-casino-country-club,0
https://www.thecasinos.com/south-africa/pretoria/carousel-casino,0
https://www.thecasinos.com/south-africa/bloemfontein/naledi-sun-casino--hotel,0
https://www.thecasinos.com/south-africa/thohoyandou/khoroni-casino-resort,0
https://www.thecasinos.com/south-africa/durban/sibaya-casino--entertainment-kingdom,0
https://www.thecasinos.com/south-africa/upington/desert-palace-hotel-and-casino-resort,0
https://www.thecasinos.com/south-africa/queenstown/queens-casino,0
https://www.thecasinos.com/united-states/hartford/winners-hartford,0
https://www.thecasinos.com/united-kingdom/slough/merkur-slots-slough,0
https://www.thecasinos.com/united-kingdom/preston/merkur-slots-preston,0
https://www.thecasinos.com/united-kingdom/bolton/merkur-slots-bolton,0
https://www.thecasinos.com/spain/madrid/madrid-live,0
https://www.thecasinos.com/belgium/boussu/family-game-center---boussu,0
https://www.thecasinos.com/belgium/erquelinnes/family-game-center---erquelinnes,0
https://www.thecasinos.com/united-kingdom/peterborough/merkur-slots-peterborough,0
https://www.thecasinos.com/macau/macau/ponte-16-resort-macau,0
https://www.thecasinos.com/italy/saint-vincent/casino-de-la-vallee---st-vincent,0
https://www.thecasinos.com/south-africa/vanderbijlpark/emerald-resort--casino,0
https://www.thecasinos.com/tanzania/dar-es-salaam/new-africa-casino,0
https://www.thecasinos.com/south-africa/witbank/the-ridge-casino--entertainment-world,0
https://www.thecasinos.com/south-africa/welkom/goldfields-casino,0
https://www.thecasinos.com/united-kingdom/london/merkur-slots-tooting-bec,0
https://www.thecasinos.com/czech-republic/babylon/casino-sternspieler-babylon,0
https://www.thecasinos.com/czech-republic/plzen/casino-bonver-klatovy,0
https://www.thecasinos.com/czech-republic/karvina/casino-bonver-horn-such,0
https://www.thecasinos.com/czech-republic/dolni-dvoriste/casino-bonver-doln-dvoit,0
https://www.thecasinos.com/czech-republic/brno/casino-bonver-kostice,0
https://www.thecasinos.com/belgium/menen/family-game-center---menen,0
https://www.thecasinos.com/united-states/new-york/freedom-plaza-casino,0
https://www.thecasinos.com/czech-republic/tuchomerice/tuchomice-casino,0
https://www.thecasinos.com/united-states/mountlake-terrace/aces-poker,0
https://www.thecasinos.com/uruguay/colonia-del-sacramento/radisson-hotel-and-casino-colonia-del-sacramento,0
https://www.thecasinos.com/united-states/cannonsburg/sandys-racing--gaming,0
https://www.thecasinos.com/tanzania/dar-es-salaam/sea-cliff-resort--casino,0
https://www.thecasinos.com/zimbabwe/mutare/montclair-casino,0
https://www.thecasinos.com/zimbabwe/victoria-falls/makasa-sun-casino,0
https://www.thecasinos.com/argentina/santa-fe/melincue-casino,0
https://www.thecasinos.com/argentina/santa-fe/santa-fe-casino,0
https://www.thecasinos.com/chile/vina-del-mar/enjoy-via-del-mar-casino--resort,0
https://www.thecasinos.com/costa-rica/san-jose/concorde-casino-at-irazu-hotel,0
https://www.thecasinos.com/costa-rica/san-jose/casino-club-colonial,0
https://www.thecasinos.com/united-states/philadelphia/center-city-turf-club,0
https://www.thecasinos.com/united-states/philadelphia/northeast-turf-club,0
https://www.thecasinos.com/czech-republic/bruntal/casino-bonver-bruntl,0
https://www.thecasinos.com/czech-republic/navsi/casino-bonver-nvs,0
https://www.thecasinos.com/belgium/mons/family-game-center---mons,0
https://www.thecasinos.com/belgium/roeselare/family-game-center---roeselare,0
https://www.thecasinos.com/belgium/tournai/family-game-center---tournai,0
https://www.thecasinos.com/czech-republic/most/casino-bonver-most---maxima,0
https://www.thecasinos.com/czech-republic/moravske-budejovice/casino-bonver-moravsk-budjovice,0
https://www.thecasinos.com/czech-republic/litovel/casino-bonver-litovel,0
https://www.thecasinos.com/czech-republic/koprivnice/casino-bonver-kopivnice---kadlkova,0
https://www.thecasinos.com/united-kingdom/walsall/grosvenor-casino-walsall,0
https://www.thecasinos.com/nicaragua/managua/barcel-montelimar-resort-and-casino,0
https://www.thecasinos.com/united-states/thackerville/winstar-world-casino--resort,0
https://www.thecasinos.com/united-kingdom/stoke-on-trent/grosvenor-casino-stoke,0
https://www.thecasinos.com/united-kingdom/southampton/grosvenor-casino-southampton,0
https://www.thecasinos.com/united-kingdom/reading/grosvenor-casino-reading-central,0
https://www.thecasinos.com/malta/birkirkara/bingo-gaming-birkirkara,0
https://www.thecasinos.com/united-kingdom/huddersfield/grosvenor-casino-huddersfield,0
https://www.thecasinos.com/belgium/zingem/starcasinobe-zingem,0
https://www.thecasinos.com/belgium/bever/starcasinobe-expo-casino,0
https://www.thecasinos.com/united-kingdom/great-yarmouth/grosvenor-casino-great-yarmouth,0
https://www.thecasinos.com/united-states/larchwood/grand-falls-casino--golf-resort,0
https://www.thecasinos.com/united-states/cleveland/jack-cleveland-casino,0
https://www.thecasinos.com/united-states/spring-creek/scoreboard-sports-lounge-casino,0
https://www.thecasinos.com/united-states/carbondale/the-downs-at-carbondale-otw,0
https://www.thecasinos.com/czech-republic/karvina/casino-bonver-karvina---fryttsk,0
https://www.thecasinos.com/czech-republic/dolni-dvoriste/american-chance-casino---route-55,0
https://www.thecasinos.com/united-states/miami/casino-miami-jai-alai,0
https://www.thecasinos.com/united-kingdom/scarborough/grosvenor-e-casino-scarborough,0
https://www.thecasinos.com/united-kingdom/london/park-tower-casino,0
https://www.thecasinos.com/united-kingdom/epsom/epsom-downs-racecourse,0
https://www.thecasinos.com/united-states/farmington/northern-edge-navajo-casino,0
https://www.thecasinos.com/belgium/vilvoorde/starcasinobe-vilvoorde,0
https://www.thecasinos.com/philippines/quezon-city/big-game-casino---banawe,0
https://www.thecasinos.com/belgium/zaventem/starcasinobe-zaventem,0
https://www.thecasinos.com/india/panaji/crown-casino---goa,0
https://www.thecasinos.com/united-states/las-vegas/casino-royale-plus-best-western,0
https://www.thecasinos.com/united-states/columbus/hollywood-casino-columbus,0
https://www.thecasinos.com/united-states/black-eagle/skyline-casino,0
https://www.thecasinos.com/belarus/mogilev/maxbet-pozharnyi,0
https://www.thecasinos.com/czech-republic/zlin/casino-bonver-zln---kvtkov,0
https://www.thecasinos.com/czech-republic/valasske-mezirici/casino-bonver-valask-mezi-trnici,0
https://www.thecasinos.com/czech-republic/valasske-mezirici/casino-bonver-valask-mezi,0
https://www.thecasinos.com/czech-republic/trebic/casino-bonver-teb,0
https://www.thecasinos.com/macau/macau/lisboa-casino-hotel,0
https://www.thecasinos.com/united-states/atlantic-city/golden-nugget-atlantic-city,0
https://www.thecasinos.com/macau/macau/casino-oceanus,0
https://www.thecasinos.com/united-states/henderson/railroad-pass-hotel--casino,0
https://www.thecasinos.com/belgium/lokeren/casino-lokeren,0
https://www.thecasinos.com/belgium/genk/peppermill-casino-genk,0
https://www.thecasinos.com/united-states/rohnert-park/graton-resort--casino,0
https://www.thecasinos.com/united-states/cripple-creek/sir-wiliams-casino,0
https://www.thecasinos.com/united-states/missoula/the-oxford-saloon,0
https://www.thecasinos.com/france/paris/pierre-charron-club,0
https://www.thecasinos.com/jamaica/kingston/acropolis---cross-roads,0
https://www.thecasinos.com/united-states/newburgh/resorts-world-hudson-valley,0
https://www.thecasinos.com/czech-republic/teplice/casino-bonver-teplice---koln,0
https://www.thecasinos.com/czech-republic/frydek-mistek/casino-bonver-sviadnov,0
https://www.thecasinos.com/czech-republic/sobeslav/casino-bonver-sobslav,0
https://www.thecasinos.com/czech-republic/prague/casino-bonver-praha-9,0
https://www.thecasinos.com/czech-republic/nove-straseci/casino-bonver-nov-straec,0
https://www.thecasinos.com/czech-republic/opava/casino-bonver-opava---u-jaktask,0
https://www.thecasinos.com/philippines/paranaque/city-of-dreams-manila,0
https://www.thecasinos.com/belgium/genk/peppermill-casino-hoevezavel,0
https://www.thecasinos.com/belgium/maasmechelen/peppermill-casino-maasmechelen,0
https://www.thecasinos.com/united-states/concord/imagine-casino,0
https://www.thecasinos.com/united-states/las-vegas/the-d,0
https://www.thecasinos.com/united-states/las-vegas/mardi-gras-hotel--casino,0
https://www.thecasinos.com/philippines/paranaque/westside-city,0
https://www.thecasinos.com/united-states/cape-girardeau/century-casino-cape-girardeau,0
https://www.thecasinos.com/united-states/farmington/lady-luck-casino-nemacolin,0
https://www.thecasinos.com/united-states/miami/carnival-sensation-casino,0
https://www.thecasinos.com/united-states/miami/carnival-victory-casino,0
https://www.thecasinos.com/mozambique/tete/new-macau-casino,0
https://www.thecasinos.com/czech-republic/jicin/star-arena-jicin,0
https://www.thecasinos.com/czech-republic/ostrava/casino-bonver-ostrava-ndran,0
https://www.thecasinos.com/czech-republic/plana/casino-bonver-plan,0
https://www.thecasinos.com/czech-republic/plzen/casino-bonver-plze-kotkova,0
https://www.thecasinos.com/czech-republic/prague/casino-bonver-praha-10,0
https://www.thecasinos.com/united-states/ravalli/morigeaus-restaurant-and-four-star-bar,0
https://www.thecasinos.com/slovakia/kosice/casino-double-star,0
https://www.thecasinos.com/macedonia/gevgelija/casino-flamingo-hotel,0
https://www.thecasinos.com/netherlands/sluis/casino-sluis,0
https://www.thecasinos.com/belgium/charleroi/versailles-casino-charleroi,0
https://www.thecasinos.com/czech-republic/prague/casino-bonver-praha-8,0
https://www.thecasinos.com/czech-republic/kostelec-nad-cernymi-lesy/borneo-kostelec-nad-cernymi-lesy,0
https://www.thecasinos.com/czech-republic/prague/casino-magic-planet-praha-3,0
https://www.thecasinos.com/bahamas/nassau/baha-mar-casino-at-grand-hyatt,0
https://www.thecasinos.com/trinidad-and-tobago/arima/santa-rosa-park,0
https://www.thecasinos.com/puerto-rico/canovanas/hipdromo-camarero,0
https://www.thecasinos.com/united-states/corpus-christi/gulf-coast-race-track-bet-by-the-bay,0
https://www.thecasinos.com/ireland/dublin/penthouse-casino--card-club,0
https://www.thecasinos.com/czech-republic/prague/borneo-hotel-duo,0
https://www.thecasinos.com/czech-republic/prague/borneo-strka,0
https://www.thecasinos.com/belgium/sambreville/versailles-casino-sambreville,0
https://www.thecasinos.com/belgium/turnhout/bingoal-casino-turnhout,0
https://www.thecasinos.com/belgium/namur/golden-palace-jambes,0
https://www.thecasinos.com/czech-republic/prague/borneo-v-olinch,0
https://www.thecasinos.com/czech-republic/prague/borneo-primaska,0
https://www.thecasinos.com/czech-republic/plzen/borneo-gold-plze,0
https://www.thecasinos.com/czech-republic/kraluv-dvur/borneo-krlv-dvr,0
https://www.thecasinos.com/czech-republic/prague/borneo-showdown-wenceslas-square,0
https://www.thecasinos.com/romania/ramnicu-valcea/million-casino-rmnicu-vlcea,0
https://www.thecasinos.com/spain/gran-canaria-island/casino-gran-canaria,0
https://www.thecasinos.com/netherlands/arnhem/casino-big-apple-arnhem,0
https://www.thecasinos.com/spain/valencia/casino-mediterrneo---torrevieja,0
https://www.thecasinos.com/dominican-republic/santo-domingo-este/hipodromo-v-centenario,0
https://www.thecasinos.com/saint-kitts-and-nevis/rices/nevis-turf--jockey-club,0
https://www.thecasinos.com/belgium/quevy/cameo-quvy,0
https://www.thecasinos.com/belgium/aubange/golden-palace-aubange,0
https://www.thecasinos.com/belgium/messancy/golden-palace-messancy,0
https://www.thecasinos.com/panama/panama-city/veneto-wyndham-grand-hotel--casino,0
https://www.thecasinos.com/united-states/uncasville/mohegan-sun,0
https://www.thecasinos.com/united-states/bristol/winners-bristol,0
https://www.thecasinos.com/united-states/toms-river/favorites-at-toms-river,0
https://www.thecasinos.com/united-states/grand-forks/southgate-casino-bar--grill,0
https://www.thecasinos.com/spain/palma-de-mallorca/fun-games-baleares---palma,0
https://www.thecasinos.com/argentina/misiones/casino-aristobulo-del-valle,0
https://www.thecasinos.com/argentina/santa-rosa/casino-club-tragamonedas-hilario-lagos,0
https://www.thecasinos.com/egypt/cairo/le-passage-cairo-casino--hotel,0
https://www.thecasinos.com/south-korea/busan/busan-gyeongnam-race-park,0
https://www.thecasinos.com/argentina/la-rioja/casino-club-la-rioja,0
https://www.thecasinos.com/czech-republic/mlada-boleslav/merkur-casino-mlad-boleslav---u-stadionu,0
https://www.thecasinos.com/united-states/chico/mechoopda-casino,0
https://www.thecasinos.com/belgium/arlon/golden-palace-steinfort,0
https://www.thecasinos.com/united-states/redding/win-river-resort-and-casino,0
https://www.thecasinos.com/united-states/bridgeport/winners-shoreline-star,0
https://www.thecasinos.com/united-states/norwalk/winners-norwalk,0
https://www.thecasinos.com/united-states/putnam/winners-putnam-at-jd-coopers,0
https://www.thecasinos.com/united-states/new-haven/winners-new-haven---sports-haven-bar--grille,0
https://www.thecasinos.com/united-states/torrington/winners-torrington,0
https://www.thecasinos.com/united-states/waterbury/winners-waterbury,0
https://www.thecasinos.com/united-states/windham/winners-willimantic-at-the-lucky-frog-bar--grill,0
https://www.thecasinos.com/united-states/concordville/brandywine-turf-club,0
https://www.thecasinos.com/united-states/philadelphia/south-philly-turf-club,0
https://www.thecasinos.com/united-states/fargo/king-pin-casino,0
https://www.thecasinos.com/united-states/reno/gold-dust-west-casino-reno,0
https://www.thecasinos.com/czech-republic/mlada-boleslav/merkur-casino-mlad-boleslav---t-vclava,0
https://www.thecasinos.com/slovakia/piestany/rio-club-pieany,0
https://www.thecasinos.com/philippines/bacolod-city/casino-filipino-l-fisher-hotel,0
https://www.thecasinos.com/belgium/tournai/golden-vegas-blandain,0
https://www.thecasinos.com/belgium/brunehaut/golden-vegas-brunehaut,0
https://www.thecasinos.com/united-states/east-stroudsburg/the-downs-at-east-stroudsburg-otw,0
https://www.thecasinos.com/united-states/toledo/hollywood-casino-toledo,0
https://www.thecasinos.com/united-states/las-vegas/resorts-world-las-vegas,0
https://www.thecasinos.com/united-states/baton-rouge/lauberge-casino-hotel-baton-rouge,0
https://www.thecasinos.com/united-kingdom/birmingham/resorts-world-birmingham,0
https://www.thecasinos.com/united-states/las-vegas/hooters-spring-valley,0
https://www.thecasinos.com/philippines/pasay/networld-hotel-spa-and-casino,0
https://www.thecasinos.com/philippines/pasay/casino-filipino-vip-club-sofitel,0
https://www.thecasinos.com/macau/cotai/grand-lisboa-palace-resort,0
https://www.thecasinos.com/macau/cotai/mgm-casino-cotai,0
https://www.thecasinos.com/mexico/los-mochis/casino-monaco,0
https://www.thecasinos.com/czech-republic/hradec-kralove/merkur-casino-hradec-krlov,0
https://www.thecasinos.com/belgium/quievrain/golden-vegas-quivrain,0
https://www.thecasinos.com/belgium/tournai/golden-vegas-tournai,0
https://www.thecasinos.com/czech-republic/teplice/casino-joy,0
https://www.thecasinos.com/belarus/mogilev/casino-metelica,0
https://www.thecasinos.com/united-states/amargosa-valley/longstreet-inn-casino-and-rv-resort,0
https://www.thecasinos.com/united-states/dania-beach/the-casino-at-dania-beach,0
https://www.thecasinos.com/macau/macau/mocha-club-at-hotel-royal,0
https://www.thecasinos.com/united-states/oxon-hill/mgm-national-harbor,0
https://www.thecasinos.com/canada/balzac/century-downs-racetrack-and-casino,0
https://www.thecasinos.com/monaco/monte-carlo/casino-de-monte-carlo,0
https://www.thecasinos.com/united-states/longwood/sanford-orlando-kennel-club,0
https://www.thecasinos.com/united-states/billings/big-b-bingo--casino,0
https://www.thecasinos.com/macau/macau/waldo-casino-hotel,0
https://www.thecasinos.com/czech-republic/karlovy-vary/star-casino-jaltsk,0
https://www.thecasinos.com/czech-republic/karlovy-vary/star-casino-stara-role,0
https://www.thecasinos.com/czech-republic/marianske-lazne/star-casino-marinsk,0
https://www.thecasinos.com/czech-republic/prague/herna-star-arena-nov,0
https://www.thecasinos.com/belgium/turnhout/golden-vegas-turnhout,0
https://www.thecasinos.com/czech-republic/plzen/star-casino-plze,0
https://www.thecasinos.com/czech-republic/neratovice/casino-x5-neratovice,0
https://www.thecasinos.com/czech-republic/prachatice/herna-pod-branou-prachatice,0
https://www.thecasinos.com/czech-republic/prague/star-casino-pruskova,0
https://www.thecasinos.com/czech-republic/brno/casino-victory---brno-popvky,0
https://www.thecasinos.com/united-states/rock-springs/sweetwater-downs,0
https://www.thecasinos.com/united-states/lebanon/miami-valley-gaming,0
https://www.thecasinos.com/united-states/fredericksburg/gillespie-county-fairgrounds,0
https://www.thecasinos.com/united-states/fredericksburg/the-race-barn,0
https://www.thecasinos.com/united-states/murphy/harrahs-cherokee-valley-river-casino--hotel,0
https://www.thecasinos.com/united-states/rock-springs/bombers-sports-bar--grill-otb,0
https://www.thecasinos.com/united-states/cheyenne/amvet-post-10-otb,0
https://www.thecasinos.com/united-states/evanston/legal-tender-restaurant--lounge-otb,0
https://www.thecasinos.com/barbados/bridgetown/po-cruises---azura,0
https://www.thecasinos.com/slovakia/bratislava/galaxy-casino-bratislava---odborarske-namestie,0
https://www.thecasinos.com/slovakia/bratislava/galaxy-casino-bratislava---pezinok,0
https://www.thecasinos.com/slovakia/bratislava/galaxy-casino-bratislava---eisnerova,0
https://www.thecasinos.com/slovakia/bratislava/galaxy-casino-bratislava---kastielska,0
https://www.thecasinos.com/czech-republic/plzen/casino-power-plzen---nepomuck,0
https://www.thecasinos.com/belgium/liege/circus-casino-longdoz,0
https://www.thecasinos.com/czech-republic/most/casino-power-most,0
https://www.thecasinos.com/czech-republic/mlada-boleslav/casino-power-mlada-boleslav---t-g-masaryka,0
https://www.thecasinos.com/romania/slobozia/slobozia-admiral-club,0
https://www.thecasinos.com/united-states/cheyenne/outlaw-saloon-cheyenne-otb,0
https://www.thecasinos.com/united-states/evanston/wyoming-downs-otb-at-quality-inn-evanston,0
https://www.thecasinos.com/united-states/houston/triple-crown-bingo,0
https://www.thecasinos.com/united-states/sheridan/rails-brews--cues-otb-sheridan,0
https://www.thecasinos.com/united-states/riverton/789-smokeshop--casino,0
https://www.thecasinos.com/united-states/fargo/big-top-bingo,0
https://www.thecasinos.com/united-states/fargo/borrowed-bucks-roadhouse,0
https://www.thecasinos.com/united-states/greensboro/stumbilicious-bingo,0
https://www.thecasinos.com/panama/arraijan/fantastic-casino-town-center-arraijn,0
https://www.thecasinos.com/united-states/fort-worth/crowley-road-bingo-plex,0
https://www.thecasinos.com/united-states/salt-lake-city/southgate-dinner--bingo,0
https://www.thecasinos.com/united-states/san-antonio/ingram-park-bingo,0
https://www.thecasinos.com/united-states/philadelphia/bustleton-bingo,0
https://www.thecasinos.com/united-states/pittsburgh/outrageous-bingo,0
https://www.thecasinos.com/czech-republic/mlada-boleslav/casino-power-mlada-boleslav---krtk,0
https://www.thecasinos.com/czech-republic/usti-nad-labem/casino-power-st-nad-labem---hrnsk,0
https://www.thecasinos.com/belgium/quievrain/circus-casino-quivrain,0
https://www.thecasinos.com/canada/milton/elements-casino-mohawk,0
https://www.thecasinos.com/tanzania/dar-es-salaam/kilimanjaro-casino,0
https://www.thecasinos.com/tanzania/dar-es-salaam/princess-casino-tanzania,0
https://www.thecasinos.com/tanzania/dar-es-salaam/las-vegas-casino,0
https://www.thecasinos.com/tanzania/dar-es-salaam/palm-beach-hotel--casino,0
https://www.thecasinos.com/philippines/poro-point/fiesta-resort-casino-poro-point,0
https://www.thecasinos.com/united-states/lebanon/hebron-bingo-hall,0
https://www.thecasinos.com/united-states/casper/hilltop-bingo,0
https://www.thecasinos.com/united-states/reno/siris-casino,0
https://www.thecasinos.com/philippines/las-pinas-city/club-tropicana-las-pias,0
https://www.thecasinos.com/philippines/manila/pan-pacific-casino,0
https://www.thecasinos.com/poland/poznan/casinos-poland-at-ibb-andersia-hotel-poznan,0
https://www.thecasinos.com/sri-lanka/colombo/bellagio-entertainment-sri-lanka,0
https://www.thecasinos.com/spain/cadiz/pullman-cruises---zenith,0
https://www.thecasinos.com/united-states/las-vegas/dottys-46,0
https://www.thecasinos.com/united-states/las-vegas/arizona-charlies-casino,0
https://www.thecasinos.com/belgium/boortmeerbeek/circus-casino-boortmeerbeek,0
https://www.thecasinos.com/belgium/charleroi/circus-casino-gosselies,0
https://www.thecasinos.com/italy/lissone/game-paradise-lissone,0
https://www.thecasinos.com/czech-republic/prague/casino-happy-day-praha,0
https://www.thecasinos.com/czech-republic/karvina/synot-tip-casino-karvin,0
https://www.thecasinos.com/south-korea/seoul/seven-luck-casino-seoul-gangnam,0
https://www.thecasinos.com/philippines/manila/pagcor-club-tropicana-sta-mesa,0
https://www.thecasinos.com/philippines/manila/pagcor-vip-club-universal,0
https://www.thecasinos.com/south-korea/seoul/seven-luck-casino-millennium-seoul-hilton,0
https://www.thecasinos.com/philippines/bacolor/leisure-world-pagcor-vip-cub,0
https://www.thecasinos.com/philippines/angeles-city/wild-aces-poker-sports-club,0
https://www.thecasinos.com/philippines/pasay/midas-hotel-and-casino,0
https://www.thecasinos.com/philippines/bacoor/pagcor-club-cavite-coliseum,0
https://www.thecasinos.com/philippines/subic/venezia-casino-at-subic-bay-resort,0
https://www.thecasinos.com/belgium/braine-lalleud/circus-casino-braine,0
https://www.thecasinos.com/belgium/boutersem/circus-casino-boutersem,0
https://www.thecasinos.com/czech-republic/uhersky-brod/synot-tip-casino-uhersky-brod,0
https://www.thecasinos.com/czech-republic/prague/synot-tip-casino-praha-drahobejlova,0
https://www.thecasinos.com/czech-republic/hodonin/synot-tip-casino-hodonin,0
https://www.thecasinos.com/czech-republic/hradec-kralove/herna-synot-tip-roland-garros,0
https://www.thecasinos.com/czech-republic/hustopece/herna-synot-tip-fly-tip,0
https://www.thecasinos.com/romania/timisoara/777-red-sevens-deluxe---temesvr,0
https://www.thecasinos.com/czech-republic/turnov/herna-joker---turnov,0
https://www.thecasinos.com/czech-republic/modrice/herna-u-pepy---modrice,0
https://www.thecasinos.com/united-states/plainville/plainridge-park-casino,0
https://www.thecasinos.com/philippines/davao/casino-filipino-vip-club-davao,0
https://www.thecasinos.com/united-states/flagstaff/twin-arrows-navajo-casino-resort,0
https://www.thecasinos.com/sri-lanka/colombo/the-ritz-club-sri-lanka,0
https://www.thecasinos.com/philippines/laguna/casino-filipino-vip-club-san-pedro,0
https://www.thecasinos.com/philippines/malabon-city/pagcor-malabon,0
https://www.thecasinos.com/philippines/manila/casino-filipino-sta-cruz-manila,0
https://www.thecasinos.com/belgium/seraing/circus-casino-jemeppe,0
https://www.thecasinos.com/belgium/liege/circus-casino-saint-denis,0
https://www.thecasinos.com/belgium/aubange/circus-casino-aubange,0
https://www.thecasinos.com/south-africa/burgersfort/thaba-moshate-casino-resort,0
https://www.thecasinos.com/south-korea/incheon/paradise-casino-incheon,0
https://www.thecasinos.com/france/saint-nectaire/casino-de-saint-nectaire,0
https://www.thecasinos.com/united-states/chicago/ballys-chicago-casino-at-medinah-temple,0
https://www.thecasinos.com/czech-republic/lysa-nad-labem/herna-mango---lysa-nad-labem,0
https://www.thecasinos.com/czech-republic/ceska-lipa/herna-koruna,0
https://www.thecasinos.com/czech-republic/brandys-nad-labem-stara-boleslav/herna-labn,0
https://www.thecasinos.com/czech-republic/benatky-nad-jizerou/herna-u-foxe,0
https://www.thecasinos.com/belgium/hulste/carousel,0
https://www.thecasinos.com/philippines/manila/casino-filipino-citystate,0
https://www.thecasinos.com/philippines/mandaluyong-city/casino-filipino-vip-club-lancaster,0
https://www.thecasinos.com/philippines/mandaluyong-city/casino-filipino-vip-club-madison,0
https://www.thecasinos.com/south-korea/jeju/jeju-sun-hotel--casino,0
https://www.thecasinos.com/south-korea/sokcho-si/sorak-park-hotel--casino,0
https://www.thecasinos.com/belgium/mol/circus-casino-mol,0
https://www.thecasinos.com/belgium/liege/circus-casino-herstal,0
https://www.thecasinos.com/belgium/juprelle/madison-casino-juprelle,0
https://www.thecasinos.com/united-states/redding/casino-club,0
https://www.thecasinos.com/south-korea/seoul/letsrun-park---seoul,0
https://www.thecasinos.com/south-korea/jeju/letsrun-park---jeju,0
https://www.thecasinos.com/south-korea/busan/letsrun-park---busangyeongnam,0
https://www.thecasinos.com/france/la-baule/casino-de-la-baule,0
https://www.thecasinos.com/slovakia/kosice/poker-club-monte-carlo-kosice,0
https://www.thecasinos.com/czech-republic/benatky-nad-jizerou/herna-jedovat-pavouk,0
https://www.thecasinos.com/czech-republic/vestec/magic-planet-gold-vestec,0
https://www.thecasinos.com/czech-republic/mlada-boleslav/sportgames-herna-bingo,0
https://www.thecasinos.com/czech-republic/sokolov/forbes-casino-sokolov---marie-majerov,0
https://www.thecasinos.com/czech-republic/melnik/forbes-casino-mlnk,0
https://www.thecasinos.com/united-kingdom/croydon/royal-casino-slots,0
https://www.thecasinos.com/czech-republic/teplice/forbes-casino-palma,0
https://www.thecasinos.com/belgium/aubange/madison-casino-athus,0
https://www.thecasinos.com/belgium/comines-warneton/palladium-games-comines-warneton,0
https://www.thecasinos.com/philippines/cavite-city/casino-filipino-vip-club-kartini,0
https://www.thecasinos.com/malaysia/penang/penang-turf-club,0
https://www.thecasinos.com/malaysia/kuala-lumpur/selangor-turf-club,0
https://www.thecasinos.com/south-korea/daegu/hotel-inter-burgo-daegu-casino,0
https://www.thecasinos.com/malaysia/ipoh/perak-turf-club,0
https://www.thecasinos.com/philippines/pasig-city/metro-card-club---pasig,0
https://www.thecasinos.com/cambodia/kampot/thansur-bokor-highland-resort-casino,0
https://www.thecasinos.com/philippines/mandaue-city/the-metro-card-club-cebu,0
https://www.thecasinos.com/philippines/makati-city/master-poker-sports-club,0
https://www.thecasinos.com/argentina/misiones/casino-club-garupa,0
https://www.thecasinos.com/colombia/bogota/casino-hollywood-bulevar,0
https://www.thecasinos.com/czech-republic/sternberk/casso-club-vezka,0
https://www.thecasinos.com/czech-republic/kladno/casso-club-monaco,0
https://www.thecasinos.com/romania/bucharest/calea-rahovei,0
https://www.thecasinos.com/costa-rica/playas-del-coco/coco-beach-hotel-and-casino,0
https://www.thecasinos.com/cambodia/paoy-pet/holiday-poipet,0
https://www.thecasinos.com/belgium/antwerpen/club-panache,0
https://www.thecasinos.com/belgium/antwerpen/panache-casino-antwerpen,0
https://www.thecasinos.com/united-kingdom/london/hard-rock-cafe-piccadilly-circus,0
https://www.thecasinos.com/cambodia/bavet/le-macau-casino--hotel,0
https://www.thecasinos.com/cambodia/paoy-pet/poipet-resort-casino,0
https://www.thecasinos.com/united-states/perryville/hollywood-casino-perryville,0
https://www.thecasinos.com/norway/drammen/drammen-racecourse,0
https://www.thecasinos.com/united-states/cumberland/rocky-gap-casino-resort,0
https://www.thecasinos.com/united-states/baltimore/horseshoe-casino-baltimore,0
https://www.thecasinos.com/united-states/hanover/live-casino--hotel,0
https://www.thecasinos.com/philippines/pasig-city/empire-poker-sports-club,0
https://www.thecasinos.com/philippines/pasig-city/midas-touch-poker-sports-club,0
https://www.thecasinos.com/norway/oslo/vrevoll-racecourse,0
https://www.thecasinos.com/norway/oslo/bjerke-travbane,0
https://www.thecasinos.com/norway/stavanger/forus-travbane,0
https://www.thecasinos.com/czech-republic/olomouc/casso-club-pizzerie,0
https://www.thecasinos.com/japan/kanazawa/kanazawa-racecourse,0
https://www.thecasinos.com/malta/st-pauls-bay/fairbet-saint-pauls-bay---stpauls-street,0
https://www.thecasinos.com/malta/birzebbuga/fairbet-birebbua,0
https://www.thecasinos.com/canada/brantford/elements-casino-brantford,0
https://www.thecasinos.com/czech-republic/olomouc/casso-club-saloi,0
https://www.thecasinos.com/norway/bergen/bergen-travpark,0
https://www.thecasinos.com/vietnam/phan-thiet/gm-club-at-saigon-mui-ne-resort,0
https://www.thecasinos.com/norway/eidsberg/momarken-travbane,0
https://www.thecasinos.com/norway/trondheim/leangen-travbane,0
https://www.thecasinos.com/kazakhstan/borovoe/cash-ville-casino--poker-club,0
https://www.thecasinos.com/vietnam/ho-chi-minh-city/club-vegas-at-caravelle-hotel,0
https://www.thecasinos.com/vietnam/ho-chi-minh-city/palazzo-club-at-sheraton-saigon,0
https://www.thecasinos.com/vietnam/ho-chi-minh-city/ov-club-at-hotel-equatorial,0
https://www.thecasinos.com/united-states/bakersfield/golden-west-casino,0
https://www.thecasinos.com/malta/qormi/fairbet-qormi,0
https://www.thecasinos.com/malta/victoria/fairbet-gozo,0
https://www.thecasinos.com/denmark/copenhagen/casino-house---frederikssundsvej,0
https://www.thecasinos.com/denmark/copenhagen/casino-house---enghavevej,0
https://www.thecasinos.com/brazil/sao-paulo/jockey-club-de-so-paulo,0
https://www.thecasinos.com/united-states/deadwood/deadwoods-iron-horse-inn-and-casino,0
https://www.thecasinos.com/colombia/bello/casino-broadway-bello-5256,0
https://www.thecasinos.com/denmark/copenhagen/casino-house--odensegade,0
https://www.thecasinos.com/czech-republic/kralupy-nad-vltavou/casso-club-kralupy-nad-vltavou,0
https://www.thecasinos.com/czech-republic/neratovice/casso-club-neratovice,0
https://www.thecasinos.com/czech-republic/opava/casso-club-rio,0
https://www.thecasinos.com/denmark/copenhagen/casino-house---jyllingevej,0
https://www.thecasinos.com/denmark/copenhagen/casino-house---valby-langgade,0
https://www.thecasinos.com/vietnam/ho-chi-minh-city/club-royale-at-renaissance-riverside-hotel,0
https://www.thecasinos.com/vietnam/ho-chi-minh-city/m-club-at-hotel-majestic-saigon,0
https://www.thecasinos.com/vietnam/ho-chi-minh-city/club-9-at-first-hotel,0
https://www.thecasinos.com/vietnam/vung-tau/monte-carlo-club-at-petro-house,0
https://www.thecasinos.com/vietnam/hue/prince-club-at-imperial-hotel,0
https://www.thecasinos.com/vietnam/hanoi/stardust-e-gaming-club-at-melia-hanoi,0
https://www.thecasinos.com/vietnam/hanoi/bonus-club-at-hanoi-club-hotel,0
https://www.thecasinos.com/vietnam/hanoi/versaces-club-at-baoson-international-hotel,0
https://www.thecasinos.com/vietnam/hanoi/the-millionaire-club-at-fortuna-hotel-hanoi,0
https://www.thecasinos.com/vietnam/nha-trang/gold-coast-club-at-nha-trang-lodge,0
https://www.thecasinos.com/vietnam/vung-tau/caesars-palace-club-at-palace-hotel,0
https://www.thecasinos.com/cambodia/kampot/h-tin-vegas-entertainment-resort,0
https://www.thecasinos.com/cambodia/chrey-thom/grand-dragon-resorts,0
https://www.thecasinos.com/cambodia/osmach/osmach-casino-resort,0
https://www.thecasinos.com/argentina/el-bolson/casino-de-el-bolsn,0
https://www.thecasinos.com/denmark/rodovre/casino-house--damhus-tivoli,0
https://www.thecasinos.com/denmark/farum/casino-house---farum-center-kiosk,0
https://www.thecasinos.com/cambodia/pailin/pailin-flamingo-casino-hotel,0
https://www.thecasinos.com/cambodia/sihanoukville/diamond-sea-hotel--casino,0
https://www.thecasinos.com/cambodia/kampong-rou/lucky89-border-casino,0
https://www.thecasinos.com/cambodia/bavet/good-luck-9-casino--hotel,0
https://www.thecasinos.com/united-states/clarksburg/big-bucks-bingo-clarksburg,0
https://www.thecasinos.com/united-kingdom/dover/fred-olsen-cruise-lines---black-watch,0
https://www.thecasinos.com/united-states/new-york/royal-flush-casino---carnival-splendor-cruise,0
https://www.thecasinos.com/united-states/union-springs/lakeside-entertainment,0
https://www.thecasinos.com/united-states/fort-pierce/casino-fort-pierce,0
https://www.thecasinos.com/argentina/santiago-del-estero/casino-del-sol---selva,0
https://www.thecasinos.com/denmark/helsingor/casino-house--prvestenscentret,0
https://www.thecasinos.com/denmark/helsingor/casino-house--rosenkildevej,0
https://www.thecasinos.com/united-states/philadelphia/golden-moon-casino-at-pearl-river,0
https://www.thecasinos.com/united-states/natchez/magnolia-bluffs-casino-hotel,0
https://www.thecasinos.com/united-states/citra/ocala-poker--jai-alai,0
https://www.thecasinos.com/united-states/orange-park/bestbet-poker-orange-park,0
https://www.thecasinos.com/united-states/spokane/aces-casino-entertainment,0
https://www.thecasinos.com/denmark/helsingor/casino-marienlyst,0
https://www.thecasinos.com/czech-republic/opava/casso-club-helax,0
https://www.thecasinos.com/united-states/pensacola/pensacola-greyhound-track--poker-room,0
https://www.thecasinos.com/united-states/apache-junction/apache-greyhound-park,0
https://www.thecasinos.com/united-states/phoenix/maxs-sports-bar--restaurant,0
https://www.thecasinos.com/united-states/post-falls/greyhound-park--event-center,0
https://www.thecasinos.com/denmark/roskilde/casino-house--holbkvej,0
https://www.thecasinos.com/denmark/slangerup/casino-house--slangerup,0
https://www.thecasinos.com/united-states/idaho-falls/ida-racing-at-sandy-downs,0
https://www.thecasinos.com/united-states/blackfoot/eastern-idaho-fair-horse-racing,0
https://www.thecasinos.com/united-states/pocatello/pocatello-downs,0
https://www.thecasinos.com/united-states/burley/cassia-county-fair-horse-races,0
https://www.thecasinos.com/united-states/sonoita/sonoita-races-at-santa-cruz-county-fair,0
https://www.thecasinos.com/united-states/du-quoin/du-quoin-state-fair-harness-racing,0
https://www.thecasinos.com/puerto-rico/bayamon/el-tropical-casino-bayamn-hyatt-place,0
https://www.thecasinos.com/united-states/bingen/chips-poker-room-bingen,0
https://www.thecasinos.com/united-states/spokane/lilac-lanes--casino,0
https://www.thecasinos.com/united-states/port-angeles/elwha-river-casino,0
https://www.thecasinos.com/united-states/skokomish/lucky-dog-casino,0
https://www.thecasinos.com/united-states/silverdale/all-star-lanes--casino,0
https://www.thecasinos.com/united-states/kennewick/coyote-bobs-roadhouse-casino,0
https://www.thecasinos.com/belgium/hasselt/peppermill-casino-hasselt,0
https://www.thecasinos.com/argentina/gualeguay/casino-gualeguay,0
https://www.thecasinos.com/united-states/shoreline/club-hollywood-casino-shoreline,0
https://www.thecasinos.com/united-states/mountlake-terrace/crazy-moose-casino-ii-mountlake-terrace,0
https://www.thecasinos.com/united-states/pasco/crazy-moose-casino-pasco,0
https://www.thecasinos.com/united-states/renton/silver-dollar-casino-renton,0
https://www.thecasinos.com/united-states/seatac/silver-dollar-casino-seatac,0
https://www.thecasinos.com/united-states/tukwila/riverside-casino,0
https://www.thecasinos.com/united-states/spokane-valley/the-black-pearl-poker-room--casino,0
https://www.thecasinos.com/united-states/yakima/casino-caribbean---yakima,0
https://www.thecasinos.com/united-states/kirkland/casino-caribbean---kirkland,0
https://www.thecasinos.com/united-states/lakewood/chips-casino-lakewood,0
https://www.thecasinos.com/united-states/haugan/50000-silver-dollar-bar-and-casino,0
https://www.thecasinos.com/united-states/yakima/nob-hill-casino,0
https://www.thecasinos.com/united-states/lacey/hawks-prairie-casino,0
https://www.thecasinos.com/united-states/auburn/iron-horse-casino,0
https://www.thecasinos.com/united-states/richland/jokers-casino--sports-bar,0
https://www.thecasinos.com/argentina/salta/casino-salta,0
https://www.thecasinos.com/united-states/las-vegas/fertitta-entertainment-las-vegas,0
https://www.thecasinos.com/argentina/gualeguaychu/casino-tematico-gualeguaychu,0
https://www.thecasinos.com/united-states/east-wenatchee/keglers-poker-room-at-wildcard-sports-bar,0
https://www.thecasinos.com/united-states/clarkston/lancer-lanes-and-casino,0
https://www.thecasinos.com/united-states/la-center/new-phoenix-and-last-frontier-casinos,0
https://www.thecasinos.com/united-states/tukwila/macau-casino-tukwila,0
https://www.thecasinos.com/united-states/lakewood/macau-casino---lakewood,0
https://www.thecasinos.com/united-states/oak-harbor/oak-bowl-sports-lounge--card-room,0
https://www.thecasinos.com/kenya/mombasa/casino-max,0
https://www.thecasinos.com/kenya/nairobi/ngong-racecourse,0
https://www.thecasinos.com/france/amneville/casino-tranchant-amnville,0
https://www.thecasinos.com/united-states/seattle/roman-casino,0
https://www.thecasinos.com/united-states/la-center/palace-casino-la-center,0
https://www.thecasinos.com/united-states/moses-lake/papas-sports-lounge--casino,0
https://www.thecasinos.com/united-states/sunnyside/rcs-restaurant-casino-sportsbar,0
https://www.thecasinos.com/united-states/seattle/roxys-casino-bowling-bar--grill,0
https://www.thecasinos.com/argentina/san-luis/casino-tropicana-volcn,0
https://www.thecasinos.com/denmark/naestved/casino-nstved,0
https://www.thecasinos.com/denmark/esbjerg/esbjerg-cardroom,0
https://www.thecasinos.com/united-states/bellingham/slo-pitch-sports-grill--casino,0
https://www.thecasinos.com/united-states/ellensburg/wild-goose-casino,0
https://www.thecasinos.com/united-states/pullman/mr-zs-casino-at-zeppos-bowl,0
https://www.thecasinos.com/united-states/shoreline/the-hideaway-restaurant-and-casino,0
https://www.thecasinos.com/united-states/port-townsend/highway-twenty-roadhouse,0
https://www.thecasinos.com/united-states/kennewick/sun-downs,0
https://www.thecasinos.com/united-states/wyandotte/indigo-sky-casino,0
https://www.thecasinos.com/spain/ibiza/casino-de-ibiza,0
https://www.thecasinos.com/panama/la-chorrera/win-casino-chorrera,0
https://www.thecasinos.com/united-states/black-hawk/monarch-casino-resort-spa---black-hawk,0
https://www.thecasinos.com/india/salcette/zuri-white-sands-casino-resort-goa,0
https://www.thecasinos.com/india/bardez/casino-palms-at-la-calypso-goa,0
https://www.thecasinos.com/india/bardez/casino-paradise-at-neo-majestic,0
https://www.thecasinos.com/denmark/fredericia/fredericia-poker-klub,0
https://www.thecasinos.com/denmark/selling/selling-pokerklub,0
https://www.thecasinos.com/australia/rasmussen/upper-ross-hotel,0
https://www.thecasinos.com/india/panaji/casino-pride-panaji,0
https://www.thecasinos.com/united-states/stigler/choctaw-casino---stigler,0
https://www.thecasinos.com/india/panjim/deltin-jaqk-casino,0
https://www.thecasinos.com/united-states/chittenango/yellow-brick-road-casino,0
https://www.thecasinos.com/germany/hamburg/casino-mundsburg,0
https://www.thecasinos.com/united-states/las-vegas/the-cromwell-las-vegas,0
https://www.thecasinos.com/united-states/lake-charles/golden-nugget---lake-charles,0
https://www.thecasinos.com/united-states/walters/comanche-star-casino,0
https://www.thecasinos.com/russia/amberland/magic-crystal-casino-at-amberland,0
https://www.thecasinos.com/mexico/veracruz/atlantic-casino-at-hotel-lois,0
https://www.thecasinos.com/czech-republic/mikulov/casso-club-grand-casino,0
https://www.thecasinos.com/united-states/galveston/jacks-or-better-casino,0
https://www.thecasinos.com/united-states/harrah/kickapoo-conoco-station,0
https://www.thecasinos.com/ireland/limerick/fitzpatricks-casino-patricks,0
https://www.thecasinos.com/czech-republic/prostejov/casso-club-prostejov,0
https://www.thecasinos.com/australia/townsville/kirwan-tavern,0
https://www.thecasinos.com/united-states/concho/concho-travel-center,0
https://www.thecasinos.com/macau/cotai/the-parisian-macao,0
https://www.thecasinos.com/armenia/yerevan/shangri-la-yerevan-and-xo-club,0
https://www.thecasinos.com/united-states/everett/encore-boston-harbor,0
https://www.thecasinos.com/united-states/stateline/hard-rock-hotel-and-casino---lake-tahoe,0
https://www.thecasinos.com/united-states/springfield/mgm-springfield,0
https://www.thecasinos.com/thailand/bangkok/royal-turf-club-of-thailand,0
https://www.thecasinos.com/south-korea/changwon-city/twentieth-century-fox-world-korea,0
https://www.thecasinos.com/samoa/apia/whitesands-casino-samoa---apia,0
https://www.thecasinos.com/argentina/mendoza/enjoy-mendoza-hotel-sheraton-hotel-and-casino,0
https://www.thecasinos.com/czech-republic/vsetin/magic-planet-casino-vsetin,0
https://www.thecasinos.com/australia/parafield-gardens/slug-and-lettuce,0
https://www.thecasinos.com/australia/toowoomba/wilsonton-hotel,0
https://www.thecasinos.com/spain/huesca/toka-game-room-huesca-cleriguech,0
https://www.thecasinos.com/united-states/las-vegas/the-linq-hotel--casino,0
https://www.thecasinos.com/united-states/philadelphia/live-casino--hotel-philadelphia,0
https://www.thecasinos.com/united-states/waterloo/del-lago-resort--casino,0
https://www.thecasinos.com/canada/surrey/elements-casino,0
https://www.thecasinos.com/united-states/guymon/golden-mesa-casino,0
https://www.thecasinos.com/bahamas/alice-town/resorts-world-bimini-casino,0
https://www.thecasinos.com/united-states/twentynine-palms/tortoise-rock-casino,0
https://www.thecasinos.com/mexico/ciudad-juarez/room-802-casino---juarez,0
https://www.thecasinos.com/singapore/changi/lido-casino-on-mv-leisure-world,0
https://www.thecasinos.com/australia/burswood/crown-perth,0
https://www.thecasinos.com/united-kingdom/london/park-lane-club,0
https://www.thecasinos.com/united-states/wolf-point/silver-wolf-casino,0
https://www.thecasinos.com/japan/sonoda/sonoda-racecourse,0
https://www.thecasinos.com/costa-rica/guanacaste/paradisus-playa-conchal--jazz-casino-conchal,0
https://www.thecasinos.com/australia/highfields/highfields-tavern,0
https://www.thecasinos.com/mexico/tecate/caliente-casino-tecate,0
https://www.thecasinos.com/united-states/columbia-falls/blue-moon-nite-club,0
https://www.thecasinos.com/bulgaria/svilengrad/star-princess-casino,0
https://www.thecasinos.com/albania/bulqize/astra-club-bulqize,0
https://www.thecasinos.com/united-states/tulalip/quil-ceda-creek-casino,0
https://www.thecasinos.com/czech-republic/hradec-kralove/golden-queen-casino,0
https://www.thecasinos.com/japan/toyoake/chukyo-racecourse,0
https://www.thecasinos.com/united-states/jefferson/wild-rose-casino---jefferson,0
https://www.thecasinos.com/japan/tokyo/tokyo-racecourse,0
https://www.thecasinos.com/japan/funabashi/nakayama-racecourse,0
https://www.thecasinos.com/japan/kyoto/kyoto-racecourse,0
https://www.thecasinos.com/japan/takarazuka/hanshin-racecourse,0
https://www.thecasinos.com/japan/sapporo/sapporo-racecourse,0
https://www.thecasinos.com/united-states/kalispell/lucky-lils-casino---kalispell,0
https://www.thecasinos.com/gibraltar/ocean-village/casino-sunborn-super-yacht-gibraltar,0
https://www.thecasinos.com/czech-republic/horovice/casino-florida-hoovice,0
https://www.thecasinos.com/cambodia/koh-rong/dara-sakor-seashore-resort-casino,0
https://www.thecasinos.com/gibraltar/ocean-village/casino-admiral-gibraltar,0
https://www.thecasinos.com/united-states/gretna/creek-entertainment-gretna,0
https://www.thecasinos.com/united-states/lewistown/montana-tavern-of-fergus-county,0
https://www.thecasinos.com/dominican-republic/puerto-plata/grand-paradise-casino-playa-dorada,0
https://www.thecasinos.com/united-states/okanogan/12-tribes-resort-casino,0
https://www.thecasinos.com/belarus/minsk/nemiga-princess-casino,0
https://www.thecasinos.com/bulgaria/sofia/casino-sofia-bulgaria,0
https://www.thecasinos.com/united-states/pittsburg/kansas-crossing-casino--hotel,0
https://www.thecasinos.com/united-states/jamul-indian-village/jamul-casino,0
https://www.thecasinos.com/united-states/jacksonville/bestbet-poker-jacksonville,0
https://www.thecasinos.com/lithuania/vilnius/olybet-betting-shop-and-slot-hall-ekins,0
https://www.thecasinos.com/germany/hamburg/automatenspiel-mundsburg-casino,0
https://www.thecasinos.com/germany/donzdorf/aristo-casino---donzdorf,0
https://www.thecasinos.com/czech-republic/dolni-dvoriste/casino-imperator,0
https://www.thecasinos.com/colombia/cali/casino-havana-cali,0
https://www.thecasinos.com/south-africa/port-elizabeth/fairview-racecourse,0
https://www.thecasinos.com/south-africa/kimberley/flamingo-park-racecourse,0
https://www.thecasinos.com/romania/sibiu/sibiu-admiral-club,0
https://www.thecasinos.com/egypt/cairo/felfala-casino,0
https://www.thecasinos.com/colombia/bogota/crown-casino---palatino,0
https://www.thecasinos.com/colombia/bogota/crown-casino---unicentro,0
https://www.thecasinos.com/south-africa/durban/greyville-turf-club,0
https://www.thecasinos.com/south-africa/newcastle/blackrock-casino,0
https://www.thecasinos.com/united-states/chula-vista/seven-mile-casino,0
https://www.thecasinos.com/south-africa/bloemfontein/windmill-casino--entertainment-centre,0
https://www.thecasinos.com/united-kingdom/nottingham/dusk-till-dawn-poker-and-casino,0
https://www.thecasinos.com/united-kingdom/edinburgh/genting-club-fountainpark,0
https://www.thecasinos.com/united-kingdom/sheffield/genting-club-sheffield,0
https://www.thecasinos.com/canada/kamloops/cascades-casino-kamloops,0
https://www.thecasinos.com/australia/brisbane/queens-wharf-brisbane,0
https://www.thecasinos.com/japan/himeji/himeji-racecourse,0
https://www.thecasinos.com/colombia/medellin/casino-circus-bello,0
https://www.thecasinos.com/colombia/bogota/casino-broadway-cedritos,0
https://www.thecasinos.com/australia/bridport/bridport-hotel,0
https://www.thecasinos.com/canada/vancouver/parq-vancouver-casino,0
https://www.thecasinos.com/australia/yorkeys-knob/aquis-great-barrier-reef-casino,0
https://www.thecasinos.com/united-states/petoskey/odawa-casino-resort,0
https://www.thecasinos.com/latvia/riga/olympic-casino-m-nometu-30,0
https://www.thecasinos.com/slovakia/zilina/galaxy-casino-ilina---bernolaka,0
https://www.thecasinos.com/south-africa/johannesburg/turffontein-racecourse,0
https://www.thecasinos.com/kenya/mombasa/evanes-casino-at-diani-reef-grand-hotel,0
https://www.thecasinos.com/south-africa/cape-town/durbanville-racecourse,0
https://www.thecasinos.com/kenya/mombasa/casino-roco-at-royal-court-hotel,0
https://www.thecasinos.com/united-states/primm/whiskey-petes-hotel--casino,0
https://www.thecasinos.com/united-states/winnemucca/winnemucca-inn--casino,0
https://www.thecasinos.com/united-states/dumfries/rosies-gaming-emporium---dumfries,0
https://www.thecasinos.com/spain/palencia/bingo-reno,0
https://www.thecasinos.com/kenya/nairobi/eastleigh-casino,0
https://www.thecasinos.com/spain/granada/toka-game-room-armilla,0
https://www.thecasinos.com/united-states/chinook/chinook-motor-inn,0
https://www.thecasinos.com/spain/alicante/toka-game-room-elche-carrus,0
https://www.thecasinos.com/spain/alicante/toka-game-room-elche-eres,0
https://www.thecasinos.com/united-states/wise-river/my-dewey-bar,0
https://www.thecasinos.com/macau/macau/casino-mocha-at-hotel-sintra,0
https://www.thecasinos.com/spain/alicante/toka-game-room-torrevieja-ibez,0
https://www.thecasinos.com/united-states/hammond/horseshoe-casino-hammond,0
https://www.thecasinos.com/switzerland/baden/grand-casino-baden,0
https://www.thecasinos.com/united-states/anaconda/the-owl-bar,0
https://www.thecasinos.com/uruguay/cerro-largo/sala-melo,0
https://www.thecasinos.com/spain/granada/casino-admiral-granada,0
https://www.thecasinos.com/cambodia/sihanoukville/queenco-casino-and-hotel,0
https://www.thecasinos.com/vietnam/vung-tau/ho-tram-resort-casino-vietnam,0
https://www.thecasinos.com/austria/graz/panther-casino-feldbach,0
https://www.thecasinos.com/croatia/rijeka/maxbet-putnik,0
https://www.thecasinos.com/united-states/tulsa/osage-casino-hotel-tulsa,0
https://www.thecasinos.com/nepal/kathmandu/casino-anna,0
https://www.thecasinos.com/united-states/san-bruno/artichoke-joes-casino,0
https://www.thecasinos.com/united-states/louisville/churchill-downs,0
https://www.thecasinos.com/united-states/emmetsburg/wild-rose-casino-and-resort-emmetsburg,0
https://www.thecasinos.com/japan/saga/saga-racecourse,0
https://www.thecasinos.com/serbia/belgrade/grand-casino-beograd,0
https://www.thecasinos.com/united-states/fife/bjs-bingo--gaming,0
https://www.thecasinos.com/nepal/kathmandu/deltin-casino-international,0
https://www.thecasinos.com/antigua-and-barbuda/saint-johns/grand-royal-antiguan,0
https://www.thecasinos.com/united-states/shorter/victoryland-casino,0
https://www.thecasinos.com/united-kingdom/kingston-upon-hull/buzz-bingo-hull-astra,0
https://www.thecasinos.com/united-kingdom/sheffield/grosvenor-casino-sheffield,0
https://www.thecasinos.com/united-states/monarch/cougar-canyon-bar--grill,0
https://www.thecasinos.com/serbia/belgrade/slot-club-apex-ruski-car,0
https://www.thecasinos.com/united-states/okeechobee/seminole-casino-brighton,0
https://www.thecasinos.com/united-states/little-river/big-m-casino-cruise-i---little-river,0
https://www.thecasinos.com/united-states/atascadero/outlaw-card-parlour,0
https://www.thecasinos.com/puerto-rico/humacao/casino-real-at-wyndham-garden,0
https://www.thecasinos.com/spain/lleida/toka-game-room-lepe-monaco,0
https://www.thecasinos.com/spain/girona/casino-peralada,0
https://www.thecasinos.com/united-states/elko/red-lion-inn-hotel--casino,0
https://www.thecasinos.com/macau/cotai/wynn-palace-cotai,0
https://www.thecasinos.com/france/cabourg/cabourg-casino,0
https://www.thecasinos.com/belgium/zemst/napoleon-games---casino-zemst,0
https://www.thecasinos.com/belgium/nazareth/napoleon-games---casino-nazareth,0
https://www.thecasinos.com/united-states/lakeport/konocti-vista-casino,0
https://www.thecasinos.com/romania/bucharest/efbet-pantelimon,0
https://www.thecasinos.com/sri-lanka/colombo/casino-marina-colombo,0
https://www.thecasinos.com/romania/bucharest/maxbet-bucuresti-oltenitei-127,0
https://www.thecasinos.com/united-states/black-hawk/gilpin-hotel-casino,0
https://www.thecasinos.com/argentina/salta/luxor-tragamonedas,0
https://www.thecasinos.com/philippines/manila/hyatt-hotel--casino-manila,0
https://www.thecasinos.com/united-states/cripple-creek/midnight-rose-hotel--casino,0
https://www.thecasinos.com/united-states/tucson/desert-diamond-casino-hotel-tucson,0
https://www.thecasinos.com/united-states/wilmington/delaware-park-and-casino,0
https://www.thecasinos.com/united-states/hialeah/hialeah-park-racing--casino,0
https://www.thecasinos.com/united-states/bigfork/your-turn-mercantile,0
https://www.thecasinos.com/united-states/worley/coeur-dalene-casino-resort-hotel,0
https://www.thecasinos.com/albania/elbasan/astra-club-elbasan-2,0
https://www.thecasinos.com/philippines/davao-del-sur/pagcor-club-oriental-pavilion,0
https://www.thecasinos.com/netherlands/utrecht/holland-casino-utrecht,0
https://www.thecasinos.com/united-states/marquette/casino-queen-marquette,0
https://www.thecasinos.com/united-states/osceola/lakeside-hotel-casino,0
https://www.thecasinos.com/united-states/opelousas/evangeline-downs-racetrack-casino,0
https://www.thecasinos.com/united-states/biloxi/beau-rivage-resort--casino,0
https://www.thecasinos.com/jamaica/montego-bay/celebration-jamaica-resort--casino,0
https://www.thecasinos.com/united-states/biloxi/hard-rock-hotel--casino-biloxi,0
https://www.thecasinos.com/united-states/somerton/cocopah-casino-resort,0
https://www.thecasinos.com/united-states/vicksburg/ameristar-casino-hotel-vicksburg,0
https://www.thecasinos.com/united-states/caruthersville/century-casino-caruthersville,0
https://www.thecasinos.com/czech-republic/stod/star-casino-stod,0
https://www.thecasinos.com/kenya/nairobi/regency-casino--resort,0
https://www.thecasinos.com/kenya/nairobi/six-eighty-hotel--casino,0
https://www.thecasinos.com/kenya/mombasa/florida-casino-mombasa,0
https://www.thecasinos.com/kenya/nairobi/mayfair-casino--club,0
https://www.thecasinos.com/kenya/nairobi/mayfair-rkl-casino,0
https://www.thecasinos.com/kenya/nairobi/finix-casino,0
https://www.thecasinos.com/kenya/nairobi/casino-flamingo,0
https://www.thecasinos.com/czech-republic/uherske-hradiste/synot-tip-casino-c40,0
https://www.thecasinos.com/united-states/kansas-city/ballys-kansas-city-casino,0
https://www.thecasinos.com/croatia/split/vulkan-automat-klub-poljika,0
https://www.thecasinos.com/united-states/st-louis/river-city-casino,0
https://www.thecasinos.com/united-states/las-vegas/bellagio-hotel-and-casino,0
https://www.thecasinos.com/united-states/las-vegas/paris-las-vegas,0
https://www.thecasinos.com/japan/kochi/kochi-racecourse,0
https://www.thecasinos.com/united-states/las-vegas/palace-station-hotel-and-casino,0
https://www.thecasinos.com/croatia/split/maxbet-moon,0
https://www.thecasinos.com/united-states/las-vegas/sams-town-hotel--gambling-hall-las-vegas,0
https://www.thecasinos.com/uruguay/salto/salto-hotel--casino,0
https://www.thecasinos.com/france/granville/granville-casino,0
https://www.thecasinos.com/united-states/stateline/harrahs-lake-tahoe-hotel-and-casino,0
https://www.thecasinos.com/united-states/winnemucca/model-t-casino-hotel-rv,0
https://www.thecasinos.com/united-states/black-hawk/wild-card-casino--saloon,0
https://www.thecasinos.com/united-states/atlantic-city/borgata-hotel-casino-and-spa,0
https://www.thecasinos.com/united-states/atlantic-city/harrahs-resort-atlantic-city,0
https://www.thecasinos.com/united-states/green-bay/oneida-mason-casino,0
https://www.thecasinos.com/united-states/atlantic-city/tropicana-atlantic-city,0
https://www.thecasinos.com/united-states/albuquerque/sandia-resort-and-casino,0
https://www.thecasinos.com/united-states/bangor/hollywood-casino-hotel--raceway-bangor,0
https://www.thecasinos.com/united-states/acoma/sky-city-casino-hotel,0
https://www.thecasinos.com/united-states/freehold/freehold-raceway,0
https://www.thecasinos.com/united-states/farmington/sunray-park--casino,0
https://www.thecasinos.com/united-states/bernalillo/santa-ana-star-casino,0
https://www.thecasinos.com/united-states/hobbs/zia-park-casino-hotel-racetrack,0
https://www.thecasinos.com/united-states/buffalo/seneca-buffalo-creek-casino,0
https://www.thecasinos.com/united-states/evanston/wyoming-downs-race-track,0
https://www.thecasinos.com/romania/galati/maxbet-galati-nepi,0
https://www.thecasinos.com/romania/galati/maxbet-galati-turist,0
https://www.thecasinos.com/romania/timisoara/maxbet-timisoara-galeria,0
https://www.thecasinos.com/romania/iasi/maxbet-iasi-gara,0
https://www.thecasinos.com/romania/brasov/maxbet-brasov-vlahuta,0
https://www.thecasinos.com/united-states/hogansburg/akwesasne-mohawk-casino,0
https://www.thecasinos.com/united-states/niagara-falls/seneca-niagara-casino--hotel,0
https://www.thecasinos.com/united-states/salamanca/seneca-allegany-casino--hotel,0
https://www.thecasinos.com/canada/moose-jaw/casino-moose-jaw,0
https://www.thecasinos.com/united-states/verona/turning-stone-resort--casino,0
https://www.thecasinos.com/united-states/bagley/shooting-star-casino-bagley,0
https://www.thecasinos.com/kenya/nairobi/diamond-casino,0
https://www.thecasinos.com/kenya/nairobi/las-vegas-casino,0
https://www.thecasinos.com/united-states/taunton/project-first-light-resort--casino,0
https://www.thecasinos.com/united-states/biloxi/foxwoods-resort-casino-at-biloxi-pointe,0
https://www.thecasinos.com/japan/niigata/niigata-racecourse,0
https://www.thecasinos.com/united-states/farmington/finger-lakes-gaming--racetrack,0
https://www.thecasinos.com/united-states/nichols/tioga-downs-casino--resort,0
https://www.thecasinos.com/united-states/yonkers/empire-city-casino-at-yonkers-raceway,0
https://www.thecasinos.com/united-arab-emirates/sharjah/sharjah-equestrian-racing-club,0
https://www.thecasinos.com/united-states/cherokee/harrahs-cherokee-casino,0
https://www.thecasinos.com/united-states/hankinson/dakota-magic-casino-resort,0
https://www.thecasinos.com/united-states/new-town/4-bears-casino--lodge,0
https://www.thecasinos.com/united-states/st-michael/spirit-lake-casino-and-resort,0
https://www.thecasinos.com/united-states/harris/island-resort-casino,0
https://www.thecasinos.com/united-states/checotah/creek-nation-casino---checotah,0
https://www.thecasinos.com/united-states/clinton/lucky-star-casino---clinton,0
https://www.thecasinos.com/united-states/devol/comanche-red-river-hotel--casino,0
https://www.thecasinos.com/united-states/duncan/chisholm-trail-casino,0
https://www.thecasinos.com/senegal/saly/terrou-saly-casino,0
https://www.thecasinos.com/united-states/concho/lucky-star-casino---concho,0
https://www.thecasinos.com/croatia/vukovar/senator-klub-volk,0
https://www.thecasinos.com/united-kingdom/salford/genting-casino-salford,0
https://www.thecasinos.com/united-states/grant/choctaw-casino-resort---grant,0
https://www.thecasinos.com/united-states/elgin/comanche-spur-casino,0
https://www.thecasinos.com/united-states/phoenix/caesars-sportsbook-at-chase-field,0
https://www.thecasinos.com/united-states/lawton/comanche-nation-casino,0
https://www.thecasinos.com/united-states/deadwood/hickoks-hotel-and-gaming,0
https://www.thecasinos.com/united-states/eagle-pass/kickapoo-lucky-eagle-casino,0
https://www.thecasinos.com/united-states/grand-prairie/lone-star-park-at-grand-prairie,0
https://www.thecasinos.com/united-states/coulee-dam/coulee-dam-casino,0
https://www.thecasinos.com/united-states/kingston/the-point-casino,0
https://www.thecasinos.com/united-states/ocean-shores/quinault-beach-resort--casino,0
https://www.thecasinos.com/france/pornichet/partouche-casino---pornichet,0
https://www.thecasinos.com/czech-republic/prague/borneo-arkalyck,0
https://www.thecasinos.com/czech-republic/prague/borneo-win-revolun,0
https://www.thecasinos.com/united-states/phoenix/turf-paradise-racecourse,0
https://www.thecasinos.com/united-states/reno/atlantis-casino-resort-spa,0
https://www.thecasinos.com/bahamas/nassau/atlantis-resort-casino-at-paradise-island,0
https://www.thecasinos.com/united-states/saratoga-springs/saratoga-casino-hotel,0
https://www.thecasinos.com/united-kingdom/leeds/napoleons-casino,0
https://www.thecasinos.com/puerto-rico/ponce/hilton-ponce-golf--casino-resort,0
https://www.thecasinos.com/united-states/central-city/famous-bonanza-casino,0
https://www.thecasinos.com/united-kingdom/sheffield/napoleons-casino--restaurant---owlerton,0
https://www.thecasinos.com/united-states/mulvane/kansas-star-casino-hotel-event-center,0
https://www.thecasinos.com/united-states/las-vegas/wynn-encore-las-vegas,0
https://www.thecasinos.com/germany/bad-pyrmont/spielbank-bad-pyrmont,0
https://www.thecasinos.com/germany/bad-reichenhall/spielbank-bad-reichenhall,0
https://www.thecasinos.com/germany/dortmund/spielbank-do-hohensyburg,0
https://www.thecasinos.com/germany/feuchtwangen/spielbank-feuchtwangen,0
https://www.thecasinos.com/russia/amberland/amberland-casino,0
https://www.thecasinos.com/germany/flensburg/casino-flensburg,0
https://www.thecasinos.com/france/biarritz/casino-barriere---biarritz,0
https://www.thecasinos.com/italy/venice/venezia-casino,0
https://www.thecasinos.com/france/la-rochelle/casino-barriere-la-rochelle,0
https://www.thecasinos.com/france/enghien-les-bains/casino-barriere-enghien-les-bains,0
https://www.thecasinos.com/france/dinard/casino-barriere-dinard,0
https://www.thecasinos.com/france/vichy/cafe-vichy-casino,0
https://www.thecasinos.com/france/royat/royat-casino,0
https://www.thecasinos.com/macau/macau/starworld-casino--hotel,0
https://www.thecasinos.com/macau/cotai/city-of-dreams-casino,0
https://www.thecasinos.com/macau/macau/grand-lisboa-casino--hotel,0
https://www.thecasinos.com/macau/macau/mgm-grand-casino,0
https://www.thecasinos.com/macau/macau/wynn-resort-casino-macau,0
https://www.thecasinos.com/philippines/davao/casino-filipino-davao,0
https://www.thecasinos.com/philippines/mactan/waterfront-airport-hotel--casino,0
https://www.thecasinos.com/united-states/american-canyon/napa-valley-casino,0
https://www.thecasinos.com/south-korea/seoul/paradise-casino-walker-hill,0
https://www.thecasinos.com/jamaica/ocho-rios/casino-reno-gaming,0
https://www.thecasinos.com/liberia/monrovia/5050-casino-club-231,0
https://www.thecasinos.com/djibouti/djibouti/aden-bay-casino,0
https://www.thecasinos.com/botswana/gaborone/grand-palm-casino,0
https://www.thecasinos.com/kenya/nairobi/paradise-casino-at-safari-park,0
https://www.thecasinos.com/morocco/agadir/atlantic-palace-casino-resort,0
https://www.thecasinos.com/morocco/el-jadida/mazagan-beach--golf-resort,0
https://www.thecasinos.com/morocco/marrakech/es-saadi-gardens--resort-marrakech,0
https://www.thecasinos.com/south-africa/bethlehem/frontier-inn--casino,0
https://www.thecasinos.com/south-africa/durban/suncoast-casino,0
https://www.thecasinos.com/south-africa/empangeni/umfolozi-hotel-casino-resort,0
https://www.thecasinos.com/south-africa/east-london/hemingways-casino-hotel,0
https://www.thecasinos.com/czech-republic/prague/forbes-casino-praha,0
https://www.thecasinos.com/philippines/davao/metro-card-club-davao,0
https://www.thecasinos.com/czech-republic/prague/forbes-casino-praha---konvova,0
https://www.thecasinos.com/czech-republic/brandys-nad-labem-stara-boleslav/forbes-casino-brands,0
https://www.thecasinos.com/czech-republic/kralupy-nad-vltavou/forbes-casino-kralupy-nad-vltavou,0
https://www.thecasinos.com/south-africa/johannesburg/emperors-palace-hotel-casino-resort,0
https://www.thecasinos.com/south-africa/mabopane/morula-casino-and-hotel,0
https://www.thecasinos.com/south-africa/kimberley/flamingo-casino,0
https://www.thecasinos.com/south-africa/johannesburg/gold-reef-city,0
https://www.thecasinos.com/south-africa/johannesburg/montecasino,0
https://www.thecasinos.com/south-africa/klerksdorp/rio-casino-resort,0
https://www.thecasinos.com/south-africa/polokwane/meropa-casino-and-entertainment-world,0
https://www.thecasinos.com/netherlands/zandvoort/play-in-zandvoort,0
https://www.thecasinos.com/united-states/scottsdale/talking-stick-casino-resort,0
https://www.thecasinos.com/france/le-havre/htel-spa-pasino-le-havre,0
https://www.thecasinos.com/vietnam/lao-cai/aristo-international-hotel--casino,0
https://www.thecasinos.com/south-africa/worcester/golden-valley-casino,0
https://www.thecasinos.com/argentina/tandil/casino-de-tandil,0
https://www.thecasinos.com/argentina/santa-rosa/casino-club-santa-rosa,0
https://www.thecasinos.com/united-states/fort-hall/bannock-peak-casino,0
https://www.thecasinos.com/czech-republic/karlovy-vary/pupp-casino-at-grand-hotel-pupp,0
https://www.thecasinos.com/united-states/king-of-prussia/valley-forge-casino-resort,0
https://www.thecasinos.com/macau/cotai/galaxy-macau,0
https://www.thecasinos.com/united-states/las-vegas/downtown-grand-las-vegas-hotel--casino,0
https://www.thecasinos.com/philippines/paranaque/solaire-resort-and-casino,0
https://www.thecasinos.com/united-states/las-vegas/silver-sevens-hotel--casino,0
https://www.thecasinos.com/united-states/oxford/oxford-casino,0
https://www.thecasinos.com/bahamas/freeport/memories-grand-bahama-beach--casino-resort,0
https://www.thecasinos.com/panama/panama-city/hipdromo-presidente-remn,0
https://www.thecasinos.com/poland/warsaw/sofitel-victoria-hotel--orbis-casino,0
https://www.thecasinos.com/united-states/new-britain/winners-new-britain,0
https://www.thecasinos.com/portugal/figueira-da-foz/casino-figueira,0
https://www.thecasinos.com/united-states/rancho-mirage/agua-caliente-casino-resort,0
https://www.thecasinos.com/united-states/fort-washington/rosecroft-raceway,0
https://www.thecasinos.com/hong-kong/sha-tin/sha-tin-racecourse,0
https://www.thecasinos.com/macau/cotai/plaza-casino-at-four-seasons,0
https://www.thecasinos.com/macau/macau/larc-macau,0
https://www.thecasinos.com/philippines/angeles-city/royce-hotel--casino,0
https://www.thecasinos.com/united-states/tucson/tucson-greyhound-park,0
https://www.thecasinos.com/united-states/philadelphia/blue-grass-bingo,0
https://www.thecasinos.com/belgium/oostende/casino-oostende,0
https://www.thecasinos.com/united-states/rock-springs/lucky-bucks-bingo-rock-springs,0
https://www.thecasinos.com/united-states/tucson/rillito-park-race-track,0
https://www.thecasinos.com/philippines/manila/manila-grand-opera-casino,0
https://www.thecasinos.com/united-states/tucson/casino-del-sol-resort,0
https://www.thecasinos.com/sri-lanka/colombo/stardust-casino-colombo,0
https://www.thecasinos.com/united-states/metlakatla/mic-gaming-hall,0
https://www.thecasinos.com/philippines/laguna/casino-filipino-bian,0
https://www.thecasinos.com/united-states/anza/cahuilla-casino,0
https://www.thecasinos.com/costa-rica/san-jose/horseshoe-casino,0
https://www.thecasinos.com/cambodia/sihanoukville/golden-sea-hotel--casino,0
https://www.thecasinos.com/egypt/nasr-city/radjah-grand-casino,0
https://www.thecasinos.com/philippines/manila/casino-filipino-binondo,0
https://www.thecasinos.com/laos/ton-pheung/kings-romans-casino,0
https://www.thecasinos.com/vietnam/ho-chi-minh-city/chats-slot-gaming-center---itc,0
https://www.thecasinos.com/belgium/knokke-heist/grand-casino-knokke,0
https://www.thecasinos.com/costa-rica/san-jose/casino-royal-dutch,0
https://www.thecasinos.com/vietnam/da-nang/club-99-at-furama-resort-danang,0
https://www.thecasinos.com/vietnam/ho-chi-minh-city/grand-club-at-grand-hotel-saigon,0
https://www.thecasinos.com/united-states/cuba/seneca-oil-spring-casino,0
https://www.thecasinos.com/united-states/atlantic-city/ballys---atlantic-city---wild-wild-west-casino,0
https://www.thecasinos.com/united-states/black-hawk/z-casino-black-hawk,0
https://www.thecasinos.com/united-states/pueblo/southern-colorado-gaming-and-event-center,0
https://www.thecasinos.com/united-states/diberville/scarlet-pearl-casino-resort,0
https://www.thecasinos.com/morocco/agadir/shems-casino-dagadir,0
https://www.thecasinos.com/czech-republic/most/merkur-casino-most---moskevsk,0
https://www.thecasinos.com/united-states/marysville/tulalip-bingo,0
https://www.thecasinos.com/czech-republic/teplice/merkur-casino-teplice,0
https://www.thecasinos.com/united-states/shoreline/goldies-shoreline-casino,0
https://www.thecasinos.com/united-states/lakewood/palace-casino-lakewood,0
https://www.thecasinos.com/united-states/renton/freddies-casino,0
https://www.thecasinos.com/united-states/ramona/cherokee-casino---ramona,0
https://www.thecasinos.com/united-states/hinton/casino-oklahoma,0
https://www.thecasinos.com/united-kingdom/nottingham/genting-casino-nottingham,0
https://www.thecasinos.com/panama/david/gran-hotel-nacional-casino,0
https://www.thecasinos.com/united-states/seattle/great-american-casino---tukwila,0
https://www.thecasinos.com/united-states/everett/great-american-casino---everett,0
https://www.thecasinos.com/united-states/ajo/desert-diamond-casino-why,0
https://www.thecasinos.com/samoa/mulifanua/whitesands-casino-samoa---mulifanua,0
https://www.thecasinos.com/united-states/catoosa/cherokee-outpost-tobacco-shop-slots,0
https://www.thecasinos.com/united-states/sulphur/the-artesian-hotel-casino-spa,0
https://www.thecasinos.com/aruba/palm-beach/excelsior-casino-at-holiday-inn-beach-resort,0
https://www.thecasinos.com/thailand/bangkok/royal-bangkok-sports-club,0
https://www.thecasinos.com/macau/cotai/broadway-macau,0
https://www.thecasinos.com/philippines/paranaque/okada-manila,0
https://www.thecasinos.com/russia/vladivostok/primorsky-entertainment-resort-city,0
https://www.thecasinos.com/south-korea/jeju/jeju-shinhwa-world,0
https://www.thecasinos.com/russia/vladivostok/tigre-de-cristal,0
https://www.thecasinos.com/russia/altay/altai-palace-casino,0
https://www.thecasinos.com/nepal/kathmandu/casino-mahjong-at-the-soaltee-kathmandu,0
https://www.thecasinos.com/united-states/south-coffeyville/cherokee-casino---south-coffeyville,0
https://www.thecasinos.com/united-states/monticello/resorts-world-catskills,0
https://www.thecasinos.com/portugal/lisbon/casino-lisboa,0
https://www.thecasinos.com/macau/cotai/the-13,0
https://www.thecasinos.com/belgium/brussels/grand-casino-brussels-viage,0
https://www.thecasinos.com/philippines/clark/widus-hotel-and-casino,0
https://www.thecasinos.com/chile/ovalle/ovalle-casino-resort,0
https://www.thecasinos.com/united-states/las-vegas/lon-las-vegas-casino-resort,0
https://www.thecasinos.com/south-africa/pietermaritzburg/scottsville-racecourse,0
https://www.thecasinos.com/kenya/mombasa/oceanic-hotel--international-casino,0
https://www.thecasinos.com/slovakia/martin/galaxy-casino-martin---jilemnickho,0
https://www.thecasinos.com/united-states/ridgefield/ilani-casino-resort,0
https://www.thecasinos.com/kenya/malindi/ascot-residence-casino,0
https://www.thecasinos.com/cambodia/phnom-penh/naga2-casino-resort,0
https://www.thecasinos.com/south-korea/incheon/paradise-city-casino-yeongjong,0
https://www.thecasinos.com/kenya/nairobi/pink-apple-casino,0
https://www.thecasinos.com/northern-mariana-islands/garapan/best-sunshine-live-garapan,0
https://www.thecasinos.com/northern-mariana-islands/garapan/imperial-pacific-resort,0
https://www.thecasinos.com/argentina/san-isidro/hipdromo-de-san-isidro,0
https://www.thecasinos.com/kenya/mombasa/sentrim-castle-royal-hotel--casino,0
https://www.thecasinos.com/united-states/elizabeth/caesars-southern-indiana,0
https://www.thecasinos.com/spain/tomares/casino-admiral-sevilla,0
https://www.thecasinos.com/northern-mariana-islands/susupe/club-c-e-gaming-club,0
https://www.thecasinos.com/turkmenistan/ashgabat/florida-club--british-pub-casino,0
https://www.thecasinos.com/united-states/las-vegas/plaza-hotel--casino,0
https://www.thecasinos.com/united-states/cortez/ute-mountain-casino-hotel,0
https://www.thecasinos.com/canada/sarnia/gateway-casinos-sarnia,0
https://www.thecasinos.com/canada/ottawa/rideau-carleton-casino,0
https://www.thecasinos.com/united-states/kingston/west-bay-casino-and-resort,0
https://www.thecasinos.com/czech-republic/rozvadov/kings-casino-rozvadov,0
https://www.thecasinos.com/kenya/nairobi/sunrise-casino,0
https://www.thecasinos.com/united-states/perry/7-clans-perry-casino,0
https://www.thecasinos.com/kenya/nairobi/golden-palms-casino,0
https://www.thecasinos.com/south-korea/jeju/jeju-dream-tower-casino,0
https://www.thecasinos.com/united-states/cripple-creek/brass-ass-casino,0
https://www.thecasinos.com/canada/edmonton/starlight-casino-edmonton,0
https://www.thecasinos.com/croatia/zagreb/kajot-intacto-ak-zagreb,0
https://www.thecasinos.com/czech-republic/most/kajot-intacto-most,0
https://www.thecasinos.com/philippines/quezon-city/solaire-resort-north,0
https://www.thecasinos.com/romania/bucharest/maxbet-bucuresti-crangasi-market,0
https://www.thecasinos.com/mexico/ensenada/skampa-casino,0
https://www.thecasinos.com/united-states/oak-grove/oak-grove-racing-gaming--hotel,0
https://www.thecasinos.com/romania/bucharest/maxbet-bucuresti-piata-chibrit,0
https://www.thecasinos.com/dominican-republic/santo-domingo/maunaloa-casino,0
https://www.thecasinos.com/united-states/billings/red-door-lounge,0
https://www.thecasinos.com/philippines/lapu-lapu/emerald-bay-resort-and-casino,0
https://www.thecasinos.com/albania/pogradec/astra-club-pogradec,0
https://www.thecasinos.com/macau/cotai/the-londoner-macao,0
https://www.thecasinos.com/belarus/minsk/juravinka-princess-casino,0
https://www.thecasinos.com/seychelles/eden-island/star-casino-seychelles,0
https://www.thecasinos.com/united-states/biloxi/rock--brews-casino,0
https://www.thecasinos.com/united-states/sparks/legends-bay-casino,0
https://www.thecasinos.com/latvia/liepaja/olympic-casino-zivju,0
https://www.thecasinos.com/united-states/new-kent/rosies-gaming-emporium---new-kent,0
https://www.thecasinos.com/united-states/wyandotte/river-bend-casino--hotel,0
https://www.thecasinos.com/united-states/grand-island/grand-island-casino-resort,0
https://www.thecasinos.com/slovakia/zilina/gotham-club-oc-mirage,0
https://www.thecasinos.com/india/daman/deltin-daman-casino,0
https://www.thecasinos.com/united-states/gardnerville/wa-she-shu-casino--travel-plaza,0
https://www.thecasinos.com/united-states/tiverton/tiverton-casino-hotel,0
https://www.thecasinos.com/country-of-georgia/tbilisi/shangri-la-casino-tbilisi,0
https://www.thecasinos.com/india/nerul/deltin-suites-casino,0
https://www.thecasinos.com/united-kingdom/plymouth/genting-casino-plymouth,0
https://www.thecasinos.com/united-states/henderson/wildfire-sunset,0
https://www.thecasinos.com/united-states/las-vegas/pts-gold-2---s-hualapai-way,0
https://www.thecasinos.com/united-states/black-hawk/ballys-black-hawk-west-casino,0
https://www.thecasinos.com/united-states/rockford/rockford-casino-a-hard-rock-opening-act,0
https://www.thecasinos.com/cambodia/kampong-rou/lucky-ruby-border-casino,0
https://www.thecasinos.com/united-states/new-york/avenir,0
https://www.thecasinos.com/united-states/portsmouth/rivers-casino-portsmouth,0
https://www.thecasinos.com/ireland/waterford/goldrush-casino---waterford,0
https://www.thecasinos.com/albania/tirana/astra-club-treni-2,0
https://www.thecasinos.com/cambodia/sihanoukville/fortuna-hotel-and-casino,0
https://www.thecasinos.com/zimbabwe/plumtree/omadu-lodge-casino,0
https://www.thecasinos.com/philippines/pampanga/hann-casino-resort,0
https://www.thecasinos.com/aruba/palm-beach/casino-aruba-at-caribbean-palm-village-resort,0
https://www.thecasinos.com/france/dieppe/casino-de-dieppe,0
https://www.thecasinos.com/united-states/shippensburg/parx-casino-shippensburg,0
https://www.thecasinos.com/slovakia/presov/galaxy-casino-presov,0
https://www.thecasinos.com/united-states/anaconda/7-gables-resort,0
https://www.thecasinos.com/malta/st-julians/casino-malta-by-olympic-casino,0
https://www.thecasinos.com/northern-mariana-islands/san-jose/plumeria-golf-and-casino-resort,0
https://www.thecasinos.com/macau/taipa/greek-mythology-at-beijing-imperial-palace-hotel,0
https://www.thecasinos.com/philippines/manila/winford-manila-resort--casino,0
https://www.thecasinos.com/canada/penticton/cascades-casino-penticton,0
https://www.thecasinos.com/united-states/muskegon/lakeshore-casino--resort,0
https://www.thecasinos.com/united-states/jackpot/pony-express-casino,0
https://www.thecasinos.com/united-states/carson-city/gold-dust-west-carson-city,0
https://www.thecasinos.com/united-kingdom/aberdeen/grosvenor-casino-aberdeen,0
https://www.thecasinos.com/northern-mariana-islands/san-jose/tinian-ocean-view-casino-resort,0
https://www.thecasinos.com/latvia/adazi/fenikss-laimtava-dai,0
https://www.thecasinos.com/latvia/balvi/fenikss-laimtava-balvi,0
https://www.thecasinos.com/antigua-and-barbuda/crabbs/hard-rock-hotel--casino-antigua,0
https://www.thecasinos.com/france/agon---coutainville/partouche-casino-coutainville,0
https://www.thecasinos.com/albania/tirana/astra-club-kombinati,0
https://www.thecasinos.com/australia/townsville/the-ville-resort--casino,0
https://www.thecasinos.com/south-korea/incheon/mohegan-inspire-entertainment-resort,0
https://www.thecasinos.com/united-states/carson-city/comstock-casino,0
https://www.thecasinos.com/united-states/mackinaw-city/odawa-casino-mackinaw,0
https://www.thecasinos.com/united-states/east-rutherford/hard-rock-casino-at-meadowlands,0
https://www.thecasinos.com/united-states/gulfport/golden-harbor-casino,0
https://www.thecasinos.com/dominican-republic/santo-domingo/hard-rock-hotel--casino-santo-domingo,0
https://www.thecasinos.com/united-kingdom/birmingham/grosvenor-casino-hill-st,0
https://www.thecasinos.com/spain/barcelona/casino-barcelona,0
https://www.thecasinos.com/lithuania/klaipeda/nese-casino-turgaus,0
https://www.thecasinos.com/jamaica/rio-buenos/harmony-cove-jamaica,0
https://www.thecasinos.com/chile/arica/casino-luckia-arica,0
https://www.thecasinos.com/united-states/woodlake/cabrera-bar-and-recreation,0
https://www.thecasinos.com/united-arab-emirates/dubai/meydan-racecourse,0
https://www.thecasinos.com/zimbabwe/mutare/manica-sun-casino,0
https://www.thecasinos.com/zimbabwe/harare/southern-leisure-borrowdale-casino,0
https://www.thecasinos.com/united-states/roberts/heavy-horse-bar,0
https://www.thecasinos.com/mexico/tepic/joy-casino-tepic,0
https://www.thecasinos.com/united-states/vallejo/solano-race-place,0
https://www.thecasinos.com/united-states/folsom/flb-entertainment-center,0
https://www.thecasinos.com/united-states/tampa/tgt-poker-and-racebook,0
https://www.thecasinos.com/united-states/atka/atka-ira-council-pull-tabs,0
https://www.thecasinos.com/antigua-and-barbuda/saint-johns/kings-casino,0
https://www.thecasinos.com/italy/san-remo/casin-municipale-di-sanremo,0
https://www.thecasinos.com/australia/flemington/flemington-racecourse,0
https://www.thecasinos.com/northern-mariana-islands/garapan/club-88-garapan,0
https://www.thecasinos.com/united-states/madison/ho-chunk-gaming-madison,0
https://www.thecasinos.com/united-states/tomah/ho-chunk-gaming-tomah,0
https://www.thecasinos.com/united-states/tacoma/emerald-queen-casino--hotel-tacoma,0
https://www.thecasinos.com/united-states/great-falls/ohaire-motor-inn,0
https://www.thecasinos.com/slovenia/ljubljana/casino-lev,0
https://www.thecasinos.com/sweden/stockholm/casino-cosmopol-stockholm,0
https://www.thecasinos.com/united-states/wittenberg/ho-chunk-gaming-wittenberg,0
https://www.thecasinos.com/united-states/terre-haute/terre-haute-casino-resort,0
https://www.thecasinos.com/panama/panama-city/casino-bolerama,0
https://www.thecasinos.com/united-states/great-falls/frontier-inn,0
https://www.thecasinos.com/romania/iasi/casino-efbet,0
https://www.thecasinos.com/slovakia/topolcany/rio-club-topoany,0
https://www.thecasinos.com/slovakia/zilina/rio-club-ilina---galeria-sport-cafe,0
https://www.thecasinos.com/venezuela/la-urbina/bingo-majestic,0
https://www.thecasinos.com/philippines/manila/newport-world-resorts,0
https://www.thecasinos.com/argentina/colon/casino-coln,0
https://www.thecasinos.com/united-states/prior-lake/mystic-lake-casino-hotel,0
https://www.thecasinos.com/united-states/miami/magic-city-casino,0
https://www.thecasinos.com/spain/malaga/mlaga-juega-at-hotel-mlaga-nostrum,0
https://www.thecasinos.com/cyprus/kyrenia/rocks-hotel--casino-kyrenia,0
https://www.thecasinos.com/cyprus/kyrenia/casino-skull-king-at-oscar-resort,0
https://www.thecasinos.com/united-states/newcastle/newcastle-casino,0
https://www.thecasinos.com/spain/huelva/toka-game-room-huelva-royal-slot,0
https://www.thecasinos.com/united-states/olympia/red-wind-casino-at-nisqually,0
https://www.thecasinos.com/germany/hamburg/casino-steindamm,0
https://www.thecasinos.com/uruguay/maldonado/mantra-resort-spa--casino,0
https://www.thecasinos.com/spain/valencia/toka-game-room-valencia-ramn-y-cajal,0
https://www.thecasinos.com/germany/stuttgart/spielbank-stuttgart,0
https://www.thecasinos.com/united-states/tucson/casino-of-the-sun,0
https://www.thecasinos.com/macau/cotai/wynn-diamond,0
https://www.thecasinos.com/united-states/belfair/hanks-casino,0
https://www.thecasinos.com/mexico/tijuana/caliente-casino-revolucion,0
https://www.thecasinos.com/canada/edmonton/northlands-park-racetrack--casino,0
https://www.thecasinos.com/spain/arona/casino-royal-777,0
https://www.thecasinos.com/canada/vancouver/hastings-racecourse,0
https://www.thecasinos.com/panama/panama-city/hotel-el-panama-convention-center-and-casino,0
https://www.thecasinos.com/austria/vienna/casino-wien,0
https://www.thecasinos.com/argentina/san-luis/casino-tropicana-san-luis,0
https://www.thecasinos.com/argentina/rio-grande/casino-club-ro-grande,0
https://www.thecasinos.com/argentina/rawson/casino-club-rawson,0
https://www.thecasinos.com/seychelles/baie-lazare/casino-paradiso-at-kempinski-resort,0
https://www.thecasinos.com/cambodia/sihanoukville/maimai-casino,0
https://www.thecasinos.com/seychelles/victoria/gran-kaz-entertainment-center,0
https://www.thecasinos.com/argentina/santiago-del-estero/casino-del-sol,0
https://www.thecasinos.com/argentina/villa-mercedes/casino-golden-palace---villa-mercedes,0
https://www.thecasinos.com/austria/ebreichsdorf/magna-racino,0
https://www.thecasinos.com/australia/adelaide/morphettville-racecourse,0
https://www.thecasinos.com/canada/vernon/lake-city-casino-vernon,0
https://www.thecasinos.com/united-states/pleasanton/pleasanton-racetrack--otb,0
https://www.thecasinos.com/mauritius/port-louis/grand-casino-du-domaine,0
https://www.thecasinos.com/reunion/saint-denis/casino-de-saint-denis,0
https://www.thecasinos.com/egypt/cairo/conrad-cairo,0
https://www.thecasinos.com/czech-republic/prague/casino-ambassador-praha,0
https://www.thecasinos.com/czech-republic/jablonec-nad-nisou/casino-happy-day-jablonec,0
https://www.thecasinos.com/united-states/battle-mountain/owl-club-casino-and-restaurant,0
https://www.thecasinos.com/united-states/bismarck/ramada-bismarck,0
https://www.thecasinos.com/peru/lima/hipdromo-de-monterrico,0
https://www.thecasinos.com/united-states/north-las-vegas/cannery-casino-resort,0
https://www.thecasinos.com/france/pougues-les-eaux/casino-de-pougues-les-eaux,0
https://www.thecasinos.com/estonia/tallinn/tallinna-hipodroom,0
https://www.thecasinos.com/netherlands/roermond/supergame-roermond,0
https://www.thecasinos.com/france/roscoff/casino-de-roscoff,0
https://www.thecasinos.com/united-states/elko/gold-country-inn-and-casino,0
https://www.thecasinos.com/netherlands/heemskerk/lucky-jack---heemskerk,0
https://www.thecasinos.com/france/canet-en-roussillon/casino-joa-de-canet,0
https://www.thecasinos.com/france/cannes/casino-barrire-le-croisette,0
https://www.thecasinos.com/france/mont-dore/casino-le-mont-dore,0
https://www.thecasinos.com/argentina/colorado/casino-colorado-argentina,0
https://www.thecasinos.com/netherlands/amsterdam/casino-city---ceintuurbaan,0
https://www.thecasinos.com/reunion/saint-pierre/villa-delisle-hotel-spa-and-casino,0
https://www.thecasinos.com/united-states/minot/lucky-strike-casino-restaurant--lounge,0
https://www.thecasinos.com/united-states/hollywood/carnival-conquest-casino,0
https://www.thecasinos.com/botswana/gaborone/avani-gaborone-hotel--casino,0
https://www.thecasinos.com/uruguay/canelones/sala-las-piedras,0
https://www.thecasinos.com/canada/fort-erie/fort-erie-race-track,0
https://www.thecasinos.com/united-states/sparks/sierra-sids,0
https://www.thecasinos.com/netherlands/maarssen/fair-play-center---maarssen,0
https://www.thecasinos.com/united-states/laughlin/harrahs-laughlin,0
https://www.thecasinos.com/netherlands/zaandam/hommerson-casinos-zaandam,0
https://www.thecasinos.com/united-states/las-vegas/cariba-charlies,0
https://www.thecasinos.com/united-states/tulsa/fair-meadows-racetrack-at-expo-square,0
https://www.thecasinos.com/united-states/st-ignatius/silver-dollar-bar-and-grill,0
https://www.thecasinos.com/united-states/fort-lauderdale/royal-caribbean-international---freedom-of-the-seas,0
https://www.thecasinos.com/united-states/fort-lauderdale/royal-caribbean-international---independence-of-the-seas,0
https://www.thecasinos.com/united-states/galveston/royal-caribbean-international---liberty-of-the-seas,0
https://www.thecasinos.com/united-states/fort-lauderdale/holland-america-cruise-line---koningsdam,0
https://www.thecasinos.com/netherlands/apeldoorn/casino-number-one,0
https://www.thecasinos.com/united-states/miami/oceania-cruises-insignia,0
https://www.thecasinos.com/united-states/miami/oceania-cruises-riviera,0
https://www.thecasinos.com/french-polynesia/papeete/oceania-cruises-sirena,0
https://www.thecasinos.com/united-states/fort-pierre/stanley-county-fairgrounds-racing,0
https://www.thecasinos.com/czech-republic/as/casino-admiral-a,0
https://www.thecasinos.com/czech-republic/plzen/casino-admiral-plze,0
https://www.thecasinos.com/swaziland/nhlangano/nhlangano-casino-royale,0
https://www.thecasinos.com/peru/lima/tropicana-casino,0
https://www.thecasinos.com/dominican-republic/punta-cana/paradisus-punta-cana-resort-casino,0
https://www.thecasinos.com/france/saint-raphael/casino-barriere-saint-raphael,0
https://www.thecasinos.com/dominican-republic/san-pedro-de-macoris/coral-costa-caribe-resort--dreams-casino,0
https://www.thecasinos.com/france/alet-les-bains/casino-dalet-les-bains,0
https://www.thecasinos.com/hong-kong/happy-valley/happy-valley-racecourse,0
https://www.thecasinos.com/colombia/bogota/jack-diamond-casino-club,0
https://www.thecasinos.com/colombia/medellin/casino-rio-medelln,0
https://www.thecasinos.com/cyprus/kyrenia/arkin-colony-hotel--casino,0
https://www.thecasinos.com/macedonia/dojran/hit-casino--hotel-dojran,0
https://www.thecasinos.com/cyprus/kyrenia/zeus-casino,0
https://www.thecasinos.com/colombia/barranquilla/casino-rio-barranquilla,0
https://www.thecasinos.com/united-states/north-las-vegas/dottys-111,0
https://www.thecasinos.com/united-states/las-vegas/pts-gold---w-lake-mead-blvd,0
https://www.thecasinos.com/colombia/cali/casino-cosmopolitan-cali,0
https://www.thecasinos.com/czech-republic/prostejov/rebuy-stars-casino-prostjov,0
https://www.thecasinos.com/colombia/bogota/casino-broadway-bogot-2052,0
https://www.thecasinos.com/nicaragua/managua/pharaohs-casino---camino-real,0
https://www.thecasinos.com/netherlands/gronsveld/fair-play-casino-gronsveld,0
https://www.thecasinos.com/united-states/pocola/choctaw-travel-plaza---pocola,0
https://www.thecasinos.com/united-states/las-vegas/village-pub--poker---airport,0
https://www.thecasinos.com/united-states/watonga/lucky-star-casino-hotel-and-convention-center,0
https://www.thecasinos.com/united-states/kalispell/silver-canyon-casino-at-hilton-garden-inn,0
https://www.thecasinos.com/cambodia/paoy-pet/orchid-hotel--rich-casino,0
https://www.thecasinos.com/cambodia/osmach/royal-hill-resort--casino,0
https://www.thecasinos.com/latvia/riga/olympic-casino-dole,0
https://www.thecasinos.com/albania/tirana/astra-club-luna,0
https://www.thecasinos.com/united-states/dillon/lucky-lils-casino-of-dillon,0
https://www.thecasinos.com/lithuania/siauliai/admiral-club-siauliai-akropolis,0
https://www.thecasinos.com/netherlands/hulst/funtastic-casino-hulst,0
https://www.thecasinos.com/netherlands/sluis/funtastic-casino-sluis,0
https://www.thecasinos.com/austria/villach/casino-admiral-villach,0
https://www.thecasinos.com/albania/berat/admiral-kucove,0
https://www.thecasinos.com/albania/pogradec/admiral-club-pogradec,0
https://www.thecasinos.com/albania/durres/admiral-club-danub,0
https://www.thecasinos.com/united-states/stockton/kings-card-club,0
https://www.thecasinos.com/japan/morioka/morioka-racecourse,0
https://www.thecasinos.com/canada/whitecourt/eagle-river-casino-and-travel-plaza,0
https://www.thecasinos.com/united-states/newkirk/7-clans-first-council-casino-hotel,0
https://www.thecasinos.com/united-states/red-rock/7-clans-gasino-red-rock,0
https://www.thecasinos.com/australia/longford/longford-racecourse,0
https://www.thecasinos.com/australia/perth/ascot-racecourse,0
https://www.thecasinos.com/turks-and-caicos/providenciales/caicos-royale-casino,0
https://www.thecasinos.com/japan/fukushima/fukushima-racecourse,0
https://www.thecasinos.com/united-states/billings/vfw-post-1634-billings,0
https://www.thecasinos.com/canada/summerside/bingo-world-summerside,0
https://www.thecasinos.com/united-states/billings/tinys-tavern,0
https://www.thecasinos.com/cambodia/sihanoukville/ochheuteal-beach-resort-and-casino,0
https://www.thecasinos.com/united-states/billings/powderhorn-lounge,0
https://www.thecasinos.com/united-states/billings/treasure-creek-casino,0
https://www.thecasinos.com/united-states/billings/palagios-pub-and-casino,0
https://www.thecasinos.com/united-states/billings/the-vegas-hotel-and-aces-high-casino,0
https://www.thecasinos.com/united-states/billings/2nd-shift-bar-and-casino,0
https://www.thecasinos.com/united-states/glasgow/alleys-palace,0
https://www.thecasinos.com/united-states/nashua/park-grove-bar-and-cafe,0
https://www.thecasinos.com/united-states/absorokee/rockin-j-gas-station,0
https://www.thecasinos.com/united-states/shelby/coyote-club-and-events-center,0
https://www.thecasinos.com/united-states/glen/glen-bar,0
https://www.thecasinos.com/mexico/acapulco/emotion-casino-condesa,0
https://www.thecasinos.com/mexico/san-luis-potosi/emotion-casino-san-luis-potosi,0
https://www.thecasinos.com/aruba/oranjestad/glitz-casino-at-la-cabana-beach-resort,0
https://www.thecasinos.com/japan/nagoya/nagoya-racecourse,0
https://www.thecasinos.com/japan/tokyo/ohi-racecourse,0
https://www.thecasinos.com/trinidad-and-tobago/arima/silver-dollar-casino---trinidad,0
https://www.thecasinos.com/mexico/queretaro/big-bola-casino-quertaro,0
https://www.thecasinos.com/bonaire/kralendijk/coral-casino-bonaire-at-the-plaza-resort,0
https://www.thecasinos.com/japan/obihiro/obihiro-racecourse,0
https://www.thecasinos.com/japan/monbetsu/mombetsu-racecourse,0
https://www.thecasinos.com/mexico/los-mochis/casino-rosales-los-mochis,0
https://www.thecasinos.com/mexico/los-mochis/caliente-casino-los-mochis,0
https://www.thecasinos.com/mexico/monterrey/foliati-casino-mitras,0
https://www.thecasinos.com/mexico/monterrey/hollywood-entertainment,0
https://www.thecasinos.com/united-states/antioch/nineteenth-hole-casino,0
https://www.thecasinos.com/japan/urawa/urawa-racecourse,0
https://www.thecasinos.com/dominica/portsmouth/mapau-dominica-entertainment-centre-portsmouth,0
https://www.thecasinos.com/united-states/sacramento/elks-tower-casino,0
https://www.thecasinos.com/vanuatu/port-vila/jewel-casino-irikiri,0
https://www.thecasinos.com/cambodia/chob-kokir-khang-lich/saitaku-resort-and-casino,0
https://www.thecasinos.com/united-states/casa-blanca/dancing-eagle-casino,0
https://www.thecasinos.com/united-states/madera/north-fork-rancheria-resort-hotel--casino,0
https://www.thecasinos.com/canada/edmonton/parkway-bingo,0
https://www.thecasinos.com/canada/wetaskiwin/peace-hills-bingo-hall,0
https://www.thecasinos.com/canada/hobbema/samson-bingo-hall,0
https://www.thecasinos.com/canada/missisauga/delta-bingo-and-gaming-mississauga,0
https://www.thecasinos.com/canada/vancouver/planet-bingo,0
https://www.thecasinos.com/argentina/buenos-aires/casino-buenos-aires,0
https://www.thecasinos.com/argentina/san-juan/hotel-and-casino-del-bono-park,0
https://www.thecasinos.com/united-states/miami/high-winds-casino,0
https://www.thecasinos.com/slovenia/kranjska-gora/casino-larix,0
https://www.thecasinos.com/argentina/catriel/casino-del-rio-catriel,0
https://www.thecasinos.com/united-states/great-falls/gold-dust-casino,0
https://www.thecasinos.com/united-states/deadwood/historic-bullock-hotel--casino,0
https://www.thecasinos.com/united-states/columbus/running-aces-casino--racetrack,0
https://www.thecasinos.com/zambia/lusaka/majestic-casino-lusaka,0
https://www.thecasinos.com/saint-martin/cupecoy-beach/starz-city-casino,0
https://www.thecasinos.com/united-states/yale/teepee-casino,0
https://www.thecasinos.com/romania/timisoara/casino-valoro,0
https://www.thecasinos.com/uganda/kampala/empire-casino-kampala,0
https://www.thecasinos.com/france/la-ciotat/pleinair-casino-la-ciotat,0
https://www.thecasinos.com/aruba/palm-beach/hilton-aruba-caribbean-casino-resort,0
https://www.thecasinos.com/cambodia/sihanoukville/lion-city-hotel--casino,0
https://www.thecasinos.com/united-kingdom/dudley/genting-casino-dudley,0
https://www.thecasinos.com/united-states/beloit/ho-chunk-gaming-beloit,0
https://www.thecasinos.com/latvia/riga/olympic-casino-ncgales-2b,0
https://www.thecasinos.com/antigua-and-barbuda/mamora-bay/st-james-club,0
https://www.thecasinos.com/united-states/helena/lucky-lils-casino--liquor-store,0
https://www.thecasinos.com/ireland/dublin/4-kings-casino--card-club,0
https://www.thecasinos.com/curacao/willemstad/holiday-beach-casino--resort,0
https://www.thecasinos.com/tunisia/sousse/casino-europe-sousse,0
https://www.thecasinos.com/tunisia/sousse/casino-veneziano,0
https://www.thecasinos.com/united-states/orange-city/orange-city-racing-and-card-club,0
https://www.thecasinos.com/united-states/green-bay/imac-casino,0
https://www.thecasinos.com/ireland/dublin/carlton-casino-club,0
https://www.thecasinos.com/cyprus/larnaca/c2---cyprus-casinos-larnaca,0
https://www.thecasinos.com/united-states/tukwila/fortune-casino,0
https://www.thecasinos.com/nepal/nepalgunj/cygnett-inn-krishna-casino,0
https://www.thecasinos.com/south-korea/jeju/glorious-hill-casino--resort,0
https://www.thecasinos.com/united-states/gardnerville/sharkeys-casino,0
https://www.thecasinos.com/czech-republic/pardubice/casino-go4games-dakotka,0
https://www.thecasinos.com/united-states/cincinnati/hard-rock-casino-cincinnati,0
https://www.thecasinos.com/united-states/calumet-city/southland-live-casino,0
https://www.thecasinos.com/aruba/palm-beach/orchid-casino-at-riu-palace-antillas,0
https://www.thecasinos.com/united-states/konawa/seminole-nation-rivermist-casino,0
https://www.thecasinos.com/netherlands/hoorn/jacks-casino-hoorn,0
https://www.thecasinos.com/virgin-islands/christiansted/st-croix-golf-resort-and-casino,0
https://www.thecasinos.com/germany/berlin/spielbank-berlin---nahe-kudamm,0
https://www.thecasinos.com/netherlands/heerhugowaard/jacks-casino-heerhugowaard,0
https://www.thecasinos.com/netherlands/helmond/jacks-casino-helmond,0
https://www.thecasinos.com/netherlands/nijmegen/jacks-casino-nijmegen-centrum,0
https://www.thecasinos.com/netherlands/zaandam/jacks-casino-oostzaan,0
https://www.thecasinos.com/netherlands/roermond/jacks-casino-roermond,0
https://www.thecasinos.com/netherlands/sassenheim/jacks-casino-sassenheim,0
https://www.thecasinos.com/switzerland/mendrisio/casino-admiral-mendrisio,0
https://www.thecasinos.com/cyprus/kyrenia/merit-crystal-cove-hotel-and-casino,0
https://www.thecasinos.com/aruba/palm-beach/cool-casino-at-riu-palace-palm-beach,0
https://www.thecasinos.com/aruba/palm-beach/casino-at-the-ritz-carlton,0
https://www.thecasinos.com/aruba/palm-beach/stellaris-casino-at-aruba-marriott-resort,0
https://www.thecasinos.com/aruba/oranjestad/seaport-casino-at-the-renaissance-aruba-resort,0
https://www.thecasinos.com/aruba/oranjestad/crystal-casino-at-renaissance-aruba-resort,0
https://www.thecasinos.com/czech-republic/chrastava/casino-bonver-chrastava,0
https://www.thecasinos.com/mexico/playa-del-carmen/jackpot-casino-playa-del-carmen,0
https://www.thecasinos.com/curacao/jan-thiel/diamond-casino-at-papagayo-beach-resort,0
https://www.thecasinos.com/united-states/jersey-city/liberty-rising-resort-spa-and-casino,0
https://www.thecasinos.com/united-states/livingston/naskila-entertainment,0
https://www.thecasinos.com/united-states/dudleyville/apache-sky-casino,0
https://www.thecasinos.com/virgin-islands/christiansted/casino-at-hotel-caravelle,0
https://www.thecasinos.com/cyprus/limassol/city-of-dreams-mediterranean,0
https://www.thecasinos.com/curacao/willemstad/plaza-hotel--casino,0
https://www.thecasinos.com/curacao/willemstad/sahara-casino-at-curaao-airport-hotel,0
https://www.thecasinos.com/curacao/willemstad/howard-johnson-plaza-hotel--casino,0
https://www.thecasinos.com/curacao/willemstad/emerald-casino-at-curacao-marriott-beach-resort,0
https://www.thecasinos.com/curacao/willemstad/awasa-casino-at-otrobanda-hotel,0
https://www.thecasinos.com/virgin-islands/christiansted/seven-hills-golf-resort--casino,0
https://www.thecasinos.com/cape-verde/praia/macau-legend-cape-verde-casino-resort,0
https://www.thecasinos.com/latvia/riga/zilais-dimants---aka,0
https://www.thecasinos.com/lithuania/klaipeda/nes-slots-naikups,0
https://www.thecasinos.com/lithuania/vilnius/tete-a-tete-casino-42-virsuliskue,0
https://www.thecasinos.com/united-states/las-vegas/jackpot-joanies-southern-highlands-pkwy,0
https://www.thecasinos.com/germany/bad-ems/spielbank-bad-ems,0
https://www.thecasinos.com/canada/enoch/river-cree-resort--casino,0
https://www.thecasinos.com/vietnam/bac-ninh/phoenix-international-club,0
https://www.thecasinos.com/nepal/bhairahawa/tiger-palace-resort-casino-nepal,0
https://www.thecasinos.com/nepal/kathmandu/casino-pride-nepal,0
https://www.thecasinos.com/united-states/hertel/st-croix-casino-hertel-and-hertel-express,0
https://www.thecasinos.com/united-states/danbury/st-croix-casino---danbury,0
https://www.thecasinos.com/united-states/turtle-lake/st-croix-casino--hotel---turtle-lake,0
https://www.thecasinos.com/united-states/dowagiac/four-winds-casino---dowagiac,0
https://www.thecasinos.com/united-states/hartford/four-winds-casino---hartford,0
https://www.thecasinos.com/united-states/stroud/sac-and-fox-nation-casino---stroud,0
https://www.thecasinos.com/united-states/grove/cherokee-casino-grove,0
https://www.thecasinos.com/panama/panama-city/sortis-hotel-spa--casino,0
https://www.thecasinos.com/australia/broadbeach/the-star-gold-coast,0
https://www.thecasinos.com/barbados/holetown/las-vegas-barbados,0
https://www.thecasinos.com/barbados/christ-church/dover-beach-hotel-slots-and-sportsbar,0
https://www.thecasinos.com/united-states/hawaiian-gardens/the-gardens-casino,0
https://www.thecasinos.com/united-kingdom/london/grosvenor-victoria-casino,0
https://www.thecasinos.com/united-states/grand-ronde/spirit-mountain-casino,0
https://www.thecasinos.com/united-kingdom/southampton/aspers-royal-pier-casino,0
https://www.thecasinos.com/australia/broadbeach/gold-coast-integrated-resort,0
https://www.thecasinos.com/russia/vladivostok/golden-gate---selena-world,0
https://www.thecasinos.com/russia/vladivostok/moon-gate-casino---selena-world,0
https://www.thecasinos.com/united-states/south-bend/four-winds-south-bend-hotel--casino,0
https://www.thecasinos.com/canada/belleville/shorelines-casino-belleville,0
https://www.thecasinos.com/philippines/angeles-city/midori-clark-hotel-and-casino,0
https://www.thecasinos.com/curacao/willemstad/courtyard-marriott-casino-willemstad,0
https://www.thecasinos.com/northern-mariana-islands/garapan/club-88-marianas-resort-and-spa,0
https://www.thecasinos.com/latvia/bauska/joker-casino-bauska,0
https://www.thecasinos.com/czech-republic/benesov/casino-u-ernho-kon,0
https://www.thecasinos.com/united-states/sylvan-beach/the-lake-house-at-sylvan-beach,0
https://www.thecasinos.com/barbados/christ-church/lucky-7-arcade---oistins,0
https://www.thecasinos.com/barbados/bridgetown/lucky-7-arcade,0
https://www.thecasinos.com/barbados/bridgetown/the-winning-streak,0
https://www.thecasinos.com/canada/lloydminster/gold-horse-casino,0
https://www.thecasinos.com/barbados/christ-church/dfast-lime-arcade,0
https://www.thecasinos.com/barbados/bridgetown/jojos-bingo-hall-sports-bar--arcade,0
https://www.thecasinos.com/barbados/christ-church/lucky-horseshoe-saloon-worthing,0
https://www.thecasinos.com/germany/seevetal/aquamarin-casino-seevetal,0
https://www.thecasinos.com/vietnam/cu-du-village/banyan-tree-lang-co-resort-casino,0
https://www.thecasinos.com/germany/berlin/spielbank-berlin---fernsehturm,0
https://www.thecasinos.com/germany/berlin/spielbank-berlin---ellipse-spandau,0
https://www.thecasinos.com/germany/berlin/spielbank-berlin---neuklln,0
https://www.thecasinos.com/latvia/riga/olympic-casino-tunelis,0
https://www.thecasinos.com/germany/chemnitz/spielbank-chemnitz,0
https://www.thecasinos.com/germany/nurburg/spielbank-am-nrburgring,0
https://www.thecasinos.com/germany/duisburg/spielbank-duisburg,0
https://www.thecasinos.com/barbados/bridgetown/pot-o-gold-arcade,0
https://www.thecasinos.com/france/saint-aubin-sur-mer/casino-joa-de-st-aubin,0
https://www.thecasinos.com/albania/tirana/astra-club-embassy,0
https://www.thecasinos.com/netherlands/helmond/casino-admiral-helmond,0
https://www.thecasinos.com/switzerland/neuchatel/casino-de-neuchtel,0
https://www.thecasinos.com/germany/wolfsburg/spielbank-wolfsburg,0
https://www.thecasinos.com/germany/norderney/spielbank-norderney,0
https://www.thecasinos.com/barbados/christ-church/silver-fox-arcade,0
https://www.thecasinos.com/barbados/christ-church/south-gap-arcade,0
https://www.thecasinos.com/barbados/bridgetown/tote-bookmarkers,0
https://www.thecasinos.com/united-states/north-las-vegas/aliante-casino-hotel-spa,0
https://www.thecasinos.com/germany/hannover/spielbank-hannover,0
https://www.thecasinos.com/germany/dresden/spielbank-dresden,0
https://www.thecasinos.com/germany/leipzig/spielbank-leipzig,0
https://www.thecasinos.com/barbados/bridgetown/diamond-tower-arcade,0
https://www.thecasinos.com/barbados/bridgetown/golden-treasure-arcade,0
https://www.thecasinos.com/barbados/bridgetown/play-fair-arcade-baxter-rd,0
https://www.thecasinos.com/barbados/bridgetown/play-fair-arcade-aquatic-gap,0
https://www.thecasinos.com/barbados/bridgetown/play-fair-arcade,0
https://www.thecasinos.com/trinidad-and-tobago/scarborough/silver-dollar-casino---tobago,0
https://www.thecasinos.com/united-states/reno/eldorado-resort-casino,0
https://www.thecasinos.com/argentina/clorinda/casino-clorinda,0
https://www.thecasinos.com/lithuania/vilnius/casino-tornado-antakalnio-vilnius,0
https://www.thecasinos.com/united-states/reno/silver-legacy-resort-casino,0
https://www.thecasinos.com/united-states/lexington/keeneland-race-course,0
https://www.thecasinos.com/armenia/yerevan/hayastan-hotel-casino,0
https://www.thecasinos.com/dominican-republic/punta-cana/melia-caribe-tropical-resort-and-hotel,0
https://www.thecasinos.com/canada/fraserville/shorelines-slots-kawartha-downs,0
https://www.thecasinos.com/germany/bad-wildungen/spielbank-bad-wildungen,0
https://www.thecasinos.com/germany/homburg/casino-homburg,0
https://www.thecasinos.com/germany/saarbrucken/casino-ludwigspark,0
https://www.thecasinos.com/germany/saarlouis/casino-saarlouis,0
https://www.thecasinos.com/germany/saarbrucken/casino-gleckspilz,0
https://www.thecasinos.com/germany/nennig/casino-schloss-berg,0
https://www.thecasinos.com/germany/neunkirchen/casino-neunkirchen,0
https://www.thecasinos.com/seychelles/bel-ombre/berjaya-beau-vallon-bay-resort--casino,0
https://www.thecasinos.com/germany/magdeburg/merkur-spielbank-magdeburg,0
https://www.thecasinos.com/peru/san-isidro/mandalay-casino,0
https://www.thecasinos.com/india/gangtok/casino-mahjong-at-mayfair-spa-resort,0
https://www.thecasinos.com/india/gangtok/casino-sikkim-at-hotel-royal-plaza,0
https://www.thecasinos.com/india/gangtok/deltin-denzong-casino,0
https://www.thecasinos.com/united-states/detroit/hollywood-casino-at-greektown,0
https://www.thecasinos.com/united-states/evansville/wyoming-downs-at-shilo-inn,0
https://www.thecasinos.com/germany/borkum/casino-borkum,0
https://www.thecasinos.com/malta/st-julians/dragonara-casino,0
https://www.thecasinos.com/germany/leuna/merkur-spielbank-leuna-gnthersdorf,0
https://www.thecasinos.com/colombia/cartagena/cartagena-casino,0
https://www.thecasinos.com/united-states/west-wendover/wendover-nugget-hotel-and-casino,0
https://www.thecasinos.com/united-states/west-wendover/the-red-garter-hotel-and-casino,0
https://www.thecasinos.com/mexico/merida/winpot-casino-mrida,0
https://www.thecasinos.com/barbados/bridgetown/garrison-savannah,0
https://www.thecasinos.com/estonia/tallinn/olympic-park-casino,0
https://www.thecasinos.com/united-states/nashua/the-river-casino--sports-bar,0
https://www.thecasinos.com/united-states/belmont/the-lakes-region-casino,0
https://www.thecasinos.com/united-states/hampton-beach/aces-and-eights-at-hampton-beach-casino,0
https://www.thecasinos.com/mexico/aguascalientes/casino-play-city-aguascalientes,0
https://www.thecasinos.com/mexico/aguascalientes/casino-yak---aguascalientes,0
https://www.thecasinos.com/united-states/paoli/washita-casino,0
https://www.thecasinos.com/romania/ploiesti/maxbet-ploiesti-nord,0
https://www.thecasinos.com/mexico/ensenada/caliente-casino-pedro-loyola,0
https://www.thecasinos.com/mexico/ensenada/jackpot-plaza-hussongs,0
https://www.thecasinos.com/mexico/ensenada/jackpot-macroplaza-del-mar,0
https://www.thecasinos.com/mexico/los-algodones/caliente-casino-los-algodones,0
https://www.thecasinos.com/mexico/mexicali/caliente-casino-benito-jurez,0
https://www.thecasinos.com/mexico/mexicali/caliente-casino-zona-centro,0
https://www.thecasinos.com/mexico/mexicali/caliente-casino-nueva,0
https://www.thecasinos.com/mexico/mexicali/caliente-casino-lazaro-cardenas,0
https://www.thecasinos.com/mexico/mexicali/jackpot-casino-plaza-centenario,0
https://www.thecasinos.com/mexico/mexicali/royal-yak-casino-plaza-galerias,0
https://www.thecasinos.com/mexico/mexicali/jackpot-casino-plaza-mundo-divertido,0
https://www.thecasinos.com/czech-republic/zabreh/casino-la-panthera,0
https://www.thecasinos.com/united-states/galveston/carnival-valor-casino,0
https://www.thecasinos.com/mexico/tepic/golden-club-casino,0
https://www.thecasinos.com/czech-republic/marianske-lazne/herna-victorie,0
https://www.thecasinos.com/hungary/budapest/las-vegas-casino-sofitel-budapest,0
https://www.thecasinos.com/mexico/tijuana/caliente-casino-jai-alai-zona-centro,0
https://www.thecasinos.com/mexico/tijuana/caliente-casino-cc-constitucion,0
https://www.thecasinos.com/virgin-islands/cruz-bay/the-parrot-club,0
https://www.thecasinos.com/nicaragua/managua/casino-princess-managua,0
https://www.thecasinos.com/mexico/tijuana/caliente-casino-plaza-oasis-real-de-san-francisco,0
https://www.thecasinos.com/mexico/tijuana/caliente-casino-playas-de-tijuana,0
https://www.thecasinos.com/mexico/rosarito/jackpot-casino-playas-de-rosarito,0
https://www.thecasinos.com/mexico/rosarito/caliente-casino-quinta-plaza,0
https://www.thecasinos.com/mexico/tijuana/caliente-casino-otay-centri,0
https://www.thecasinos.com/mexico/tijuana/caliente-casino-macroplaza-insurgentes,0
https://www.thecasinos.com/mexico/tijuana/tijuana-last-chance-casino,0
https://www.thecasinos.com/mexico/tijuana/caliente-casino-hipodromo-de-tijuana,0
https://www.thecasinos.com/mexico/tijuana/caliente-cinco-y-diez-la-mesa,0
https://www.thecasinos.com/mexico/tijuana/caliente-casino-nueva-otay,0
https://www.thecasinos.com/mexico/tijuana/caliente-casino-zona-norte,0
https://www.thecasinos.com/mexico/los-cabos/caliente-casino-los-cabos,0
https://www.thecasinos.com/united-states/winnemucca/dottys-casino---winnemucca,0
https://www.thecasinos.com/myanmar/tachilek/allure-resort,0
https://www.thecasinos.com/trinidad-and-tobago/port-of-spain/royal-princess-members-club-port-of-spain,0
https://www.thecasinos.com/lebanon/beirut/hippodrome-du-parc-de-beyrouth,0
https://www.thecasinos.com/suriname/paramaribo/suriname-princess-hotel--casino,0
https://www.thecasinos.com/panama/panama-city/princess-casino,0
https://www.thecasinos.com/suriname/paramaribo/phoenicia-princess-casino,0
https://www.thecasinos.com/suriname/paramaribo/king-princess-casino,0
https://www.thecasinos.com/guyana/georgetown/guyana-princess-hotel-and-casino,0
https://www.thecasinos.com/guatemala/guatemala-city/guatemala-princess-casino,0
https://www.thecasinos.com/belize/corozal/freezone-princess-casino,0
https://www.thecasinos.com/belize/belize-city/golden-princess-casino,0
https://www.thecasinos.com/trinidad-and-tobago/port-of-spain/trinidad-princess-club,0
https://www.thecasinos.com/bulgaria/sofia/rodina-princess-casino,0
https://www.thecasinos.com/netherlands/arnhem/flash-casino-arnhem,0
https://www.thecasinos.com/czech-republic/kladno/merkur-casino-kladno---vclavsk,0
https://www.thecasinos.com/united-states/dayton/dottys-casino---dayton,0
https://www.thecasinos.com/bulgaria/svilengrad/nymphes-princess-casino,0
https://www.thecasinos.com/bulgaria/sofia/mladost-princess-casino,0
https://www.thecasinos.com/belarus/minsk/diamond-princess-casino,0
https://www.thecasinos.com/belarus/minsk/bigz-princess-casino,0
https://www.thecasinos.com/macedonia/gevgelija/ramada-plaza--princess-casino,0
https://www.thecasinos.com/italy/imperia/las-vegas-slottery---imperia-casino,0
https://www.thecasinos.com/italy/rome/puegnago-del-garda-casino,0
https://www.thecasinos.com/italy/brescia/slottery-las-vegas-palazzolo-sulloglio-casino,0
https://www.thecasinos.com/italy/como/mariano-comense-casino,0
https://www.thecasinos.com/italy/milan/slottery-las-vegas-rescaldina-casino,0
https://www.thecasinos.com/united-states/las-vegas/dream-las-vegas,0
https://www.thecasinos.com/italy/milan/slottery-las-vegas-peschiera-borromeo-casino,0
https://www.thecasinos.com/italy/milan/slottery-las-vegas-parabiago-casino,0
https://www.thecasinos.com/italy/milan/slottery-las-vegas-melzo-casino,0
https://www.thecasinos.com/italy/milan/slottery-las-vegas-legnano,0
https://www.thecasinos.com/italy/milan/bovisio-masciago-casino-slottery-las-vegas,0
https://www.thecasinos.com/united-states/henderson/dottys-casino---henderson,0
https://www.thecasinos.com/united-states/reno/reno-tahoe-international-airport-slots,0
https://www.thecasinos.com/czech-republic/libochovice/herna-bar,0
https://www.thecasinos.com/hungary/debrecen/grand-casino-debrecen,0
https://www.thecasinos.com/slovakia/bratislava/olympic-casino-carlton,0
https://www.thecasinos.com/italy/milan/milano-piazzale-corvetto,0
https://www.thecasinos.com/italy/milan/milano-viale-abruzzi,0
https://www.thecasinos.com/italy/milan/milano-santa-rita-casino,0
https://www.thecasinos.com/slovakia/trnava/olympic-casino-trnava,0
https://www.thecasinos.com/slovakia/zilina/olympic-casino-ilina,0
https://www.thecasinos.com/lithuania/panevezys/slot-hall-olybet-panevys,0
https://www.thecasinos.com/lithuania/panevezys/olympic-casino-panevys,0
https://www.thecasinos.com/japan/hakodate/hakodate-racecourse,0
https://www.thecasinos.com/lithuania/siauliai/olympic-casino-iauliai,0
https://www.thecasinos.com/lithuania/klaipeda/olympic-rock-casino,0
https://www.thecasinos.com/lithuania/kaunas/olybet-slot-hall-krv,0
https://www.thecasinos.com/lithuania/kaunas/olympic-casino-savanoriai,0
https://www.thecasinos.com/lithuania/kaunas/olympic-casino-donelaiio,0
https://www.thecasinos.com/lithuania/turgaus/olybet-shop-and-slot-hall-turgaus,0
https://www.thecasinos.com/romania/husi/las-vegas-games-husi-florilor,0
https://www.thecasinos.com/united-states/norfolk/headwaters-resort--casino,0
https://www.thecasinos.com/lithuania/vilnius/slot-hall-olybet-mandarinas,0
https://www.thecasinos.com/lithuania/vilnius/olybet-betting-shop-and-slot-hall-kalvariju,0
https://www.thecasinos.com/lithuania/vilnius/slot-hall-olybet-akropolis,0
https://www.thecasinos.com/lithuania/vilnius/olympic-casino-stotis,0
https://www.thecasinos.com/lithuania/vilnius/olympic-casino-lietuva,0
https://www.thecasinos.com/latvia/madona/olympic-casino-madona,0
https://www.thecasinos.com/latvia/rezekne/olympic-casino-atbrvoanas-aleja,0
https://www.thecasinos.com/latvia/rezekne/olympic-casino-latgales,0
https://www.thecasinos.com/latvia/ogre/olympic-casino-ogre,0
https://www.thecasinos.com/latvia/saldus/olympic-casino-saldus,0
https://www.thecasinos.com/latvia/sigulda/olympic-casino-auseka-5a,0
https://www.thecasinos.com/latvia/valmiera/olympic-casino-betes-2,0
https://www.thecasinos.com/latvia/cesis/olympic-casino-lenu-5,0
https://www.thecasinos.com/japan/kawasaki/kawasaki-racecourse,0
https://www.thecasinos.com/united-states/carnegie/kiowa-casino-carnegie,0
https://www.thecasinos.com/united-states/san-diego/holland-america-cruise-line---westerdam,0
https://www.thecasinos.com/netherlands/veendam/flash-casino-veendam,0
https://www.thecasinos.com/netherlands/haarlem/flash-casino-haarlem,0
https://www.thecasinos.com/united-states/biloxi/umusic-broadwater-hotel-casino,0
https://www.thecasinos.com/united-states/richmond/rosies-gaming-emporium---richmond,0
https://www.thecasinos.com/united-states/richmond/richmond-grand-resort-and-casino,0
https://www.thecasinos.com/argentina/san-salvador-de-jujuy/casino-provincial-de-jujuy,0
https://www.thecasinos.com/latvia/daugavpils/olympic-casino-saku-15,0
https://www.thecasinos.com/latvia/daugavpils/olympic-casino-18novembra-113,0
https://www.thecasinos.com/latvia/ventspils/olympic-casino-talsu-35,0
https://www.thecasinos.com/latvia/ventspils/olympic-casino-kuldgas-1517,0
https://www.thecasinos.com/latvia/jelgava/olympic-casino-ptera-3,0
https://www.thecasinos.com/latvia/jelgava/olympic-casino-jelgava,0
https://www.thecasinos.com/latvia/riga/olympic-casino-keldia,0
https://www.thecasinos.com/latvia/riga/olympic-casino-lubnas,0
https://www.thecasinos.com/latvia/jurmala/olympic-casino-jomas-78,0
https://www.thecasinos.com/latvia/riga/olympic-casino-valdeu,0
https://www.thecasinos.com/latvia/riga/olympic-casino-stopiu-iela,0
https://www.thecasinos.com/latvia/riga/olympic-casino-sarkandaugava,0
https://www.thecasinos.com/latvia/riga/olympic-casino-satekles,0
https://www.thecasinos.com/latvia/riga/olympic-casino-jugla,0
https://www.thecasinos.com/latvia/riga/olympic-casino-maskavas-220b,0
https://www.thecasinos.com/czech-republic/zatec/casino-bonver-atec,0
https://www.thecasinos.com/latvia/riga/olympic-casino-brvbas-90,0
https://www.thecasinos.com/latvia/riga/olympic-casino-zolitdes-34,0
https://www.thecasinos.com/latvia/riga/olympic-casino-brvbas-235,0
https://www.thecasinos.com/latvia/riga/olympic-casino-barona-3,0
https://www.thecasinos.com/latvia/riga/olympic-casino-marijas-12,0
https://www.thecasinos.com/latvia/riga/olympic-casino-dzelzavas-17,0
https://www.thecasinos.com/latvia/riga/olympic-casino-tlava,0
https://www.thecasinos.com/latvia/riga/olympic-casino-domina,0
https://www.thecasinos.com/latvia/riga/olympic-voodoo-casino,0
https://www.thecasinos.com/estonia/johvi/olympic-casino-jhvi,0
https://www.thecasinos.com/estonia/narva/olympic-casino-narva-fama,0
https://www.thecasinos.com/estonia/tallinn/olympic-casino-idakeskus,0
https://www.thecasinos.com/estonia/tallinn/olympic-casino-pirita,0
https://www.thecasinos.com/estonia/tallinn/olympic-casino-jrve,0
https://www.thecasinos.com/estonia/tallinn/olympic-casino-norde,0
https://www.thecasinos.com/estonia/tallinn/olympic-casino-marja,0
https://www.thecasinos.com/estonia/tallinn/olympic-casino-mustika,0
https://www.thecasinos.com/estonia/tallinn/olympic-casino-nurmenuku,0
https://www.thecasinos.com/bolivia/santa-cruz-de-la-sierra/casino-flamingo,0
https://www.thecasinos.com/united-states/henderson/dottys-76,0
https://www.thecasinos.com/united-kingdom/southampton/genting-club-terminus-terrace,0
https://www.thecasinos.com/india/panaji/deltin-caravela,0
https://www.thecasinos.com/canada/calgary/schanks-sports-grill-calgary-south,0
https://www.thecasinos.com/estonia/tallinn/olympic-casino-lemiste,0
https://www.thecasinos.com/united-states/altoona/prairie-meadows-racetrack-and-casino,0
https://www.thecasinos.com/estonia/tallinn/olympic-casino-magistral,0
https://www.thecasinos.com/estonia/tallinn/olympic-casino-kristiine,0
https://www.thecasinos.com/estonia/tallinn/olympic-casino-lasname-centrum,0
https://www.thecasinos.com/estonia/tallinn/olympia-olybet-sports-bar-olumpia,0
https://www.thecasinos.com/estonia/tallinn/olympic-casino-mustakivi,0
https://www.thecasinos.com/estonia/tallinn/olympic-casino-mera,0
https://www.thecasinos.com/estonia/tallinn/olympic-casino-kopli,0
https://www.thecasinos.com/estonia/tallinn/olympic-casino-vana-viru,0
https://www.thecasinos.com/panama/panama-city/panama-princess-casino,0
https://www.thecasinos.com/canada/calgary/five-star-bingo-and-pub,0
https://www.thecasinos.com/costa-rica/san-jose/centro-colon-hotel--casino,0
https://www.thecasinos.com/united-states/wewoka/wewoka-trading-post-casino,0
https://www.thecasinos.com/united-kingdom/birmingham/genting-international-casino,0
https://www.thecasinos.com/united-arab-emirates/ras-al-khaimah/wynn-al-marjan-island,0
https://www.thecasinos.com/united-kingdom/westcliff-on-sea/genting-club-westcliff,0
https://www.thecasinos.com/canada/okotoks/royal-duke-hotel,0
https://www.thecasinos.com/united-kingdom/derby/genting-club-river-lights,0
https://www.thecasinos.com/united-kingdom/manchester/genting-club-manchester,0
https://www.thecasinos.com/united-kingdom/blackpool/genting-club-blackpool,0
https://www.thecasinos.com/united-kingdom/glasgow/genting-casino-glasgow,0
https://www.thecasinos.com/united-kingdom/edinburgh/genting-casino-york-place,0
https://www.thecasinos.com/united-kingdom/newcastle-upon-tyne/genting-casino-newcastle,0
https://www.thecasinos.com/united-kingdom/birkenhead/genting-casino-wirral,0
https://www.thecasinos.com/united-kingdom/liverpool/genting-casino-renshaw-street,0
https://www.thecasinos.com/united-kingdom/bolton/genting-casino-bolton,0
https://www.thecasinos.com/united-kingdom/birmingham/genting-casino-edgbaston-birmingham,0
https://www.thecasinos.com/united-kingdom/birmingham/genting-casino-chinatown,0
https://www.thecasinos.com/united-kingdom/leicester/genting-casino-leicester,0
https://www.thecasinos.com/netherlands/almere/fair-play-casino---almere-haven,0
https://www.thecasinos.com/mexico/ciudad-madero/juega-y-juega-casino-madero,0
https://www.thecasinos.com/united-states/las-vegas/pts-pub---s-durango-dr-2nd-location,0
https://www.thecasinos.com/united-states/henderson/pts-gold---w-sunset-rd,0
https://www.thecasinos.com/new-zealand/queenstown/skycity-wharf-casino,0
https://www.thecasinos.com/united-states/las-vegas/pts-ranch---s-durango-dr,0
https://www.thecasinos.com/united-kingdom/london/genting-casino-chinatown-london,0
https://www.thecasinos.com/united-kingdom/westcliff-on-sea/genting-electric-westcliff,0
https://www.thecasinos.com/united-kingdom/bournemouth/genting-casino-bournemouth,0
https://www.thecasinos.com/united-kingdom/portsmouth/genting-electric-portsmouth,0
https://www.thecasinos.com/united-kingdom/brighton/genting-casino-brighton,0
https://www.thecasinos.com/poland/plock/the-hotel-plock--casino,0
https://www.thecasinos.com/sint-maarten/point-blanche/windstar-cruises---wind-surf,0
https://www.thecasinos.com/united-states/clementon/favorites-at-gloucester-township,0
https://www.thecasinos.com/united-states/las-vegas/pts-brewing-co---n-tenaya-blvd,0
https://www.thecasinos.com/united-states/las-vegas/sean-patricks---w-flamingo-rd,0
https://www.thecasinos.com/united-states/north-las-vegas/sean-patricks---w-ann-rd,0
https://www.thecasinos.com/albania/tirana/astra-club-goldi,0
https://www.thecasinos.com/macau/cotai/macau-jockey-club-casino,0
https://www.thecasinos.com/cyprus/keryneia/casino-galaxia,0
https://www.thecasinos.com/australia/bulimba/oxford-152,0
https://www.thecasinos.com/united-states/henderson/pts-gold---e-pebble,0
https://www.thecasinos.com/united-states/north-las-vegas/sean-patricks---n-5th-st,0
https://www.thecasinos.com/united-states/las-vegas/sean-patricks---southern-highlands-pkwy,0
https://www.thecasinos.com/united-states/vallejo/scotts-valley-vallejo-casino,0
https://www.thecasinos.com/united-states/las-vegas/pts-pub---w-tropicana-ave,0
https://www.thecasinos.com/united-states/henderson/pts-pub---s-boulder-hwy,0
https://www.thecasinos.com/united-states/las-vegas/pts-gold---w-post,0
https://www.thecasinos.com/united-states/las-vegas/sierra-gold---n-buffalo-dr,0
https://www.thecasinos.com/united-states/henderson/sierra-gold---w-warm-springs-rd,0
https://www.thecasinos.com/united-states/las-vegas/pts-pub---n-decatur-blvd,0
https://www.thecasinos.com/united-states/las-vegas/pts-gold---s-buffalo-dr,0
https://www.thecasinos.com/united-states/henderson/pts-gold---bicentennial-pkwy,0
https://www.thecasinos.com/united-states/henderson/wildfire-lake-mead,0
https://www.thecasinos.com/united-states/las-vegas/wildfire-valley-view,0
https://www.thecasinos.com/united-states/henderson/wildfire-anthem,0
https://www.thecasinos.com/united-states/henderson/wildfire-casino--lanes,0
https://www.thecasinos.com/colombia/bogota/casino-rio-bogota,0
https://www.thecasinos.com/albania/shkodra/astra-club-shkodra,0
https://www.thecasinos.com/united-states/las-vegas/wildfire-rancho,0
https://www.thecasinos.com/colombia/bogota/casino-caribe-unicentro,0
https://www.thecasinos.com/peru/lima/bella-luna-777,0
https://www.thecasinos.com/albania/korce/astra-club-korca,0
https://www.thecasinos.com/ireland/dundalk/emerald-casino-dublin,0
https://www.thecasinos.com/poland/koszalin/hit-casino---koszalin,0
https://www.thecasinos.com/montenegro/tivat/salon-priv-sportsbook--casino,0
https://www.thecasinos.com/united-states/las-vegas/the-golden-tiki,0
https://www.thecasinos.com/greece/elliniko/hard-rock-hotel--casino-athens,0
https://www.thecasinos.com/united-states/chicago/ballys-chicago-casino-resort,0
https://www.thecasinos.com/czech-republic/dacice/herna-sportbar-monte-carlo,0
https://www.thecasinos.com/liechtenstein/gamprin/grand-casino-liechtenstein,0
https://www.thecasinos.com/australia/hobart/black-buffalo-hotel,0
https://www.thecasinos.com/denmark/copenhagen/casino-vesterport,0
https://www.thecasinos.com/slovakia/presov/casino-excel-preov,0
https://www.thecasinos.com/colombia/armenia/casino-condado-armenia,0
https://www.thecasinos.com/czech-republic/chotebor/herna-queens,0
https://www.thecasinos.com/united-states/hochatown/choctaw-landing,0
https://www.thecasinos.com/united-states/anadarko/warm-springs-casino,0
https://www.thecasinos.com/united-states/danville/golden-nugget-danville,0
https://www.thecasinos.com/united-states/omaha/warhorse-gaming-omaha,0
https://www.thecasinos.com/united-states/new-york/caesars-palace-times-square,0
https://www.thecasinos.com/puerto-rico/carolina/foxwoods-el-san-juan-casino,0
https://www.thecasinos.com/australia/devonport/the-formby-hotel,0
https://www.thecasinos.com/united-states/okeechobee/seminole-casino-hotel-brighton,0
https://www.thecasinos.com/united-states/uniondale/sands-long-island,0
https://www.thecasinos.com/australia/dalby/russell-tavern,0
https://www.thecasinos.com/australia/emerald/emerald-star-hotel,0
https://www.thecasinos.com/australia/rockhampton/glenmore-tavern,0
https://www.thecasinos.com/australia/mackay/mt-pleasant-tavern,0
https://www.thecasinos.com/colombia/bello/casino-broadway-bello-5043,0
https://www.thecasinos.com/peru/arequipa/casino-san-camilo,0
https://www.thecasinos.com/united-states/concord/concord-casino,0
https://www.thecasinos.com/australia/coolum-beach/coolum-beach-hotel,0
https://www.thecasinos.com/australia/noosa-heads/noosa-reef-hotel,0
https://www.thecasinos.com/australia/buderim/buderim-tavern,0
https://www.thecasinos.com/australia/caloundra/caloundra-hotel,0
https://www.thecasinos.com/australia/caloundra/golden-beach-tavern,0
https://www.thecasinos.com/australia/caloundra/pelican-waters-tavern,0
https://www.thecasinos.com/australia/caboolture/club-tavern,0
https://www.thecasinos.com/australia/deception-bay/deception-bay-tavern,0
https://www.thecasinos.com/australia/kedron-park/kedron-park-hotel,0
https://www.thecasinos.com/australia/holland-park-west/holland-park-hotel,0
https://www.thecasinos.com/australia/kedron/edinburgh-castle-hotel,0
https://www.thecasinos.com/australia/mitchelton/brook-hotel,0
https://www.thecasinos.com/australia/seacliff/seacliff-beach-hotel,0
https://www.thecasinos.com/australia/henley-beach-south/henley-beach-hotel,0
https://www.thecasinos.com/australia/glenelg-north/watermark-glenelg,0
https://www.thecasinos.com/costa-rica/san-jose/talamanca-hotel-casino,0
https://www.thecasinos.com/united-states/great-falls/golds-casino,0
https://www.thecasinos.com/peru/tacna/luxor-casino---tacna,0
https://www.thecasinos.com/peru/cusco/mystic-slot,0
https://www.thecasinos.com/slovakia/cakajovce/excel-club-cakajovce,0
https://www.thecasinos.com/canada/wasaga-beach/playtime-casino-wasaga-beach,0
https://www.thecasinos.com/united-states/reno/firecreek-crossing-resort-casino,0
https://www.thecasinos.com/united-states/petersburg/live-casino--hotel-petersburg,0
https://www.thecasinos.com/liechtenstein/vaduz/castle-casino-vaduz,0
https://www.thecasinos.com/spain/soria/superflas-soria,0
https://www.thecasinos.com/jamaica/negril/hedonism-ii-resort,0
https://www.thecasinos.com/australia/noosaville/villa-noosa-hotel,0
https://www.thecasinos.com/australia/woorim/blue-pacific-hotel,0
https://www.thecasinos.com/australia/kippa-ring/captain-cook-tavern,0
https://www.thecasinos.com/australia/kallangur/kallangur-tavern,0
https://www.thecasinos.com/australia/toowong/royal-exchange-hotel,0
https://www.thecasinos.com/australia/ferny-grove/ferny-grove-tavern,0
https://www.thecasinos.com/united-states/bay-saint-louis/south-beach-casino--resort,0
https://www.thecasinos.com/united-states/glendale/desert-diamond-casino,0
https://www.thecasinos.com/united-states/las-vegas/harlem-nights,0
https://www.thecasinos.com/united-states/louisville/louisville-travel-plaza,0
https://www.thecasinos.com/united-states/nashua/the-mint,0
https://www.thecasinos.com/united-states/cripple-creek/century-casino-cripple-creek,0
https://www.thecasinos.com/united-states/corning/rolling-hills-casino-resort,0
https://www.thecasinos.com/united-states/north-las-vegas/sierra-gold---aliente-pkwy,0
https://www.thecasinos.com/united-states/las-vegas/pts-pub---e-desert-inn,0
https://www.thecasinos.com/peru/lima/sahara-casino,0
https://www.thecasinos.com/albania/tirana/astra-club-italy,0
https://www.thecasinos.com/argentina/salta/boulevard-casino,0
https://www.thecasinos.com/slovakia/prievidza/monaco-prievidza,0
https://www.thecasinos.com/australia/oaklands-park/new-york-bar--grill,0
https://www.thecasinos.com/australia/clearview/enfield-hotel,0
https://www.thecasinos.com/australia/gatton/royal-hotel-gatton,0
https://www.thecasinos.com/germany/braunschweig/spielbank-braunschweig,0
https://www.thecasinos.com/united-kingdom/aberdeen/merkur-casino-aberdeen,0
https://www.thecasinos.com/united-states/valley-center/golden-circle,0
https://www.thecasinos.com/united-states/lebanon/lebanon-poker-room-and-casino,0
https://www.thecasinos.com/united-states/keene/wonder-casino,0
https://www.thecasinos.com/united-states/dover/filotimo-casino-and-restaurant---dover,0
https://www.thecasinos.com/canada/camrose/camrose-resort-and-casino,0
https://www.thecasinos.com/united-states/las-vegas/pts-pub---n-nellis-blvd,0
https://www.thecasinos.com/united-states/las-vegas/pts-pub---e-sahara-ave,0
https://www.thecasinos.com/united-states/las-vegas/pts-pub---w-lake-mead-blvd,0
https://www.thecasinos.com/united-states/las-vegas/pts-pub---s-nellis-blvd-2nd-location,0
https://www.thecasinos.com/united-states/las-vegas/pts-pub---w-sahara-ave,0
https://www.thecasinos.com/united-states/las-vegas/pts-pub---w-spring-mountain-rd,0
https://www.thecasinos.com/united-states/las-vegas/pts-pub---w-flamingo-rd,0
https://www.thecasinos.com/united-states/las-vegas/pts-pub---s-rainbow-blvd,0
https://www.thecasinos.com/united-states/las-vegas/pts-pub---e-warm-springs,0
https://www.thecasinos.com/united-states/las-vegas/pts-pub---s-durango,0
https://www.thecasinos.com/united-states/las-vegas/pts-pub---e-tropicana,0
https://www.thecasinos.com/united-states/henderson/wildfire-boulder,0
https://www.thecasinos.com/united-states/henderson/the-greens-gaming--dining,0
https://www.thecasinos.com/spain/pontevedra/casino-la-toja,0
https://www.thecasinos.com/united-states/york/penn-national-off--track-wagering---york,0
https://www.thecasinos.com/united-states/henderson/pts-pub---s-eastern-ave-2nd-location,0
https://www.thecasinos.com/united-states/henderson/pts-gold---w-horizon-ridge-parkway,0
https://www.thecasinos.com/united-states/north-las-vegas/pts-gold---e-centennial-pkwy,0
https://www.thecasinos.com/united-states/north-las-vegas/pts-gold---w-ann-road,0
https://www.thecasinos.com/united-states/las-vegas/pts-gold---s-fort-apache-rd,0
https://www.thecasinos.com/united-states/las-vegas/pts-pub---n-rainbow-way,0
https://www.thecasinos.com/united-states/las-vegas/pts-pub-2---s-decatur,0
https://www.thecasinos.com/united-states/las-vegas/pts-gold---s-decatur,0
https://www.thecasinos.com/united-states/las-vegas/pts-gold-1---s-hualapai-way,0
https://www.thecasinos.com/united-states/las-vegas/pts-pub---e-lake-mead-blvd,0
https://www.thecasinos.com/united-states/las-vegas/pts-gold---e-silverado-ranch-blvd-2nd-location,0
https://www.thecasinos.com/united-states/las-vegas/pts-gold---e-silverado-ranch-blvd-location-1,0
https://www.thecasinos.com/united-states/las-vegas/pts-pub-1---s-decatur,0
https://www.thecasinos.com/united-states/las-vegas/pts-gold---e-sunset-rd,0
https://www.thecasinos.com/united-states/las-vegas/pts-pub---e-sunset-road,0
https://www.thecasinos.com/united-states/las-vegas/pts-pub---s-nellis-blvd,0
https://www.thecasinos.com/hungary/budapest/las-vegas-casino-corvin-stny,0
https://www.thecasinos.com/united-kingdom/cardiff/les-croupiers-casino-cardiff,0
https://www.thecasinos.com/united-kingdom/douglas/isle-of-man---palace-hotel-casino,0
https://www.thecasinos.com/zimbabwe/kariba/caribbea-bay-resort--casino,0
https://www.thecasinos.com/zimbabwe/gweru/regency-midlands-casino,0
https://www.thecasinos.com/botswana/jwaneng/teemane-casino,0
https://www.thecasinos.com/botswana/gaborone/moonlite-casino-at-gaborone-hotel,0
https://www.thecasinos.com/botswana/lobatse/kings-casino-lobatse,0
https://www.thecasinos.com/botswana/selebi-phikwe/menateng-casino--cresta-bosele-hotel,0
https://www.thecasinos.com/botswana/francistown/cresta-marang-gardens--casino,0
https://www.thecasinos.com/botswana/palapye/cresta-botsalo-hotel--casino,0
https://www.thecasinos.com/botswana/letlhakane/thakadu-hotel--casino,0
https://www.thecasinos.com/zimbabwe/harare/borrowdale-racecourse,0
https://www.thecasinos.com/zimbabwe/kariba/zambezi-valley-hotel--casino,0
https://www.thecasinos.com/zimbabwe/chitungwiza/regency-chikwanha-casino,0
https://www.thecasinos.com/zimbabwe/victoria-falls/regency-victoria-falls-casino,0
https://www.thecasinos.com/zimbabwe/chitungwiza/regency-mulena-casino,0
https://www.thecasinos.com/united-states/helena/magic-diamond-casino-euclid,0
https://www.thecasinos.com/united-states/elko/dottys-casino---elko,0
https://www.thecasinos.com/ghana/accra/millionaires-sportsbet,0
https://www.thecasinos.com/italy/milan/slottery-las-vegas-milano-gran-sasso,0
https://www.thecasinos.com/czech-republic/orlova/casino-san-marco---orlova,0
https://www.thecasinos.com/mozambique/beira/casino-marina-beira,0
https://www.thecasinos.com/zimbabwe/mutare/showgrounds-casino,0
https://www.thecasinos.com/zimbabwe/bulawayo/bulawayo-sun-casino,0
https://www.thecasinos.com/zimbabwe/harare/harare-sun-casino-exhibition-park,0
https://www.thecasinos.com/zimbabwe/bulawayo/casino-royale-bulawayo,0
https://www.thecasinos.com/zimbabwe/chimanimani/hala-chimanimani-resort--casino,0
https://www.thecasinos.com/mauritius/ebene/diamond-cruise-glory-sea,0
https://www.thecasinos.com/lebanon/maameltein/casino-du-liban,0
https://www.thecasinos.com/united-states/yreka/rain-rock-casino,0
https://www.thecasinos.com/zimbabwe/harare/wing-wah-international-restaurant--casino,0
https://www.thecasinos.com/zimbabwe/kadoma/rtg-kadoma-casino,0
https://www.thecasinos.com/zimbabwe/harare/regency-casino-harare--rainbow-towers-hotel,0
https://www.thecasinos.com/country-of-georgia/batumi/leogrand-hotel-and-casino,0
https://www.thecasinos.com/canada/brantford/olg-casino-brantford,0
https://www.thecasinos.com/estonia/tallinn/casino-grand-prix-krberi,0
https://www.thecasinos.com/estonia/tallinn/casino-grand-prix-rvala,0
https://www.thecasinos.com/estonia/parnu/casino-grand-prix-port-artur,0
https://www.thecasinos.com/united-states/gardena/larry-flynts-lucky-lady-casino,0
https://www.thecasinos.com/netherlands/renesse/funtastic-casino-renesse,0
https://www.thecasinos.com/united-states/rock-springs/rock-springs-horse-palace,0
https://www.thecasinos.com/united-states/riverton/riverton-horse-palace,0
https://www.thecasinos.com/estonia/tallinn/citycasino-coca-cola-plaza,0
https://www.thecasinos.com/estonia/tallinn/citycasino-mustakivi,0
https://www.thecasinos.com/estonia/tallinn/citycasino-marja,0
https://www.thecasinos.com/estonia/tartu/fenikss-casino---tartu,0
https://www.thecasinos.com/estonia/johvi/fenikss-casino---johvi,0
https://www.thecasinos.com/estonia/narva/fenikss-casino---narva,0
https://www.thecasinos.com/estonia/paide/fenikss-casino---paide,0
https://www.thecasinos.com/estonia/tallinn/fenikss-casino---mere,0
https://www.thecasinos.com/estonia/tallinn/fenikss-casino---lastekodu,0
https://www.thecasinos.com/estonia/tallinn/fenikss-casino---toompuiestee,0
https://www.thecasinos.com/estonia/tallinn/fenikss-casino---estonia,0
https://www.thecasinos.com/estonia/tallinn/fenikss-casino---mustamae,0
https://www.thecasinos.com/estonia/tallinn/fenikss-casino---paekaare,0
https://www.thecasinos.com/united-states/casper/casper-horse-palace,0
https://www.thecasinos.com/united-states/gillette/gillette-horse-palace,0
https://www.thecasinos.com/united-states/sheridan/sheridan-horse-palace,0
https://www.thecasinos.com/myanmar/myawaddy/myawaddy-complex-casino,0
https://www.thecasinos.com/albania/durres/admiral-club-durres-treni,0
https://www.thecasinos.com/united-states/shreveport/eldorado-resort-casino-shreveport,0
https://www.thecasinos.com/united-states/north-las-vegas/texas-station-gambling-hall--hotel,0
https://www.thecasinos.com/russia/naberezhnye-chelny/naberezhnye-chelny-ippodrom,0
https://www.thecasinos.com/latvia/riga/fenikss-casino---trbatas,0
https://www.thecasinos.com/estonia/rakvere/casino-grand-prix-rakvere,0
https://www.thecasinos.com/sweden/stockholm/baltic-princess-cruise-ship,0
https://www.thecasinos.com/mozambique/maputo/polana-casino,0
https://www.thecasinos.com/mozambique/matola/matola-slots,0
https://www.thecasinos.com/mexico/miguel-hidalgo/caliente-casino-bosque-de-duraznos,0
https://www.thecasinos.com/mexico/mexico-city/caliente-casino-meneo,0
https://www.thecasinos.com/russia/rostov-na-donu/rostov-on-don-ippodrom,0
https://www.thecasinos.com/russia/kazan/kazan-ippodrom,0
https://www.thecasinos.com/mexico/boca-del-rio/caliente-casino-veracruz,0
https://www.thecasinos.com/mexico/boca-del-rio/casino-jackpot-eldorado,0
https://www.thecasinos.com/mexico/coatzacoalcos/casino-yak-plaza-forum,0
https://www.thecasinos.com/mexico/miguel-hidalgo/hipdromo-de-las-amricas,0
https://www.thecasinos.com/united-states/eugene/poker-lounge-eugene,0
https://www.thecasinos.com/united-states/ogallala/lake-mac-casino-resort--racetrack,0
https://www.thecasinos.com/philippines/malvar/metro-manila-turf-club,0
https://www.thecasinos.com/mexico/miguel-hidalgo/royal-yak-hipdromo-de-las-amricas,0
https://www.thecasinos.com/mexico/mexico-city/jackpot-plaza-aeropuerto,0
https://www.thecasinos.com/mexico/ciudad-cuahutemoc/jackpot-mercado-de-sonora,0
https://www.thecasinos.com/canada/chillwack/elements-casino-chilliwack,0
https://www.thecasinos.com/united-states/henderson/sunset-station-hotel--casino,0
https://www.thecasinos.com/canada/nanaimo/casino-nanaimo,0
https://www.thecasinos.com/canada/dawsons-creek/chances-dawson-creek-casino,0
https://www.thecasinos.com/romania/botosani/las-vegas-games---botosani-str-sucevei,0
https://www.thecasinos.com/canada/maple-ridge/chances-maple-ridge-casino,0
https://www.thecasinos.com/canada/coquitlam/hard-rock-casino-vancouver,0
https://www.thecasinos.com/united-states/incline-village/grand-lodge-resort-and-casino,0
https://www.thecasinos.com/united-states/las-vegas/santa-fe-station-hotel--casino,0
https://www.thecasinos.com/united-states/las-vegas/boulder-station-hotel--casino,0
https://www.thecasinos.com/united-states/las-vegas/wild-wild-west,0
https://www.thecasinos.com/philippines/manila/philippine-racing-club---santa-ana-park,0
https://www.thecasinos.com/philippines/carmona/san-lazaro-leisure-park,0
https://www.thecasinos.com/united-states/ralston/ralston-keno,0
https://www.thecasinos.com/argentina/santo-tome/litoral-casino,0
https://www.thecasinos.com/italy/varese/slottery-las-vegas-olgiate-olona,0
https://www.thecasinos.com/philippines/carmona/pagcor-club-san-lazaro-casino,0
https://www.thecasinos.com/estonia/viljandi/casino-grand-prix---viljandis,0
https://www.thecasinos.com/latvia/riga/royal-casino-spa--hotel,0
https://www.thecasinos.com/estonia/tallinn/casino-grand-prix---vilde,0
https://www.thecasinos.com/lithuania/vilnius/olympic-casino-gedimino,0
https://www.thecasinos.com/united-states/walthill/lucky-77-casino,0
https://www.thecasinos.com/united-states/onawa/blackbird-bend-casino,0
https://www.thecasinos.com/latvia/riga/olympic-casino-annimuias,0
https://www.thecasinos.com/latvia/riga/olympic-casino-meistaru,0
https://www.thecasinos.com/latvia/riga/olympic-casino-stirnu,0
https://www.thecasinos.com/latvia/riga/olympic-casino-gaiezera,0
https://www.thecasinos.com/latvia/riga/olympic-casino-prgas,0
https://www.thecasinos.com/latvia/riga/dimanta-bingo---riga,0
https://www.thecasinos.com/philippines/lapu-lapu/mactan-leisure-city,0
https://www.thecasinos.com/chile/chillan/marina-del-sol---chilln,0
https://www.thecasinos.com/lithuania/vilnius/tete-a-tete-casino-moletu-str,0
https://www.thecasinos.com/australia/brisbane/eagle-farm-racecourse,0
https://www.thecasinos.com/malta/hamrun/fairbet-hamrun,0
https://www.thecasinos.com/netherlands/assen/jacks-casino-assen,0
https://www.thecasinos.com/lithuania/klaipeda/nes-slots-taikos,0
https://www.thecasinos.com/netherlands/rotterdam/casino-be-one,0
https://www.thecasinos.com/lithuania/vilnius/tete-a-tete-casino-gabijos-str,0
https://www.thecasinos.com/lithuania/vilnius/nes-slots-kalvarijos,0
https://www.thecasinos.com/lithuania/vilnius/nese-casino-vilnius,0
https://www.thecasinos.com/lithuania/vilnius/tete-a-tete-casino-l-asanaviciutes,0
https://www.thecasinos.com/lithuania/vilnius/tete-a-tete-casino-71-antakalnio,0
https://www.thecasinos.com/lithuania/vilnius/tete-a-tete-casino-savanoriu-ave,0
https://www.thecasinos.com/lithuania/vilnius/tete-a-tete-casino-zemynos-str,0
https://www.thecasinos.com/lithuania/vilnius/tete-a-tete-casino-virsuliskiu-all,0
https://www.thecasinos.com/lithuania/vilnius/tete-a-tete-casino-s-dariaus,0
https://www.thecasinos.com/lithuania/vilnius/tete-a-tete-casino-kalvariju-str,0
https://www.thecasinos.com/lithuania/klaipeda/tete-a-tete-casino-tiltu-str,0
https://www.thecasinos.com/lithuania/klaipeda/tete-a-tete-casino-herkaus-manto-str,0
https://www.thecasinos.com/lithuania/klaipeda/tete-a-tete-casino-butku-juzes-str,0
https://www.thecasinos.com/lithuania/klaipeda/tete-a-tete-casino-laukiniku-str,0
https://www.thecasinos.com/lithuania/klaipeda/tete-a-tete-casino-taikos-ave,0
https://www.thecasinos.com/mozambique/nampula/nautilus-casino-nampula,0
https://www.thecasinos.com/united-kingdom/gosport/golden-touch-gosport,0
https://www.thecasinos.com/spain/las-palmas/gran-casino-costa-meloneras,0
https://www.thecasinos.com/dominican-republic/punta-cana/catalonia-bavaro-resort--casino,0
https://www.thecasinos.com/united-states/marquette/ojibwa-casino-marquette,0
https://www.thecasinos.com/spain/madrid/casino-de-madrid,0
https://www.thecasinos.com/spain/madrid/casino-gran-madrid-colon,0
https://www.thecasinos.com/spain/la-coruna/casino-atlntico,0
https://www.thecasinos.com/spain/madrid/casino-gran-via,0
https://www.thecasinos.com/spain/valencia/casino-cirsa-valencia,0
https://www.thecasinos.com/spain/boecillo-valladolid/casino-roxy,0
https://www.thecasinos.com/spain/tarragona/casino-tarragona,0
https://www.thecasinos.com/spain/salamanca/casino-del-tormes,0
https://www.thecasinos.com/spain/alicante/casino-mediterrneo-orihuela---costa,0
https://www.thecasinos.com/swaziland/mbabane/royal-swazi-spa-and-casino,0
https://www.thecasinos.com/estonia/tartu/olympic-casino-likooli,0
https://www.thecasinos.com/united-states/victor/finish-line-bar-and-casino,0
https://www.thecasinos.com/united-states/ballantine/finish-line-bar-and-casino---ballantine,0
https://www.thecasinos.com/united-states/henderson/jackpot-joanies-horizon-ridge-pkwy,0
https://www.thecasinos.com/united-states/henderson/fiesta-henderson-hotel--casino,0
https://www.thecasinos.com/united-states/henderson/barleys-casino--brewing,0
https://www.thecasinos.com/united-states/las-vegas/binions-gambling-hall,0
https://www.thecasinos.com/united-states/imlay/alamo-casino-mills-city,0
https://www.thecasinos.com/united-states/north-las-vegas/alamo-casino-las-vegas-petro,0
https://www.thecasinos.com/united-states/wells/alamo-casino-wells-petro,0
https://www.thecasinos.com/united-states/las-vegas/alamo-casino-las-vegas-ta,0
https://www.thecasinos.com/united-states/las-vegas/eastside-cannery-casino-and-hotel,0
https://www.thecasinos.com/united-states/las-vegas/jackpot-joanies-durango-dr,0
https://www.thecasinos.com/united-states/las-vegas/jackpot-joanies-fort-apache-rd,0
https://www.thecasinos.com/united-states/las-vegas/jackpot-joanies-charleston-blvd,0
https://www.thecasinos.com/united-states/las-vegas/mollys-buffalo,0
https://www.thecasinos.com/united-states/north-las-vegas/jerrys-nugget,0
https://www.thecasinos.com/united-states/dayton/pioneer-crossing-dayton,0
https://www.thecasinos.com/united-states/las-vegas/siegel-slots-and-suites,0
https://www.thecasinos.com/united-states/las-vegas/fiesta-rancho-hotel--casino,0
https://www.thecasinos.com/vietnam/vung-tau/sn-vn-ng-lam-sn-greyhound-racing,0
https://www.thecasinos.com/united-states/billings/jackpot-nevada-casino,0
https://www.thecasinos.com/netherlands/leeuwarden/holland-casino-leeuwarden,0
https://www.thecasinos.com/united-states/las-vegas/peppermill-las-vegas,0
https://www.thecasinos.com/united-states/north-las-vegas/silver-nugget-casino--event-center,0
https://www.thecasinos.com/united-states/las-vegas/westgate-las-vegas-resort--casino,0
https://www.thecasinos.com/united-states/elko/dottys-35-elko-county,0
https://www.thecasinos.com/united-states/dayton/dottys-55,0
https://www.thecasinos.com/united-states/boulder-city/hoover-dam-lodge-and-casino,0
https://www.thecasinos.com/united-states/carson-city/lucky-strike-casino-carson-city,0
https://www.thecasinos.com/united-states/carson-city/jackpot-crossing,0
https://www.thecasinos.com/united-states/carson-city/bodines-casino,0
https://www.thecasinos.com/united-states/fernley/pioneer-crossing-fernley,0
https://www.thecasinos.com/united-states/fernley/4-way-casino-fernley,0
https://www.thecasinos.com/united-states/carson-city/max-casino-carson,0
https://www.thecasinos.com/united-states/fernley/fernley-nugget,0
https://www.thecasinos.com/united-states/fallon/oasis-springs-casino,0
https://www.thecasinos.com/united-states/elko/roadhouse-casino,0
https://www.thecasinos.com/united-states/dayton/nevada-nugget,0
https://www.thecasinos.com/united-states/dayton/gold-ranch-casino-dayton,0
https://www.thecasinos.com/united-states/mountain-home/shoshone-bannock-mountain-home-casino,0
https://www.thecasinos.com/vietnam/mong-cai/li-lai-international-gaming-club,0
https://www.thecasinos.com/united-states/lovelock/big-wheel-casino,0
https://www.thecasinos.com/united-states/dayton/carson-plains-casino,0
https://www.thecasinos.com/united-states/walker/northern-lights-casino-hotel,0
https://www.thecasinos.com/united-states/fernley/jackpot-crossing-fernley,0
https://www.thecasinos.com/vietnam/hanoi/charlie-one-club,0
https://www.thecasinos.com/united-states/henderson/casino-valle-verde,0
https://www.thecasinos.com/united-states/henderson/la-villita-casino,0
https://www.thecasinos.com/united-states/laughlin/regency-casino-laughlin,0
https://www.thecasinos.com/united-states/pahrump/irenes-casino,0
https://www.thecasinos.com/united-states/minden/cash-on-delivery-casino,0
https://www.thecasinos.com/united-states/pahrump/gold-town-casino,0
https://www.thecasinos.com/united-states/lovelock/c-punch-inn--casino,0
https://www.thecasinos.com/united-states/pahrump/terribles-road-house-casino,0
https://www.thecasinos.com/united-states/laughlin/laughlin-river-lodge,0
https://www.thecasinos.com/united-states/winnemucca/winners-inn-casino,0
https://www.thecasinos.com/mexico/mexicali/golden-lion-casino-mexicali,0
https://www.thecasinos.com/mexico/tonala/winpot-casino-tonala,0
https://www.thecasinos.com/latvia/riga/casino-777-elizabetes,0
https://www.thecasinos.com/united-kingdom/london/grosvenor-poker-room,0
https://www.thecasinos.com/argentina/mendoza/winland-casino,0
https://www.thecasinos.com/united-states/stateline/montbleu-casino-and-resort,0
https://www.thecasinos.com/seychelles/baie-lazare/club-libert,0
https://www.thecasinos.com/united-kingdom/london/the-hippodrome-casino-london,0
https://www.thecasinos.com/united-states/yerington/pioneer-crossing-yerington,0
https://www.thecasinos.com/united-states/winnemucca/pilot-casino-winnemucca,0
https://www.thecasinos.com/united-states/tonopah/the-banc-club-of-tonopah,0
https://www.thecasinos.com/united-states/winnemucca/wingers-roadhouse-casino,0
https://www.thecasinos.com/united-states/wells/loves-travel-stop-casino---wells,0
https://www.thecasinos.com/monaco/monte-carlo/monte-carlo-bay-casino,0
https://www.thecasinos.com/united-kingdom/london/aspers-casino-westfield-stratford-city,0
https://www.thecasinos.com/united-kingdom/london/games-at-the-vic,0
https://www.thecasinos.com/united-kingdom/london/grosvenor-casino-picadilly,0
https://www.thecasinos.com/united-kingdom/swansea/grosvenor-casino-swansea,0
https://www.thecasinos.com/united-states/chinook/mint-bar-chinook,0
https://www.thecasinos.com/denmark/glostrup/casino-house--diget,0
https://www.thecasinos.com/united-states/plymouth/ione-band-casino,0
https://www.thecasinos.com/united-states/missoula/cru-at-mullan-crossing,0
https://www.thecasinos.com/united-kingdom/southend-on-sea/grosvenor-casino-southend,0
https://www.thecasinos.com/united-kingdom/dundee/grosvenor-casino-dundee,0
https://www.thecasinos.com/latvia/jelgava/fenikss-laimtava-jelgava,0
https://www.thecasinos.com/united-kingdom/reading/grosvenor-casino-reading-south,0
https://www.thecasinos.com/united-kingdom/stockton-on-tees/grosvenor-casino-stockton,0
https://www.thecasinos.com/united-kingdom/bolton/grosvenor-casino-bolton,0
https://www.thecasinos.com/latvia/daugavpils/vulkan-gaming-hall-raipoles,0
https://www.thecasinos.com/latvia/riga/vulkan-gaming-hall-strmau,0
https://www.thecasinos.com/united-kingdom/beverley/the-racecourse-beverley,0
https://www.thecasinos.com/united-kingdom/glasgow/grosvenor-casino-riverboat-glasgow,0
https://www.thecasinos.com/united-kingdom/broadstairs/grosvenor-casino-thanet,0
https://www.thecasinos.com/united-kingdom/nottingham/gala-bingo-clubs-london,0
https://www.thecasinos.com/lithuania/klaipeda/casino-tornado-klaipeda,0
https://www.thecasinos.com/latvia/cesis/fenikss-casinos-csis,0
https://www.thecasinos.com/latvia/daugavpils/vulkan-gaming-hall-saku,0
https://www.thecasinos.com/latvia/daugavpils/vulkan-gaming-hall-stacijas,0
https://www.thecasinos.com/mexico/caborca/las-vegas-club-casino-caborca,0
https://www.thecasinos.com/belgium/arlon/circus-casino-arlon,0
https://www.thecasinos.com/latvia/salaspils/fenikss-laimtava-salaspils,0
https://www.thecasinos.com/latvia/riga/fenikss-laimtava-rga,0
https://www.thecasinos.com/latvia/rezekne/vulkan-gaming-hall-blaumaa,0
https://www.thecasinos.com/latvia/daugavpils/vulkan-gaming-hall-strdnieku,0
https://www.thecasinos.com/latvia/daugavpils/fenikss-laimtava-daugavpils,0
https://www.thecasinos.com/latvia/cesis/vulkan-gaming-club-plavas,0
https://www.thecasinos.com/latvia/jekabpils/vulkan-gaming-cub-vienibas,0
https://www.thecasinos.com/latvia/jelgava/vulkan-gaming-club-rigas,0
https://www.thecasinos.com/latvia/liepaja/vulkan-gaming-club-kursu,0
https://www.thecasinos.com/latvia/ludza/vulkan-gaming-club-talivijas,0
https://www.thecasinos.com/latvia/jekabpils/fenikss-laimtava-jkabpils,0
https://www.thecasinos.com/latvia/jurmala/fenikss-laimtava-jrmala,0
https://www.thecasinos.com/latvia/liepaja/fenikss-laimtava-liepja,0
https://www.thecasinos.com/latvia/aizkraukle/joker-casino-aizkruaukle,0
https://www.thecasinos.com/latvia/valmiera/fenikss-laimtava-valmiera,0
https://www.thecasinos.com/latvia/aizkraukle/fenikss-laimtava-aizkraukle,0
https://www.thecasinos.com/mexico/tepic/play-city-casino-forum-tepic,0
https://www.thecasinos.com/colombia/bogota/crown-casino---zona-t,0
https://www.thecasinos.com/spain/valladolid/superflas-parquesol,0
https://www.thecasinos.com/latvia/bauska/fenikss-laimtava-bauska,0
https://www.thecasinos.com/latvia/dobele/fenikss-laimtava-dobele,0
https://www.thecasinos.com/latvia/gulbene/fenikss-laimtava-gulbene,0
https://www.thecasinos.com/latvia/lecava/fenikss-laimtava-iecava,0
https://www.thecasinos.com/latvia/aluksne/joker-casino-aluksne,0
https://www.thecasinos.com/latvia/riga/fenikss-laimtava-ekava,0
https://www.thecasinos.com/latvia/balvi/joker-casino-balvi,0
https://www.thecasinos.com/latvia/kuldiga/fenikss-laimtava-kuldga,0
https://www.thecasinos.com/latvia/lielvarde/fenikss-laimtava-lielvrde,0
https://www.thecasinos.com/latvia/limbazi/fenikss-laimtava-limbai,0
https://www.thecasinos.com/latvia/livani/fenikss-laimtava-lvni,0
https://www.thecasinos.com/latvia/ludza/fenikss-laimtava-ludza,0
https://www.thecasinos.com/latvia/madona/fenikss-laimtava-madona,0
https://www.thecasinos.com/latvia/ogre/fenikss-laimtava-ogre,0
https://www.thecasinos.com/peru/callao/el-puerto-casino,0
https://www.thecasinos.com/latvia/olaine/fenikss-laimtava-olaine,0
https://www.thecasinos.com/latvia/preli/fenikss-laimtava-preii,0
https://www.thecasinos.com/latvia/saldus/fenikss-laimtava-saldus,0
https://www.thecasinos.com/latvia/saulkrasti/fenikss-laimtava-saulkrasti,0
https://www.thecasinos.com/latvia/daugavpils/zilais-dimants-daugavpils,0
https://www.thecasinos.com/belarus/minsk/casino-tornado,0
https://www.thecasinos.com/latvia/jurmala/zilais-dimants-jrmala,0
https://www.thecasinos.com/latvia/salaspils/zilais-dimants-salaspils,0
https://www.thecasinos.com/latvia/sigulda/zilais-dimants-sigulda,0
https://www.thecasinos.com/latvia/tukums/zilais-dimants-tukums,0
https://www.thecasinos.com/latvia/valmiera/zilais-dimants-valmiera,0
https://www.thecasinos.com/latvia/ventspils/zilais-dimants-ventspils,0
https://www.thecasinos.com/france/hyeres/casino-partouche-de-hyres,0
https://www.thecasinos.com/latvia/cesis/joker-casino-cesis,0
https://www.thecasinos.com/latvia/daugavpils/joker-casinos-daugavpils---mihoelsa,0
https://www.thecasinos.com/latvia/dobele/joker-casino-dobele,0
https://www.thecasinos.com/latvia/gulbene/joker-casino-gulbene,0
https://www.thecasinos.com/monaco/monte-carlo/casino-le-caf-de-paris,0
https://www.thecasinos.com/monaco/monte-carlo/sun-casino---monte-carlo,0
https://www.thecasinos.com/latvia/jekabpils/joker-casino-jkabpils,0
https://www.thecasinos.com/latvia/jurmala/joker-casino-jrmala,0
https://www.thecasinos.com/latvia/lielvarde/joker-casino-lielvrde,0
https://www.thecasinos.com/latvia/liepaja/joker-casino-liepja,0
https://www.thecasinos.com/latvia/limbazi/joker-casino-limbazi,0
https://www.thecasinos.com/latvia/livani/joker-casino-lvni,0
https://www.thecasinos.com/angola/luanda/casinos-de-angola-marinha,0
https://www.thecasinos.com/algeria/hussein-dey/hippodrome-caroubier,0
https://www.thecasinos.com/france/aix-en-provence/pasino-casino-aix-en-provence,0
https://www.thecasinos.com/france/annemasse/casino-partouche-annemasse,0
https://www.thecasinos.com/france/andernos-les-bains/casino-dandernos---le-miami,0
https://www.thecasinos.com/france/bandol/casino-partouche-de-bandol,0
https://www.thecasinos.com/france/berck-sur-mer/casino-partouche-de-berck-sur-mer,0
https://www.thecasinos.com/belize/belize-city/princess-hotel--casino-belize,0
https://www.thecasinos.com/poland/warsaw/marriott-hotel--casino-warsaw,0
https://www.thecasinos.com/united-states/islandia/jakes-58-casino-hotel,0
https://www.thecasinos.com/canada/kananaskis/stoney-nakoda-resort-and-casino,0
https://www.thecasinos.com/united-states/pahrump/pahrump-nugget-hotel--gambling-hall,0
https://www.thecasinos.com/mexico/puebla/casino-caliente-puebla,0
https://www.thecasinos.com/united-states/crystal-bay/crystal-bay-club-casino,0
https://www.thecasinos.com/poland/sopot/hotel-grand-sopot,0
https://www.thecasinos.com/united-states/carson-city/casino-fandango,0
https://www.thecasinos.com/sierra-leone/freetown/lagoonda-casino,0
https://www.thecasinos.com/paraguay/ciudad-del-este/casino-aramar,0
https://www.thecasinos.com/canada/courtenay/chances-playtime-courtenay,0
https://www.thecasinos.com/finland/tampere/casino-tampere,0
https://www.thecasinos.com/united-states/henderson/green-valley-ranch,0
https://www.thecasinos.com/united-states/las-vegas/skinny-dugans-casino--lounge,0
https://www.thecasinos.com/united-states/bayonne/winners-bayonne-otb,0
https://www.thecasinos.com/united-states/las-vegas/sportsmans-royal-manor,0
https://www.thecasinos.com/united-states/las-vegas/stage-door-casino,0
https://www.thecasinos.com/estonia/parnu/olympic-casino-prnu,0
https://www.thecasinos.com/united-states/fords/favorites-at-woodbridge,0
https://www.thecasinos.com/united-states/crystal-bay/tahoe-biltmore-casino,0
https://www.thecasinos.com/united-states/carson-city/carson-nugget-hotel-and-casino,0
https://www.thecasinos.com/united-states/las-vegas/rampart-casino-at-summerlin-resort,0
https://www.thecasinos.com/united-states/las-vegas/arizona-charlies-boulder,0
https://www.thecasinos.com/united-states/las-vegas/longhorn-casino--hotel,0
https://www.thecasinos.com/canada/mission/chances-mission,0
https://www.thecasinos.com/argentina/parana/casino-neo-mayorazgo,0
https://www.thecasinos.com/united-states/las-vegas/silverton-hotel-casino,0
https://www.thecasinos.com/latvia/riga/casino-777---grecinieku,0
https://www.thecasinos.com/united-kingdom/bournemouth/grosvenor-casino-bournemouth,0
https://www.thecasinos.com/united-kingdom/northampton/grosvenor-casino-northhampton,0
https://www.thecasinos.com/united-kingdom/hull/napoleons-casino--restaurant---hull,0
https://www.thecasinos.com/united-kingdom/leicester/grosvenor-casino-leicester,0
https://www.thecasinos.com/united-states/las-vegas/ellis-island-casino--brewery,0
https://www.thecasinos.com/united-kingdom/hull/grosvenor-casino-hull,0
https://www.thecasinos.com/united-states/las-vegas/michael-gaughan-airport-slots,0
https://www.thecasinos.com/united-states/las-vegas/mad-mattys-casino-bar--grill,0
https://www.thecasinos.com/united-states/las-vegas/bonanza-lounge--casino,0
https://www.thecasinos.com/united-states/las-vegas/aztec-inn,0
https://www.thecasinos.com/united-states/las-vegas/snow-mountain-smoke-shop,0
https://www.thecasinos.com/united-states/inglewood/hollywood-park-casino,0
https://www.thecasinos.com/united-states/las-vegas/big-dogs-draft-house,0
https://www.thecasinos.com/slovenia/sezana/safir-casino-and-hotel,0
https://www.thecasinos.com/romania/iasi/winbet-iasi,0
https://www.thecasinos.com/romania/bacau/million-casino-bacu,0
https://www.thecasinos.com/united-kingdom/bristol/rainbow-casino-bristol,0
https://www.thecasinos.com/united-states/mesquite/dottys-casino---mesquite,0
https://www.thecasinos.com/united-states/beatty/stagecoach-casino-beatty,0
https://www.thecasinos.com/united-kingdom/birmingham/grosvenor-casino-birmingham-broad-st,0
https://www.thecasinos.com/united-kingdom/london/the-palm-beach-casino-at-mayfair-hotel,0
https://www.thecasinos.com/sint-maarten/cole-bay/port-de-plaissance-resort-and-casino,0
https://www.thecasinos.com/sint-maarten/philipsburg/coliseum-princess-casino,0
https://www.thecasinos.com/united-kingdom/london/the-barracuda-london,0
https://www.thecasinos.com/bulgaria/sofia/sofia-princess-casino,0
https://www.thecasinos.com/united-kingdom/stockport/grosvenor-casino-stockport,0
https://www.thecasinos.com/united-kingdom/london/colony-club-casino,0
https://www.thecasinos.com/colombia/cali/casino-havana-cali---unicentro,0
https://www.thecasinos.com/spain/santa-cruz-de-tenerife/casino-playa-de-las-americas-adeje,0
https://www.thecasinos.com/poland/gdynia/casino-poland---gdynia,0
https://www.thecasinos.com/poland/szczecin/neptune-orbis-hotel-and-casino,0
https://www.thecasinos.com/united-kingdom/leeds/victoria-gate-casino,0
https://www.thecasinos.com/united-states/fallon/stockmans-casino,0
https://www.thecasinos.com/spain/melilla/gran-casino-de-melilla,0
https://www.thecasinos.com/kenya/mombasa/cinemax-casino,0
https://www.thecasinos.com/spain/menorca/casino-maritim,0
https://www.thecasinos.com/united-states/henderson/skyline-restaurant--casino,0
https://www.thecasinos.com/united-states/henderson/rainbow-club-and-casino,0
https://www.thecasinos.com/argentina/godoy-cruz/casino-de-mendoza-sede-central,0
https://www.thecasinos.com/canada/red-deer/jackpot-casino-red-deer,0
https://www.thecasinos.com/latvia/jelgava/casino-klondike-jelgava,0
https://www.thecasinos.com/canada/edmonton/caesars-bingo,0
https://www.thecasinos.com/united-states/great-falls/palace-casino---great-falls,0
https://www.thecasinos.com/czech-republic/karlovy-vary/star-casino-vtzn,0
https://www.thecasinos.com/united-states/sparks/dottys-casino-sparks,0
https://www.thecasinos.com/czech-republic/as/casino-le-jeton,0
https://www.thecasinos.com/canada/london/western-fair-district-raceway,0
https://www.thecasinos.com/united-states/sacramento/california-state-fair-racing,0
https://www.thecasinos.com/united-states/sacramento/limelight-cardroom,0
https://www.thecasinos.com/united-states/lakeside/barona-resort-and-casino,0
https://www.thecasinos.com/nepal/kathmandu/casino-everest,0
https://www.thecasinos.com/nepal/kathmandu/casino-rad,0
https://www.thecasinos.com/spain/las-palmas/casino-las-palmas,0
https://www.thecasinos.com/spain/leon/casino-conde-luna-len,0
https://www.thecasinos.com/spain/ceuta/gran-casino-de-ceuta,0
https://www.thecasinos.com/spain/palma-de-mallorca/casino-de-mallorca,0
https://www.thecasinos.com/spain/murcia/casino-costa-calida,0
https://www.thecasinos.com/spain/santa-cruz-de-tenerife/casino-de-santa-cruz,0
https://www.thecasinos.com/spain/bilboa/gran-casino-bilboa-and-hotel,0
https://www.thecasinos.com/spain/pontevedra/casino-de-la-toja,0
https://www.thecasinos.com/spain/zaragoza/casino-zaragoza,0
https://www.thecasinos.com/spain/puerto-de-santa-maria/casino-bahia-de-cadiz,0
https://www.thecasinos.com/peru/huaral/palacio-royal-casino---huaral,0
https://www.thecasinos.com/united-states/browning/glacier-peaks-hotel--casino,0
https://www.thecasinos.com/united-states/smith-river/lucky-7-casino--hotel,0
https://www.thecasinos.com/united-states/lake-elsinore/lake-elsinore-casino,0
https://www.thecasinos.com/united-states/indio/fantasy-springs-resort-casino,0
https://www.thecasinos.com/united-states/seattle/windstar-cruises---wind-spirit,0
https://www.thecasinos.com/argentina/tigre/trilenium-casino,0
https://www.thecasinos.com/united-states/jamestown/chicken-ranch-casino,0
https://www.thecasinos.com/united-states/manteca/casino-real,0
https://www.thecasinos.com/united-states/trinidad/cher-ae-heights-casino,0
https://www.thecasinos.com/united-states/sacramento/capitol-casino,0
https://www.thecasinos.com/united-states/pleasanton/alameda-county-fair-horseracing,0
https://www.thecasinos.com/zambia/lusaka/new-buffalo-casino,0
https://www.thecasinos.com/belarus/minsk/casino-shangri-la,0
https://www.thecasinos.com/albania/tirana/la-boheme-tirana-hotel,0
https://www.thecasinos.com/united-states/oceanside/oceans-eleven-casino,0
https://www.thecasinos.com/united-states/livermore/livermore-casino-card-room,0
https://www.thecasinos.com/united-states/fresno/the-big-fresno-fair-racing,0
https://www.thecasinos.com/united-states/lemoore/tachi-palace-hotel--casino,0
https://www.thecasinos.com/united-states/rancho-cordova/don-juan-club-and-casino,0
https://www.thecasinos.com/cambodia/bavet/golden-galaxy-hotel--casino---cambodia,0
https://www.thecasinos.com/united-states/oakdale/mikes-card-casino,0
https://www.thecasinos.com/united-states/emeryville/oaks-card-club,0
https://www.thecasinos.com/united-states/nashua/boston-billiard-club--casino,0
https://www.thecasinos.com/united-states/del-mar/del-mar-thoroughbred-club,0
https://www.thecasinos.com/united-states/rosamond/diamond-jims-casino,0
https://www.thecasinos.com/albania/tirana/astra-club-lapraka,0
https://www.thecasinos.com/rwanda/kigali/casino-kigali,0
https://www.thecasinos.com/united-states/great-falls/tuffys-sunset-inn,0
https://www.thecasinos.com/united-states/douglas/cochise-county-fair-racing,0
https://www.thecasinos.com/united-states/juneau/juneau-tlingit-and-haida-tribal-bingo,0
https://www.thecasinos.com/united-states/sitka/sitka-tribal-bingo,0
https://www.thecasinos.com/united-states/barrow/native-village-of-barrow-pull-tabs,0
https://www.thecasinos.com/united-states/kake/kake-tribal-heritage-bingo,0
https://www.thecasinos.com/united-states/isleton/rogelios-dine--sleep-inn-casino,0
https://www.thecasinos.com/united-states/redwood-valley/coyote-valley-one-stop-shop,0
https://www.thecasinos.com/united-states/livermore/parkwest-casino-580,0
https://www.thecasinos.com/united-states/sand-point/agate-pull-tabs,0
https://www.thecasinos.com/united-kingdom/london/the-clermont-club,0
https://www.thecasinos.com/united-states/cypress/los-alamitos-race-course,0
https://www.thecasinos.com/united-states/berkeley/golden-gate-fields,0
https://www.thecasinos.com/tunisia/hammamet/casino-la-mdina,0
https://www.thecasinos.com/germany/neubrandenburg/spielbank-neubrandenburg,0
https://www.thecasinos.com/spain/zaragoza/el-dorado--alcal,0
https://www.thecasinos.com/spain/zaragoza/el-dorado--albufera,0
https://www.thecasinos.com/united-states/joliet/212-bar--grill,0
https://www.thecasinos.com/united-states/bigfork/tall-pine-lounge,0
https://www.thecasinos.com/united-states/deadwood/deadwood-mountain-grand,0
https://www.thecasinos.com/venezuela/maracaibo/casino-maruma,0
https://www.thecasinos.com/united-states/anderson/hoosier-park-racing--casino,0
https://www.thecasinos.com/united-states/ferndale/humboldt-county-fair-racing,0
https://www.thecasinos.com/united-states/shelbyville/indiana-grand-racing-and-casino,0
https://www.thecasinos.com/colombia/medellin/casino-havana-medelln---oviedo,0
https://www.thecasinos.com/mexico/nuevo-laredo/juega-y-juega-casino-nuevo-laredo,0
https://www.thecasinos.com/united-states/danville/caesars-virginia,0
https://www.thecasinos.com/netherlands/tilburg/jacks-casino-tilburg-centrum,0
https://www.thecasinos.com/poland/bialystok/casino---cristal-hotel,0
https://www.thecasinos.com/netherlands/zwolle/jacks-casino-zwolle,0
https://www.thecasinos.com/united-states/winston/the-big-bull-bar--grill,0
https://www.thecasinos.com/united-states/sun-river/ramble-inn,0
https://www.thecasinos.com/united-states/miles-city/blue-moon-casino,0
https://www.thecasinos.com/united-states/denton/longbranch-bar-and-denton-motel,0
https://www.thecasinos.com/united-states/great-falls/5-cent-casino,0
https://www.thecasinos.com/united-states/great-falls/lucky-charm-casino,0
https://www.thecasinos.com/croatia/zagreb/maxbet-zagreb,0
https://www.thecasinos.com/croatia/rijeka/maxbet-turni,0
https://www.thecasinos.com/croatia/pozega/automat-klub-arena-poega,0
https://www.thecasinos.com/croatia/porec/senator-klub-pore,0
https://www.thecasinos.com/czech-republic/varnsdorf/kajot-intacto-varnsdorf,0
https://www.thecasinos.com/czech-republic/protivin/kajot-intacto-protivn,0
https://www.thecasinos.com/romania/bucharest/maxbet-bucuresti-ritmului,0
https://www.thecasinos.com/romania/bucharest/maxbet-bucuresti-grivitei,0
https://www.thecasinos.com/romania/pitesti/maxbet-pitesti-gavana,0
https://www.thecasinos.com/romania/bucharest/winbet-camil-ressu,0
https://www.thecasinos.com/romania/radauti/las-vegas-games---radauti,0
https://www.thecasinos.com/united-states/kapolei/kapolei-integrated-casino-resort,0
https://www.thecasinos.com/cameroon/douala/douala-casino--pullman-rabingha-hotel,0
https://www.thecasinos.com/kenya/mombasa/roco-casino,0
https://www.thecasinos.com/nigeria/lagos/9carat-casino,0
https://www.thecasinos.com/south-korea/seogwipo-si/the-shilla-jeju-casino,0
https://www.thecasinos.com/czech-republic/prague/casino-bonver-praha-8-sokolovsk,0
https://www.thecasinos.com/portugal/grandola/casino-troia,0
https://www.thecasinos.com/kenya/mombasa/mombasa-inter-continental-resort--quarterdeck-casino,0
https://www.thecasinos.com/czech-republic/dubi/imperial-casino-zinnwald,0
https://www.thecasinos.com/czech-republic/pardubice/synot-tip-casino-pardubice-polabiny,0
https://www.thecasinos.com/kenya/nairobi/international-casino,0
https://www.thecasinos.com/romania/bucharest/marriott-grand-hotel--casino,0
https://www.thecasinos.com/czech-republic/prague/casso-club-praha,0
https://www.thecasinos.com/czech-republic/pribram/casino-magic-planet-pbram,0
https://www.thecasinos.com/slovakia/nove-zamky/monaco-nov-zmky,0
https://www.thecasinos.com/slovakia/senec/monaco-surf-senec,0
https://www.thecasinos.com/slovakia/bratislava/cezar-club-bratislava,0
https://www.thecasinos.com/slovakia/povazska-bystrica/rio-club-povask-bytrica,0
https://www.thecasinos.com/slovakia/slovenske-darmoty/rio-club-slovensk-armoty,0
https://www.thecasinos.com/slovakia/trnava/hera-fiesta,0
https://www.thecasinos.com/romania/craiova/cashpot-craiova,0
https://www.thecasinos.com/romania/bucharest/calea-griviei,0
https://www.thecasinos.com/united-kingdom/bristol/be-lucky-casino,0
https://www.thecasinos.com/united-kingdom/slough/game-nation-slough,0
https://www.thecasinos.com/united-kingdom/leeds/buzz-bingo-leeds,0
https://www.thecasinos.com/united-kingdom/leicester/buzz-bingo-leicester,0
https://www.thecasinos.com/belgium/ronse/golden-palace-renaix,0
https://www.thecasinos.com/belgium/eeklo/casino-eeklo,0
https://www.thecasinos.com/belgium/liege/circus-casino-rocourt,0
https://www.thecasinos.com/belgium/couvin/circus-casino-couvin,0
https://www.thecasinos.com/denmark/copenhagen/casino-house--retortvej,0
https://www.thecasinos.com/uganda/kampala/jims-poker-room,0
https://www.thecasinos.com/panama/colon/fantastic-casino-colon-calle-13,0
https://www.thecasinos.com/panama/panama-city/fantastic-casino-el-dorado,0
https://www.thecasinos.com/panama/david/fantastic-casino-david-plaza,0
https://www.thecasinos.com/panama/colon/radisson-colon-2000-hotel--casino,0
https://www.thecasinos.com/uruguay/carmelo/carmelo-hotel-casino,0
https://www.thecasinos.com/panama/la-chorrera/fantastic-casino-chorrera,0
https://www.thecasinos.com/bulgaria/sofia/royale-palms-casino,0
https://www.thecasinos.com/panama/chitre/fantastic-casino-chitre,0
https://www.thecasinos.com/italy/campione-ditalia/casino-municipale-di-campione-ditalia,0
https://www.thecasinos.com/kenya/mombasa/lucky-choi-casino,0
https://www.thecasinos.com/spain/valencia/valencia-casino,0
https://www.thecasinos.com/australia/mackay/austral-hotel,0
https://www.thecasinos.com/australia/pialba/bay-central-tavern,0
https://www.thecasinos.com/australia/maryborough/old-sydney-hotel,0
https://www.thecasinos.com/costa-rica/san-jose/mona-lisa-hotel--casino,0
https://www.thecasinos.com/spain/san-fernando-de-henares/toka-game-room-san-fernando,0
https://www.thecasinos.com/spain/cartaya/toka-game-room-cartaya-santa-mara,0
https://www.thecasinos.com/spain/sevilla/toka-game-room-lepe-monaco,0
https://www.thecasinos.com/united-states/joliet/joliet-bar,0
https://www.thecasinos.com/romania/bucharest/maxbet-bucuresti-stefan-cel-mare,0
https://www.thecasinos.com/romania/bucharest/maxbet-bucuresti-afi-palace-cotroceni,0
https://www.thecasinos.com/romania/bucharest/maxbet-bucuresti-oltenitei-sun-plaza,0
https://www.thecasinos.com/russia/vladivostok/shambala-casino-primorye,0
https://www.thecasinos.com/united-states/kings-mountain/catawba-two-kings-casino,0
https://www.thecasinos.com/france/collioure/casino-de-collioure,0
https://www.thecasinos.com/france/briancon/circus-casino-briancon,0
https://www.thecasinos.com/united-states/carterville/walkers-bluff-casino-resort,0
https://www.thecasinos.com/slovakia/banovce-nad-bebravou/monaco-bnovce-nad-bebravou,0
https://www.thecasinos.com/slovakia/malacky/monaco-port-klub-malacky,0
https://www.thecasinos.com/slovakia/malacky/monaco-stvkov-malacky,0
https://www.thecasinos.com/slovakia/stupava/monaco-the-bar-stupava,0
https://www.thecasinos.com/slovakia/pezinok/monaco-pezinok-ii,0
https://www.thecasinos.com/slovakia/bratislava/monaco-kulttyho,0
https://www.thecasinos.com/costa-rica/puntarenas/crocodile-bay-resort-casino,0
https://www.thecasinos.com/spain/zaragoza/bingo-chal-chal,0
https://www.thecasinos.com/australia/indooroopilly/indooroopilly-hotel,0
https://www.thecasinos.com/panama/panama-city/casino-marvil,0
https://www.thecasinos.com/panama/panama-city/fantastic-casino-los-pueblos,0
https://www.thecasinos.com/uruguay/montevideo/casinos-del-estado-vitoria-plaza-and-radisson-hotel,0
https://www.thecasinos.com/peru/lima/admiral-carrera-casino,0
https://www.thecasinos.com/switzerland/courrendlin/casino-barriere-courrendlin,0
https://www.thecasinos.com/uganda/kampala/kampala-casino,0
https://www.thecasinos.com/albania/sarande/astra-club-sarande,0
https://www.thecasinos.com/albania/elbasan/astra-club-elbasan-1,0
https://www.thecasinos.com/netherlands/heerenveen/flamingo-casino-heerenveen,0
https://www.thecasinos.com/united-states/great-falls/bighorn-bar-and-grill,0
https://www.thecasinos.com/united-states/cripple-creek/chamonix-casino-hotel,0
https://www.thecasinos.com/slovakia/bratislava/monaco-hera-pivre,0
https://www.thecasinos.com/slovakia/bratislava/monaco-bar-labyrint--od-saratov,0
https://www.thecasinos.com/slovakia/bratislava/monaco-oc-dubrawa,0
https://www.thecasinos.com/slovakia/bratislava/excel-club-bratislava-dunajska,0
https://www.thecasinos.com/slovakia/poprad/excel-club-poprad,0
https://www.thecasinos.com/slovakia/humenne/eurogold-game-club---humenn,0
https://www.thecasinos.com/slovakia/kosice/eurogold-game-club---koice,0
https://www.thecasinos.com/slovakia/martin/eurogold-game-club---martin,0
https://www.thecasinos.com/slovakia/moldava-nad-bodvou/eurogold-game-club--moldava-nad-bodvou,0
https://www.thecasinos.com/spain/malaga/casino-marbella,0
https://www.thecasinos.com/sweden/malmo/casino-cosmopol-malmo,0
https://www.thecasinos.com/sweden/goteburg/casino-cosmopol-gothenburg,0
https://www.thecasinos.com/panama/santiago-de-veraguas/fantastic-casino-santiago,0
https://www.thecasinos.com/panama/panama-city/casino-rio-abajo,0
https://www.thecasinos.com/uruguay/rivera/rivera-casino-and-resort,0
https://www.thecasinos.com/slovakia/piestany/casino-pieany-pribinova,0
https://www.thecasinos.com/panama/penonome/fantastic-casino-penonome,0
https://www.thecasinos.com/united-states/dillon/hotel-metlen,0
https://www.thecasinos.com/united-states/tracy/tracy-bar,0
https://www.thecasinos.com/slovakia/roznava/eurogold-game-club--roava,0
https://www.thecasinos.com/slovakia/trnava/eurogold-game-club--trnava,0
https://www.thecasinos.com/slovakia/vranov-nad-toplou/eurogold-game-club--vranov-nad-topou,0
https://www.thecasinos.com/slovakia/bratislava/topgame-club-bratislava,0
https://www.thecasinos.com/slovakia/sala-veca/planet-games-club---aa-vea,0
https://www.thecasinos.com/slovakia/trnava/topgame-club-trnava,0
https://www.thecasinos.com/slovakia/topolcany/senator-topoany,0
https://www.thecasinos.com/switzerland/lugano/casino-lugano,0
https://www.thecasinos.com/france/bussang/casino-de-bussang,0
https://www.thecasinos.com/united-states/stockett/american-bar,0
https://www.thecasinos.com/united-states/great-falls/holiday-west-casino,0
https://www.thecasinos.com/malaysia/kuala-lumpur/crusino,0
https://www.thecasinos.com/united-states/henderson/the-pass-casino,0
https://www.thecasinos.com/philippines/cebu-city/nustar-resort-and-casino,0
https://www.thecasinos.com/united-states/billings/wardens-legacy-casino,0
https://www.thecasinos.com/ireland/buncrana/star-amusements,0
https://www.thecasinos.com/united-states/westlake/horseshoe-lake-charles,0
https://www.thecasinos.com/united-states/black-hawk/ballys-black-hawk-north-casino,0
https://www.thecasinos.com/slovakia/topolcany/topgame-club-topoany-ii,0
https://www.thecasinos.com/slovakia/cadca/topgame-club-adca,0
https://www.thecasinos.com/slovakia/poprad/golden-dragon-poprad,0
https://www.thecasinos.com/slovakia/poprad/cafe-bar-abaton-poprad,0
https://www.thecasinos.com/slovakia/svit/starbar-svit,0
https://www.thecasinos.com/slovakia/poprad/kaskda-poprad--matejovce,0
https://www.thecasinos.com/slovakia/lipany/seven-lipany,0
https://www.thecasinos.com/slovakia/humenne/kolateral-humenn,0
https://www.thecasinos.com/slovakia/nitra/diamond-game-club-nitra,0
https://www.thecasinos.com/united-states/east-hazel-crest/wind-creek-chicago-southland,0
https://www.thecasinos.com/netherlands/enschede/holland-casino-enschede,0
https://www.thecasinos.com/ukraine/kiev/gambling-club-kiev,0
https://www.thecasinos.com/panama/panama-city/majestic-casino-mulitcentro,0
https://www.thecasinos.com/united-states/miles-city/airport-inn,0
https://www.thecasinos.com/panama/colon/winland-casino-colon,0
https://www.thecasinos.com/croatia/pozega/maxbet-poega,0
https://www.thecasinos.com/croatia/zadar/vulkan-automat-klub---sukoan,0
https://www.thecasinos.com/croatia/zupanja/automat-klub-arena-upanja,0
https://www.thecasinos.com/czech-republic/brno/kajot-intacto-brno-olympia,0
https://www.thecasinos.com/romania/bucharest/maxbet-bucuresti-piata-garii-de-nord,0
https://www.thecasinos.com/romania/bucharest/maxbet-bucuresti-baneasa-mall,0
https://www.thecasinos.com/romania/ramnicu-valcea/maxbet-ramnicu-valcea-ostroveni,0
https://www.thecasinos.com/ireland/dublin/expo-casino---tallaght,0
https://www.thecasinos.com/slovakia/trebisove/diamond-game-club-trebisove,0
https://www.thecasinos.com/slovakia/zilina/casino-admiral-zilina,0
https://www.thecasinos.com/slovakia/bytca/rio-club-byta,0
https://www.thecasinos.com/slovakia/detva/rio-club-detva,0
https://www.thecasinos.com/slovakia/handlova/rio-club-handlov,0
https://www.thecasinos.com/slovakia/michalovce/rio-club-michalovce,0
https://www.thecasinos.com/slovakia/povazska-bystrica/rio-club-povask-bytrica--pb-cafe,0
https://www.thecasinos.com/romania/bucharest/777-red-sevens-bucuresti---pantelimon,0
https://www.thecasinos.com/czech-republic/hradec-kralove/casino-san-marco-havlickova---hradec-kralove,0
https://www.thecasinos.com/romania/cluj-napoca/las-vegas-games---cluj-napoca-grozavescu,0
https://www.thecasinos.com/czech-republic/hranice/casino-bonver-hranice,0
https://www.thecasinos.com/czech-republic/liberec/casino-victory---liberec,0
https://www.thecasinos.com/slovakia/piestany/cezar-pieany,0
https://www.thecasinos.com/slovakia/presov/mirage-preov,0
https://www.thecasinos.com/romania/ploiesti/cashpot-ploiesti,0
https://www.thecasinos.com/slovakia/bratislava/golden-vegas-poker-club,0
https://www.thecasinos.com/slovenia/ajdovscina/casino-castra,0
https://www.thecasinos.com/united-kingdom/london/game-nation-tottenham,0
https://www.thecasinos.com/united-kingdom/blackburn/buzz-bingo-blackburn,0
https://www.thecasinos.com/uruguay/treinta-y-tres/sala-treinta-y-tres,0
https://www.thecasinos.com/belgium/halle/napoleon-games---casino-halle,0
https://www.thecasinos.com/belgium/milddelkerke/napoleon-games---casino-middelkerke,0
https://www.thecasinos.com/belgium/quievrain/golden-palace-quivrain,0
https://www.thecasinos.com/belgium/anderlecht/starcasinobe-anderlecht,0
https://www.thecasinos.com/belgium/ternat/josan-speelhal,0
https://www.thecasinos.com/argentina/corrientes/casino-sucursal-hipodromo,0
https://www.thecasinos.com/denmark/copenhagen/casino-house---vesterbrogade,0
https://www.thecasinos.com/slovakia/banska-bystrica/club--bar-ag-play-trend,0
https://www.thecasinos.com/slovakia/komarno/hollywood-komrom,0
https://www.thecasinos.com/denmark/copenhagen/casino-house--lholm-plads,0
https://www.thecasinos.com/argentina/san-salvador-de-jujuy/plaza-jujuy-hotel-and-casino,0
https://www.thecasinos.com/argentina/santiago-del-estero/casino-la-banda,0
https://www.thecasinos.com/australia/condon/irish-finnegans,0
https://www.thecasinos.com/costa-rica/san-jose/luckys-casino---colon,0
https://www.thecasinos.com/australia/aitkenvale/vale-hotel,0
https://www.thecasinos.com/spain/laguna-de-duero/superflas-laguna,0
https://www.thecasinos.com/costa-rica/heredia/hotel-sierra-resort-and-casino,0
https://www.thecasinos.com/australia/hamilton/hamilton-hotel,0
https://www.thecasinos.com/spain/leon/bingo-condado,0
https://www.thecasinos.com/spain/alicante/toka-game-room-almorad-rosario,0
https://www.thecasinos.com/spain/madrid/toka-game-room-madrid-vallecas,0
https://www.thecasinos.com/spain/castellon/toka-game-room-vinaros-picasso,0
https://www.thecasinos.com/spain/barcelona/capitol-bingo-hall,0
https://www.thecasinos.com/spain/valencia/el-dorado--constitucin,0
https://www.thecasinos.com/uruguay/atlantida/casino-atlantida,0
https://www.thecasinos.com/south-korea/busan/seven-luck-casino-busan-lotte,0
https://www.thecasinos.com/albania/korce/admiral-club-korce-agjensia,0
https://www.thecasinos.com/romania/ramnicu-valcea/cashpot-rm-valcea,0
https://www.thecasinos.com/romania/timisoara/777-red-sevens-timisoara---iuliu-maniu,0
https://www.thecasinos.com/romania/bucharest/million-casino-bucureti---piaa-obor,0
https://www.thecasinos.com/united-kingdom/airdrie/admiral-airdrie,0
https://www.thecasinos.com/united-kingdom/bournemouth/game-nation-bournemouth,0
https://www.thecasinos.com/belgium/antwerpen/napoleon-games---casino-antwerpen,0
https://www.thecasinos.com/canada/grande-prairie/evergreen-park,0
https://www.thecasinos.com/canada/saint-john/exhibition-park-raceway-and-the-sulky-room,0
https://www.thecasinos.com/malta/st-pauls-bay/fairbet-saint-pauls-bay---triq-ic-cern,0
https://www.thecasinos.com/spain/valladolid/bingo-florida,0
https://www.thecasinos.com/spain/valladolid/bingo-valladolid,0
https://www.thecasinos.com/spain/madrid/toka-game-room-mejorada-mayor,0
https://www.thecasinos.com/spain/valencia/toka-game-room-aldaya-coladors,0
https://www.thecasinos.com/spain/almeria/toka-game-room-almera-nico-iii,0
https://www.thecasinos.com/spain/lleida/toka-game-room-lleida-vic,0
https://www.thecasinos.com/colombia/bogota/casino-broadway-bogot-172,0
https://www.thecasinos.com/united-states/black-hawk/ameristar-casino-resort,0
https://www.thecasinos.com/united-states/black-hawk/bull-durham-casino,0
https://www.thecasinos.com/united-states/black-hawk/black-hawk-station,0
https://www.thecasinos.com/united-states/cape-canaveral/victory-casino-cruises,0
https://www.thecasinos.com/argentina/posadas/casino-club-posadas,0
https://www.thecasinos.com/philippines/albay/casino-filipino-misibis,0
https://www.thecasinos.com/romania/brasov/baum-games---brasov-bulevardul-grivitei,0
https://www.thecasinos.com/japan/nagasaki/nagasaki-casino,0
https://www.thecasinos.com/australia/mooloolaba/pub-mooloolaba,0
https://www.thecasinos.com/australia/nudgee/nudgee-beach-hotel,0
https://www.thecasinos.com/australia/albion/breakfast-creek-hotel,0
https://www.thecasinos.com/costa-rica/puntarenas/barcel-amapola--jazz-casino,0
https://www.thecasinos.com/spain/palencia/superflas-palencia,0
https://www.thecasinos.com/australia/wynnum-west/wynnum-tavern,0
https://www.thecasinos.com/spain/burgos/toka-game-room-burgos-reyes,0
https://www.thecasinos.com/spain/sevilla/toka-game-room-los-palacios-av-sevilla,0
https://www.thecasinos.com/spain/burgos/toka-game-room-santa-clara,0
https://www.thecasinos.com/spain/valencia/el-dorado--aldaya,0
https://www.thecasinos.com/united-states/atmore/wind-creek-atmore-casino--hotel,0
https://www.thecasinos.com/united-states/birmingham/birmingham-race-course,0
https://www.thecasinos.com/argentina/federacion/casino-federacin,0
https://www.thecasinos.com/united-states/theodore/mobile-greyhound-park,0
https://www.thecasinos.com/peru/iquitos/el-dorado-slots,0
https://www.thecasinos.com/united-states/chandler/gila-river-casinos---wild-horse-pass-hotel--casino,0
https://www.thecasinos.com/united-states/chandler/gila-river-casinos---lone-butte,0
https://www.thecasinos.com/united-states/maricopa/harrahs-phoenix-ak-chin-casino-resort,0
https://www.thecasinos.com/united-states/mohave-valley/spirit-mountain-casino,0
https://www.thecasinos.com/united-states/parker/blue-water-resort-and-casino,0
https://www.thecasinos.com/united-states/pinetop/hon-dah-resort-casino,0
https://www.thecasinos.com/united-states/cripple-creek/bronco-billys-casino,0
https://www.thecasinos.com/united-states/colusa/colusa-casino-resort,0
https://www.thecasinos.com/united-states/santa-ynez/chumash-casino-resort,0
https://www.thecasinos.com/panama/colon/hotel-washington-colon--crown-casino,0
https://www.thecasinos.com/dominican-republic/santo-domingo/casino-lina,0
https://www.thecasinos.com/slovakia/nove-zamky/rio-club-nov-zmky---sportsbar,0
https://www.thecasinos.com/czech-republic/chomutov/star-casino-otvice,0
https://www.thecasinos.com/united-states/saint-petersburg/derby-lane-racetrack--poker,0
https://www.thecasinos.com/united-states/aurora/hollywood-casino-aurora,0
https://www.thecasinos.com/united-states/harvey/boomtown-casino-new-orleans,0
https://www.thecasinos.com/united-states/shreveport/sams-town-hotel--casino-shreveport,0
https://www.thecasinos.com/united-states/duluth/fond-du-luth-casino,0
https://www.thecasinos.com/united-states/lula/isle-of-capri-casino-hotel-lula,0
https://www.thecasinos.com/united-states/las-vegas/excalibur-resort-casino,0
https://www.thecasinos.com/united-states/las-vegas/fremont-hotel--casino,0
https://www.thecasinos.com/united-states/las-vegas/max-casino-at-westin,0
https://www.thecasinos.com/united-states/bossier-city/boomtown-casino-hotel-bossier-city,0
https://www.thecasinos.com/czech-republic/strazny/imperial-casino-strazny,0
https://www.thecasinos.com/czech-republic/prague/casino-sportgames-oc-opatovsk,0
https://www.thecasinos.com/slovakia/dunajska-streda/monaco-dunajsk-streda,0
https://www.thecasinos.com/slovakia/piestany/rio-club-pieany---vegas-games,0
https://www.thecasinos.com/romania/brasov/million-casino-braov,0
https://www.thecasinos.com/united-states/elmont/belmont-park-racetrack,0
https://www.thecasinos.com/united-states/batavia/batavia-downs-gaming,0
https://www.thecasinos.com/united-states/beggs/creek-nation-casino---duck-creek,0
https://www.thecasinos.com/united-states/bristow/creek-nation-casino---bristow,0
https://www.thecasinos.com/united-states/shawnee/grand-casino-hotel--resort,0
https://www.thecasinos.com/united-states/shawnee/the-black-hawk-casino,0
https://www.thecasinos.com/argentina/rio-ceballos/howard-johnson-hotel-and-casino,0
https://www.thecasinos.com/united-states/houston/sam-houston-race-park,0
https://www.thecasinos.com/united-states/selma/retama-park,0
https://www.thecasinos.com/united-states/rochester/lucky-eagle-casino--hotel,0
https://www.thecasinos.com/united-states/baraboo/ho-chunk-gaming-wisconsin-dells,0
https://www.thecasinos.com/belgium/mons/golden-palace-hornu,0
https://www.thecasinos.com/belgium/la-louviere/golden-palace-houdeng-goegnies,0
https://www.thecasinos.com/belgium/grobbendonk/circus-casino-grobbendonk,0
https://www.thecasinos.com/denmark/copenhagen/casino-house--frederiksborgvej,0
https://www.thecasinos.com/denmark/copenhagen/casino-house--borgbjergsvej,0
https://www.thecasinos.com/denmark/copenhagen/casino-house--mozartsvej,0
https://www.thecasinos.com/denmark/copenhagen/casino-house---sallingvej,0
https://www.thecasinos.com/canada/kelowna/playtime-casino-kelowna,0
https://www.thecasinos.com/argentina/posadas/casino-club-centenario,0
https://www.thecasinos.com/curacao/willemstad/hilton-curacao-casino,0
https://www.thecasinos.com/curacao/willemstad/carnaval-casino-at-renaissance-resort-curaao,0
https://www.thecasinos.com/curacao/willemstad/san-marco-casino--hotel,0
https://www.thecasinos.com/united-states/chandler/santan-mountain-casino,0
https://www.thecasinos.com/denmark/copenhagen/casino-house---tagensvej,0
https://www.thecasinos.com/argentina/san-luis/casino-tropicana-candelaria,0
https://www.thecasinos.com/australia/prospect-vale/olde-tudor-hotel,0
https://www.thecasinos.com/australia/lauderdale/foreshore-hotel,0
https://www.thecasinos.com/australia/claremont/claremont-hotel,0
https://www.thecasinos.com/australia/launceston/hotel-tasmania,0
https://www.thecasinos.com/australia/devonport/devonport-rsl,0
https://www.thecasinos.com/australia/dover/dover-rsl-club,0
https://www.thecasinos.com/australia/campbelltown/campbell-town-hotel-motel,0
https://www.thecasinos.com/united-states/tucson/pascua-yaqui-tuscon-casino,0
https://www.thecasinos.com/colombia/ibague/casino-verano-arkacentro,0
https://www.thecasinos.com/australia/alderley/alderley-arms-hotel,0
https://www.thecasinos.com/australia/southport/anglers-arms-hotel,0
https://www.thecasinos.com/united-states/new-york/aqueduct-racetrack,0
https://www.thecasinos.com/united-states/mcalester/choctaw-casino---mcalester,0
https://www.thecasinos.com/switzerland/montana/casino-partouche-crans-montana,0
https://www.thecasinos.com/serbia/belgrade/casino-fairplay-at-hotel-kasina,0
https://www.thecasinos.com/panama/san-miguelito/fantastic-casino-gran-estacion,0
https://www.thecasinos.com/uruguay/chuy/casinos-del-estado-sala-chuy,0
https://www.thecasinos.com/senegal/dakar/casino-du-port-dakar,0
https://www.thecasinos.com/switzerland/pfaffikon/swiss-casinos-pfaffikon-zurichsee,0
https://www.thecasinos.com/puerto-rico/caguas/caguas-real-hotel--casino,0
https://www.thecasinos.com/puerto-rico/san-juan/ritz-carlton-san-juan-hotel--casino,0
https://www.thecasinos.com/united-kingdom/birmingham/broadway-casino,0
https://www.thecasinos.com/spain/sevilla/toka-game-room-brenes-fernandez,0
https://www.thecasinos.com/spain/caceres/toka-game-room-cceres,0
https://www.thecasinos.com/spain/tarragona/toka-game-room-calafell-vilamar,0
https://www.thecasinos.com/spain/huelva/toka-game-room-huelva-bacarr,0
https://www.thecasinos.com/czech-republic/prague/star-casino-praha-9,0
https://www.thecasinos.com/peru/lima/casino-jokers,0
https://www.thecasinos.com/czech-republic/horni-jiretin/herna-zrcadlo,0
https://www.thecasinos.com/slovakia/zilina/eurogold-game-club--ilina,0
https://www.thecasinos.com/slovakia/tornala/club--bar-ag-play-tornaa,0
https://www.thecasinos.com/romania/calarasi/clrai-1-admiral-club,0
https://www.thecasinos.com/romania/braila/million-casino-brila,0
https://www.thecasinos.com/spain/sevilla/toka-game-room-montequinto,0
https://www.thecasinos.com/spain/granada/toka-game-room-ogjares-soria,0
https://www.thecasinos.com/spain/palencia/toka-game-room-palencia-bravo,0
https://www.thecasinos.com/spain/palencia/toka-game-room-palencia-coln,0
https://www.thecasinos.com/spain/palencia/toka-game-room-palencia-paris,0
https://www.thecasinos.com/spain/madrid/toka-game-room-paracuellos-santa-ana,0
https://www.thecasinos.com/spain/valencia/toka-game-room-tavernes-grau,0
https://www.thecasinos.com/bulgaria/sofia/sofia-hotel-balkan,0
https://www.thecasinos.com/canada/st-albert/century-casino-st-albert,0
https://www.thecasinos.com/macau/macau/pharaohs-casino-at-landmark,0
https://www.thecasinos.com/macau/macau/casino-kam-pek-paradise,0
https://www.thecasinos.com/macau/macau/casa-real-casino,0
https://www.thecasinos.com/macau/macau/diamond-casino-at-holiday-inn,0
https://www.thecasinos.com/philippines/binangonan/thunderbird-resorts--casinos---rizal,0
https://www.thecasinos.com/australia/melbourne/crown-casino-and-entertainment-complex,0
https://www.thecasinos.com/south-africa/caledon/caledon-hotel-spa-casino--entertainment,0
https://www.thecasinos.com/jamaica/montego-bay/b-games--bar,0
https://www.thecasinos.com/uruguay/durazno/sala-durazno,0
https://www.thecasinos.com/united-states/geyserville/dry-creek-rancheria-project,0
https://www.thecasinos.com/australia/salisbury/stockade-tavern,0
https://www.thecasinos.com/spain/baena/toka-game-room-baena,0
https://www.thecasinos.com/spain/zaragoza/el-dorado--moratalaz,0
https://www.thecasinos.com/spain/zaragoza/el-dorado--oca,0
https://www.thecasinos.com/spain/zaragoza/el-dorado--parla,0
https://www.thecasinos.com/uruguay/fray-bentos/sala-de-fray-bentos,0
https://www.thecasinos.com/united-states/coweta/creek-nation-travel-plaza--casino-coweta,0
https://www.thecasinos.com/portugal/estoril/casino-estoril,0
https://www.thecasinos.com/south-korea/jeju/jeju-oriental-hotel-casino,0
https://www.thecasinos.com/south-korea/jeju/paradise-casino-jeju-grand,0
https://www.thecasinos.com/tanzania/arusha/safari-casino-at-the-arusha-hotel,0
https://www.thecasinos.com/aruba/oranjestad/trop-club--casino-at-tropicana-resort,0
https://www.thecasinos.com/costa-rica/san-jose/casino-europa,0
https://www.thecasinos.com/united-states/milford/winners-milford,0
https://www.thecasinos.com/united-states/allentown/the-downs-at-lehigh-valley-otw,0
https://www.thecasinos.com/united-states/new-castle/the-meadows-new-castle-otb,0
https://www.thecasinos.com/macau/cotai/studio-city-casino-macau,0
https://www.thecasinos.com/bulgaria/nesebur/crystal-crown-casino,0
https://www.thecasinos.com/united-states/laramie/sushi-boat-laramie-otb,0
https://www.thecasinos.com/united-states/columbus/b33-bingo,0
https://www.thecasinos.com/philippines/cavite-city/casino-filipino-san-lazaro,0
https://www.thecasinos.com/philippines/laguna/casino-filipino-sta-rosa,0
https://www.thecasinos.com/costa-rica/san-jose/casino-tropical,0
https://www.thecasinos.com/united-states/schenectady/rivers-casino--resort-schenectady,0
https://www.thecasinos.com/vietnam/hanoi/winners-club-at-hanoi-hotel,0
https://www.thecasinos.com/vietnam/hanoi/wins-club-at-mvenpick-hotel-hanoi,0
https://www.thecasinos.com/united-states/saratoga-springs/saratoga-race-course,0
https://www.thecasinos.com/united-states/sioux-city/hard-rock-hotel--casino-sioux-city,0
https://www.thecasinos.com/united-states/malad-city/oneida-county-fair-horse-racing,0
https://www.thecasinos.com/united-states/martin/east-wind-casino,0
https://www.thecasinos.com/united-states/everett/royal-casino-everett,0
https://www.thecasinos.com/australia/george-town/the-pier-hotel,0
https://www.thecasinos.com/united-states/mountlake-terrace/red-dragon-casino-mountlake,0
https://www.thecasinos.com/united-states/marysville/marysville-casino,0
https://www.thecasinos.com/united-states/lakewood/great-american-casino---lakewood,0
https://www.thecasinos.com/india/panjim/deltin-royale-casino,0
https://www.thecasinos.com/united-states/glendale/desert-diamond-casino---west-valley,0
https://www.thecasinos.com/australia/sydney/crown-sydney,0
https://www.thecasinos.com/united-states/poplar/buffalo-rivers-casino--lodge,0
https://www.thecasinos.com/germany/berlin/spielbank-berlin-casino,0
https://www.thecasinos.com/united-kingdom/cardiff/grosvenor-g-casino-cardiff,0
https://www.thecasinos.com/kenya/nairobi/jokers-wild-casino,0
https://www.thecasinos.com/kenya/nairobi/captains-club-casino,0
https://www.thecasinos.com/india/dona-paula/chances-resort--casino---goa,0
https://www.thecasinos.com/vietnam/chu-lai/hoiana,0
https://www.thecasinos.com/south-africa/pretoria/time-square-casino-menlyn-maine,0
https://www.thecasinos.com/argentina/buenos-aires/solaire-de-argentina,0
https://www.thecasinos.com/curacao/willemstad/hill-ross-casino-at-trupial-inn-hotel,0
https://www.thecasinos.com/barbados/christ-church/lucky-horseshoe-saloon-warrens,0
https://www.thecasinos.com/germany/travemunde/spielbank-lbeck,0
https://www.thecasinos.com/spain/illescas/gran-casino-de-la-mancha,0
https://www.thecasinos.com/canada/north-battleford/gold-eagle-casino,0
https://www.thecasinos.com/canada/sydney/casino-nova-scotia---sydney,0
https://www.thecasinos.com/mexico/mexicali/caliente-casino-centro-civico,0
https://www.thecasinos.com/latvia/riga/olympic-casino-dombrovska,0
https://www.thecasinos.com/puerto-rico/ponce/aloft-ponce-casino,0
https://www.thecasinos.com/australia/penguin/the-neptune-grand-hotel,0
https://www.thecasinos.com/canada/red-deer/cash-casino---red-deer,0
https://www.thecasinos.com/suriname/paramaribo/torarica-hotel-and-casino,0
https://www.thecasinos.com/switzerland/bad-ragaz/casino-bad-ragaz,0
https://www.thecasinos.com/antigua-and-barbuda/saint-johns/asots-arcade-jackpot-casino-slots,0
https://www.thecasinos.com/switzerland/stgallen/swiss-casino-st-gallen-at-radisson-blu,0
https://www.thecasinos.com/canada/edmonton/casino-yellowhead-pure-connect,0
https://www.thecasinos.com/united-kingdom/london/maxims-casino,0
https://www.thecasinos.com/mexico/villahermosa/yak-casino-europlaza-cinpolis,0
https://www.thecasinos.com/united-states/chicago/rivers-casino-chicago,0
https://www.thecasinos.com/united-states/elko/dottys-37,0
https://www.thecasinos.com/latvia/ludza/joker-casino-ludza,0
https://www.thecasinos.com/australia/lindisfarne/beltana-hotel,0
https://www.thecasinos.com/united-states/nashua/lucky-moose-casino--tavern,0
https://www.thecasinos.com/canada/red-deer/red-deer-resort--casino,0
https://www.thecasinos.com/united-states/hartford/xl-center-sports-bar--sportsbook,0
https://www.thecasinos.com/panama/aguadulce/fantastic-casino-aguadulce,0
https://www.thecasinos.com/canada/halifax/casino-nova-scotia-halifax,0
https://www.thecasinos.com/canada/niagara-falls/fallsview-casino-resort,0
https://www.thecasinos.com/uruguay/punta-del-este/conrad-resort--casino-punta-del-este,0
https://www.thecasinos.com/slovenia/nova-gorica/park-casino-and-hit-hotel,0
https://www.thecasinos.com/montenegro/sveti-stefan/maestral-resort-and-casino,0
https://www.thecasinos.com/switzerland/interlaken/casino-interlaken-at-congress-center-kursaal,0
https://www.thecasinos.com/united-states/portland/portland-meadows,0
https://www.thecasinos.com/canada/grande-prairie/pines-restaurant-and-casino-at-evergreen-park,0
https://www.thecasinos.com/uruguay/rocha/sala-rocha,0
https://www.thecasinos.com/uruguay/paysandu/sala-paysand,0
https://www.thecasinos.com/uruguay/rivera/casinos-del-estados-sala-sarandi,0
https://www.thecasinos.com/zambia/lusaka/the-great-wall-casino,0
https://www.thecasinos.com/canada/millarville/millarville-race-track,0
https://www.thecasinos.com/senegal/dakar/casino-du-cap-vert-airport-hotel,0
https://www.thecasinos.com/colombia/medellin/casino-havana-medelln---carrera,0
https://www.thecasinos.com/argentina/bernardo-de-irigoyen/casinos-del-mocana-bernardo-de-irigoyen,0
https://www.thecasinos.com/austria/velden-am-worthersee/casino-velden,0
https://www.thecasinos.com/austria/linz/concord-card-casino-linz,0
https://www.thecasinos.com/austria/seefeld/casino-seefeld,0
https://www.thecasinos.com/argentina/bella-vista/casinos-del-litoral-bella-vista,0
https://www.thecasinos.com/portugal/monte-gordo/casino-monte-gordo,0
https://www.thecasinos.com/austria/salzburg/casino-salzburg,0
https://www.thecasinos.com/austria/linz/casino-linz,0
https://www.thecasinos.com/austria/reizlern/casino-kleinwalsertal,0
https://www.thecasinos.com/austria/kitzbuhel/casino-kitzbhel,0
https://www.thecasinos.com/austria/innsbruck/casino-innsbruck,0
https://www.thecasinos.com/panama/panama-city/fantastic-casino-at-hotel-caribe,0
https://www.thecasinos.com/canada/winnipeg/assiniboia-downs-gaming-and-event-center,0
https://www.thecasinos.com/spain/madrid/casino-gran-madrid-torrelodones,0
https://www.thecasinos.com/uruguay/punta-del-este/lake-merin-casino,0
https://www.thecasinos.com/spain/san-sebastian/casino-kursaal-san-sebastian,0
https://www.thecasinos.com/austria/graz/casino-graz,0
https://www.thecasinos.com/argentina/comodoro-rivadavia/casino-club-comodoro-rivadavia,0
https://www.thecasinos.com/argentina/buenos-aires/hipdromo-argentino-de-palermo,0
https://www.thecasinos.com/argentina/neuquen/casino-magic---neuguen,0
https://www.thecasinos.com/argentina/concordia/casino-concordia,0
https://www.thecasinos.com/argentina/corrientes/casinos-del-litoral---corrientes,0
https://www.thecasinos.com/argentina/goya/casinos-del-litoral---goya,0
https://www.thecasinos.com/argentina/esquina/casinos-del-litoral---esquina,0
https://www.thecasinos.com/argentina/mendoza/regency-casino-mendoza,0
https://www.thecasinos.com/austria/baden/casino-baden-austria,0
https://www.thecasinos.com/argentina/parana/howard-johnson-plaza-resort--casino-mayorazgo,0
https://www.thecasinos.com/austria/bregenz/casino-bregenz,0
https://www.thecasinos.com/canada/milton/mohawk-race-track,0
https://www.thecasinos.com/argentina/comodoro-rivadavia/casino-club-rivadavia,0
https://www.thecasinos.com/argentina/comodoro-rivadavia/casino-club-kennedy,0
https://www.thecasinos.com/canada/dawson-city/diamond-tooth-gerties-gambling-hall,0
https://www.thecasinos.com/swaziland/piggs-peak/piggs-peak-hotel-and-casino,0
https://www.thecasinos.com/argentina/caleta-olivia/casino-club-caleta-olivia,0
https://www.thecasinos.com/argentina/pinamar/hotel-del-bosque-pinamar,0
https://www.thecasinos.com/argentina/posadas/casino-club-centro,0
https://www.thecasinos.com/argentina/posadas/casino-club-rotonda,0
https://www.thecasinos.com/argentina/posadas/casino-club-term-de-omnibus,0
https://www.thecasinos.com/argentina/posadas/casino-club-villa-cabello,0
https://www.thecasinos.com/nigeria/ikeja/aristocrat-casino,0
https://www.thecasinos.com/panama/panama-city/continental-hotel--casino-panama,0
https://www.thecasinos.com/canada/niagara-falls/casino-niagra,0
https://www.thecasinos.com/united-states/carson-city/slot-world-casino,0
https://www.thecasinos.com/argentina/malargue/hotel-piscis-and-casino,0
https://www.thecasinos.com/argentina/monte-hermoso/complejo-casino-monte-hermoso,0
https://www.thecasinos.com/argentina/la-plata/hipdromo-de-la-plata,0
https://www.thecasinos.com/argentina/mar-del-plata/casino-central-mar-del-plata,0
https://www.thecasinos.com/argentina/miramar/casino-de-miramar,0
https://www.thecasinos.com/argentina/misiones/casino-iguazu,0
https://www.thecasinos.com/zambia/livingstone/new-fairmount-hotel--casino,0
https://www.thecasinos.com/colombia/manizales/casino-havana-manizales,0
https://www.thecasinos.com/argentina/san-miguel-de-tucuman/casino-de-tucuman,0
https://www.thecasinos.com/aruba/oranjestad/alhambra-casino-and-shops,0
https://www.thecasinos.com/united-states/kingston/texoma-gaming-center,0
https://www.thecasinos.com/united-states/lame-deer/charging-horse-casino--bingo,0
https://www.thecasinos.com/united-states/lac-du-flambeau/lake-of-the-torches-resort-casino,0
https://www.thecasinos.com/benin/cotonou/benin-marina-casino-hotel,0
https://www.thecasinos.com/cambodia/paoy-pet/tropicana-resort-and-casino-poi-pet,0
https://www.thecasinos.com/argentina/resistencia/amerian-hotel-casino-gala,0
https://www.thecasinos.com/argentina/san-carlos-de-bariloche/casino-de-bariloche,0
https://www.thecasinos.com/canada/calgary/casino-calgary-pure-connect,0
https://www.thecasinos.com/united-kingdom/london/napoleons-casino--restaurant---london,0
https://www.thecasinos.com/canada/hanover/hanover-raceway,0
https://www.thecasinos.com/canada/penticton/penticton-lakeside-resort-and-casino,0
https://www.thecasinos.com/argentina/puerto-madryn/casino-puerto-madryn---zona-norte,0
https://www.thecasinos.com/argentina/puerto-madryn/casino-puerto-madryn---zona-centro,0
https://www.thecasinos.com/costa-rica/playas-del-coco/flor-de-itabo-hotel-and-casino,0
https://www.thecasinos.com/macau/taipa/casino-taipa,0
https://www.thecasinos.com/united-kingdom/wolverhampton/genting-casino-wolverhampton,0
https://www.thecasinos.com/united-kingdom/london/grosvenor-casino-golden-horseshoe,0
https://www.thecasinos.com/united-states/santa-fe/kicks-66,0
https://www.thecasinos.com/united-kingdom/london/crown-aspinalls-london,0
https://www.thecasinos.com/united-kingdom/bristol/grosvenor-casino-bristol,0
https://www.thecasinos.com/united-kingdom/london/grosvenor-casino-russel-square,0
https://www.thecasinos.com/united-kingdom/london/grosvenor-casino-st-giles,0
https://www.thecasinos.com/slovenia/nova-gorica/hotel-casino-perla,0
https://www.thecasinos.com/slovenia/grosuplje/kongo-hotel-and-casino,0
https://www.thecasinos.com/germany/kriftel/storm-casino-kriftel,0
https://www.thecasinos.com/canada/montreal/casino-montreal,0
https://www.thecasinos.com/peru/lima/delfines-hotel-and-casino,0
https://www.thecasinos.com/jamaica/kingston/monte-carlo-gaming-lounge-at-the-terra-nova,0
https://www.thecasinos.com/bulgaria/sofia/hemus-hotel-and-casino,0
https://www.thecasinos.com/united-states/santa-fe/cities-of-gold,0
https://www.thecasinos.com/united-states/jackpot/bartons-club-93-casino,0
https://www.thecasinos.com/united-states/jackpot/four-jacks-hotel--casino,0
https://www.thecasinos.com/greece/acharnes/regency-casino-mont-parnes,0
https://www.thecasinos.com/australia/penrith/panthers-penrith,0
https://www.thecasinos.com/cyprus/kyrenia/dome-casino,0
https://www.thecasinos.com/cyprus/kyrenia/grand-rock-casino,0
https://www.thecasinos.com/argentina/san-vicente/casinos-del-mocon--san-vicente,0
https://www.thecasinos.com/united-states/laughlin/edgewater-hotel-casino-and-resort,0
https://www.thecasinos.com/united-states/san-rafael/petes-881-club,0
https://www.thecasinos.com/united-states/miami/stables-casino,0
https://www.thecasinos.com/cameroon/yaounde/hilton-hotel-yaounde-casino,0
https://www.thecasinos.com/united-states/wyandotte/lucky-turtle-casino,0
https://www.thecasinos.com/netherlands/den-haag/hommerson-casinos-palace-promenade,0
https://www.thecasinos.com/slovenia/kranjska-gora/korona-hotel-and-casino,0
https://www.thecasinos.com/united-states/wyandotte/eastern-shawnee-travel-center,0
https://www.thecasinos.com/south-korea/incheon/diamond-city,0
https://www.thecasinos.com/bulgaria/varna/international-hotel-casino-and-tower-suites,0
https://www.thecasinos.com/canada/ajax/casino-ajax,0
https://www.thecasinos.com/argentina/villa-rada-tilly/casino-club-rada-tilly,0
https://www.thecasinos.com/austria/vienna/concord-card-casino---simmering,0
https://www.thecasinos.com/colombia/armenia/casino-havana-armenia,0
https://www.thecasinos.com/chile/pucon/enjoy-pucon-resort--casino,0
https://www.thecasinos.com/sint-maarten/cole-bay/hollywood-casino-at-simpson-bay-resort,0
https://www.thecasinos.com/united-states/seminole/seminole-nation-casino,0
https://www.thecasinos.com/united-states/williston/williston-brewing-company,0
https://www.thecasinos.com/canada/thunder-bay/gateway-casinos-thunder-bay,0
https://www.thecasinos.com/canada/gananoque/shorelines-casino-thousand-islands,0
https://www.thecasinos.com/united-states/wolf-point/dads-bar-and-grill,0
https://www.thecasinos.com/canada/winnipeg/mcphillips-station-casino,0
https://www.thecasinos.com/cyprus/famagusta/salamis-bay-conti,0
https://www.thecasinos.com/canada/regina/casino-regina,0
https://www.thecasinos.com/cyprus/kyrenia/casino-liman,0
https://www.thecasinos.com/united-states/white-cloud/casino-white-cloud,0
https://www.thecasinos.com/united-states/west-wendover/montego-bay,0
https://www.thecasinos.com/cyprus/nicosia/nicosia-racecourse,0
https://www.thecasinos.com/belize/ambergris-caye/the-palace-casino,0
https://www.thecasinos.com/united-states/west-wendover/rainbow-hotel-and-casino,0
https://www.thecasinos.com/united-states/west-wendover/peppermill,0
https://www.thecasinos.com/vanuatu/port-vila/palms-casino-at-holiday-inn-resort-vanuatu,0
https://www.thecasinos.com/argentina/san-martin-de-los-andes/casino-magic-hotel-and-casino-san-martin-de-los-andes,0
https://www.thecasinos.com/portugal/quarteira/casino-vilamoura,0
https://www.thecasinos.com/morocco/agadir/casino-le-mirage,0
https://www.thecasinos.com/netherlands/amsterdam/merkur-casino-amsterdam,0
https://www.thecasinos.com/canada/woodstock/olg-slots-at-woodstock-raceway,0
https://www.thecasinos.com/canada/sault-ste-marie/gateway-casinos-sault-ste-marie,0
https://www.thecasinos.com/netherlands/den-haag/holland-casino-scheveningen,0
https://www.thecasinos.com/netherlands/breda/holland-casino-breda,0
https://www.thecasinos.com/netherlands/amsterdam/holland-casino-amsterdam,0
https://www.thecasinos.com/canada/innisfil/georgian-downs,0
https://www.thecasinos.com/united-states/sault-ste-marie/kewadin-casino---sault-ste-marie,0
https://www.thecasinos.com/canada/la-malbaie/casino-de-charlevoix,0
https://www.thecasinos.com/canada/port-perry/great-blue-heron-casino,0
https://www.thecasinos.com/netherlands/rotterdam/holland-casino-rotterdam,0
https://www.thecasinos.com/chile/puerto-varas/dreams-hotel-casino-spa---puerto-varas,0
https://www.thecasinos.com/netherlands/eindhoven/holland-casino-eindhoven,0
https://www.thecasinos.com/portugal/espinho/casino-espinho,0
https://www.thecasinos.com/united-kingdom/liverpool/grosvenor-casino-liverpool,0
https://www.thecasinos.com/ghana/accra/millionaires-club-at-golden-tulip-hotel,0
https://www.thecasinos.com/canada/kenora/golden-eagle-charitable-casino--entertainment-centre,0
https://www.thecasinos.com/finland/helsinki/casino-helsinki,0
https://www.thecasinos.com/netherlands/groningen/holland-casino-groningen,0
https://www.thecasinos.com/netherlands/venlo/holland-casino-venlo,0
https://www.thecasinos.com/netherlands/nijmegen/holland-casino-nijmegen,0
https://www.thecasinos.com/netherlands/den-helder/flamingo-casino-at-den-helder,0
https://www.thecasinos.com/netherlands/egmond-aan-zee/flamingo-casino-at-egmond-aan-zee,0
https://www.thecasinos.com/netherlands/beverwijk/flamingo-casino-beverwijk,0
https://www.thecasinos.com/netherlands/den-haag/hommerson-casinos-scheveningen---palacestraat,0
https://www.thecasinos.com/netherlands/tegelen/flamingo-casino-tegelen,0
https://www.thecasinos.com/netherlands/den-haag/hommerson-casinos-spuimarkt-den-haag,0
https://www.thecasinos.com/netherlands/den-haag/hommerson-casinos-scheveningen---boulevard,0
https://www.thecasinos.com/ireland/dundalk/emerald-casino---dundalk,0
https://www.thecasinos.com/ireland/dublin/emerald-casino---clondalkin-qs,0
https://www.thecasinos.com/chile/santiago/hipdromo-chile,0
https://www.thecasinos.com/mauritius/curepipe/casino-de-maurice,0
https://www.thecasinos.com/mauritius/port-louis/champ-de-mars-raceway,0
https://www.thecasinos.com/chile/coquimbo/enjoy-coquimbo-bay-hotel-and-casino,0
https://www.thecasinos.com/croatia/zagreb/casino-international,0
https://www.thecasinos.com/united-kingdom/leeds/napoleons-casino--restaurant---leeds,0
https://www.thecasinos.com/czech-republic/pardubice/paradubice-racecourse,0
https://www.thecasinos.com/united-states/west-siloam-springs/cherokee-casino---west-siloam-springs,0
https://www.thecasinos.com/united-states/searchlight/searchlight-nugget-casino,0
https://www.thecasinos.com/united-states/searchlight/terribles-casino---searchlight,0
https://www.thecasinos.com/united-states/elko/elko-county-fairgrounds,0
https://www.thecasinos.com/chile/vina-del-mar/valparaso-sporting-club,0
https://www.thecasinos.com/netherlands/groningen/jacks-casino---groningen,0
https://www.thecasinos.com/united-states/minden/carson-valley-inn-casino,0
https://www.thecasinos.com/czech-republic/prague/casino-admiral-bohemia,0
https://www.thecasinos.com/macedonia/bitola/le-grand-casino---hotel-epinal,0
https://www.thecasinos.com/united-arab-emirates/dubai/jebel-ali-racecourse,0
https://www.thecasinos.com/spain/murcia/gran-casino-murcia,0
https://www.thecasinos.com/canada/lethbridge/casino-lethbridge,0
https://www.thecasinos.com/argentina/rio-ceballos/casino-rio-ceballos,0
https://www.thecasinos.com/denmark/copenhagen/casino-copenhagen,0
https://www.thecasinos.com/denmark/aalborg/casino-aalborg,0
https://www.thecasinos.com/costa-rica/quepos/best-western-kamuk-hotel--casino,0
https://www.thecasinos.com/united-states/santa-fe/buffalo-thunder-casino-at-hilton-sante-fe,0
https://www.thecasinos.com/luxembourg/mondorf-les-bains/casino-2000-luxemburg,0
https://www.thecasinos.com/lesotho/maseru/avani-lesotho-hotel--casino,0
https://www.thecasinos.com/ireland/dublin/emerald-casino---eden-quay,0
https://www.thecasinos.com/chile/santiago/club-hpico-santiago-de-chile,0
https://www.thecasinos.com/namibia/swakopmund/mermaid-casino,0
https://www.thecasinos.com/united-states/las-vegas/dottys-casino---arroyo-crossing,0
https://www.thecasinos.com/ireland/dublin/colossus-casino-club,0
https://www.thecasinos.com/croatia/opatija/casino-adriatic-opatija,0
https://www.thecasinos.com/france/pau/casino-de-pau,0
https://www.thecasinos.com/new-zealand/queenstown/skycity-queenstown-casino,0
https://www.thecasinos.com/dominican-republic/santo-domingo/renaissance-santo-domingo-jaragua-hotel--casino,0
https://www.thecasinos.com/haiti/port-au-prince/nh-haiti-el-rancho-hotel--casino,0
https://www.thecasinos.com/united-states/tama/meskwaki-bingo-casino-hotel,0
https://www.thecasinos.com/netherlands-antilles/maho-bay/sonesta-maho-beach-resort-casino,0
https://www.thecasinos.com/france/arzon/casino-joa-darzon,0
https://www.thecasinos.com/romania/bucharest/casino-at-jw-marriott-bucharest-grand-hotel,0
https://www.thecasinos.com/france/gruissan/hotel-du-casino-le-phoebus,0
https://www.thecasinos.com/dominican-republic/santiago-de-los-caballeros/hodelpa-gran-almirante-hotel--casino,0
https://www.thecasinos.com/dominican-republic/punta-cana/casino-bavaro-at-barcel-bvaro-grand-resort,0
https://www.thecasinos.com/costa-rica/liberia/best-western-el-sitio-hotel--casino,0
https://www.thecasinos.com/hungary/budapest/las-vegas-casino-atlantis,0
https://www.thecasinos.com/malawi/lilongwe/casino-marina-at-golden-peacock-hotel,0
https://www.thecasinos.com/united-kingdom/newcastle-upon-tyne/grosvenor-casino-newcastle---upon-tyne,0
https://www.thecasinos.com/united-kingdom/brighton/pier-nine-brighton,0
https://www.thecasinos.com/united-kingdom/blackpool/grosvenor-casino-blackpool,0
https://www.thecasinos.com/united-states/bismarck/best-western-plus-bismarck---nickels-lounge-and-casino,0
https://www.thecasinos.com/united-states/welch/treasure-island-resort-and-casino,0
https://www.thecasinos.com/costa-rica/playa-de-jaco/hotel-cocal-and-casino,0
https://www.thecasinos.com/united-states/williston/super-8-williston-casino,0
https://www.thecasinos.com/united-states/wolf-point/git-n-go-casino,0
https://www.thecasinos.com/united-states/billings/shooters-sports-bar-and-casino,0
https://www.thecasinos.com/united-states/warroad/seven-clans-warroad-casino,0
https://www.thecasinos.com/egypt/cairo/sheraton-cairo-hotel-and-casino,0
https://www.thecasinos.com/united-states/watersmeet/northern-waters-casino-resort,0
https://www.thecasinos.com/croatia/buje/mulino-lux-casino-hotel,0
https://www.thecasinos.com/netherlands/bergen-op-zoom/flamingo-casino---bergen,0
https://www.thecasinos.com/denmark/odense/casino-odense,0
https://www.thecasinos.com/united-states/aberdeen/northeast-area-horse-racing-aberdeen,0
https://www.thecasinos.com/united-states/baker/the-border-inn-casino-and-motel,0
https://www.thecasinos.com/united-states/battle-mountain/broadway-flying-j-travel-plaza---battle-mountain,0
https://www.thecasinos.com/costa-rica/playa-de-tamarindo/tamarindo-diria-beach-resort--casino,0
https://www.thecasinos.com/united-kingdom/lowestoft/merkur-bingo-lowestoft,0
https://www.thecasinos.com/australia/prospect-vale/country-club-tasmania,0
https://www.thecasinos.com/south-korea/seogwipo-si/hyatt-casino-jeju,0
https://www.thecasinos.com/united-states/baltimore/pimlico-race-course,0
https://www.thecasinos.com/united-states/baton-rouge/belle-of-baton-rouge-casino-and-hotel,0
https://www.thecasinos.com/united-states/baton-rouge/the-queen-baton-rouge,0
https://www.thecasinos.com/united-kingdom/dudley/castle-casino-dudley,0
https://www.thecasinos.com/united-kingdom/west-bromwich/shaftesbury-casino,0
https://www.thecasinos.com/equatorial-guinea/bata/casino-joker,0
https://www.thecasinos.com/france/villard-de-lans/casino-de-villard-de-lans,0
https://www.thecasinos.com/united-states/northville/northville-downs,0
https://www.thecasinos.com/united-states/north-las-vegas/bighorn-casino,0
https://www.thecasinos.com/united-states/mount-pleasant/soaring-eagle-casino-and-resort,0
https://www.thecasinos.com/united-states/norman/thunderbird-casino---norman,0
https://www.thecasinos.com/united-states/omaha/horsemens-park,0
https://www.thecasinos.com/united-states/oklahoma-city/remington-park-racino,0
https://www.thecasinos.com/united-states/mesquite/virgin-river-hotel-casino-bingo,0
https://www.thecasinos.com/united-states/onamia/grand-casino-mille-lacs,0
https://www.thecasinos.com/france/nice/casino-ruhl,0
https://www.thecasinos.com/united-states/pahrump/saddle-west-casino,0
https://www.thecasinos.com/united-states/mobridge/grand-river-casino-resort,0
https://www.thecasinos.com/united-states/bozeman/best-western-plus-hotel-and-casino-gran-tree-inn,0
https://www.thecasinos.com/united-states/bismarck/off-broadway-lounge-and-casino-at-the-radisson-bismarck,0
https://www.thecasinos.com/united-states/billings/crystal-lounge-casino,0
https://www.thecasinos.com/united-states/warm-springs/indian-head-casino,0
https://www.thecasinos.com/netherlands/purmerend/flamingo-casino-purmerend,0
https://www.thecasinos.com/france/antibes/casino-joa-la-siesta,0
https://www.thecasinos.com/netherlands/roermond/fair-play-casino---roermond,0
https://www.thecasinos.com/czech-republic/prague/rebuy-stars-casino-savarin-prague,0
https://www.thecasinos.com/france/quiberon/casino-de-quiberon,0
https://www.thecasinos.com/united-states/new-orleans/fair-grounds-race-course,0
https://www.thecasinos.com/netherlands/almere/fair-play-casino---almere-stad,0
https://www.thecasinos.com/united-states/burns/harney-county-fairgrounds-horse-racing,0
https://www.thecasinos.com/united-states/carencro/evangeline-downs-horsetrack-casino-hotel,0
https://www.thecasinos.com/netherlands/beverwijk/lucky-jack-beverwijk,0
https://www.thecasinos.com/united-states/butte/hops-lounge-and-casino-at-best-western-plus-butte,0
https://www.thecasinos.com/united-states/canyonville/seven-feathers-casino-resort,0
https://www.thecasinos.com/united-states/carson-city/crossroads-video-poker-lounge,0
https://www.thecasinos.com/united-states/mesquite/stateline-casino-mesquite,0
https://www.thecasinos.com/united-states/mesquite/casablanca-hotel-casino-golf--spa,0
https://www.thecasinos.com/france/beaulieu-sur-mer/casino-de-beaulieu,0
https://www.thecasinos.com/france/cassis/casino-de-cassis,0
https://www.thecasinos.com/france/bagneres-de-bigorre/casino-de-bagnres-de-bigorre,0
https://www.thecasinos.com/france/ax-les-thermes/casino-joa-dax-les-thermes,0
https://www.thecasinos.com/france/saint-cyprien/casino-joa-de-st-cyprien,0
https://www.thecasinos.com/france/saint-jean-de-luz/casino-joa-de-st-jean-de-luz,0
https://www.thecasinos.com/france/saint-gervais-les-bains/casino-de-saint-gervais,0
https://www.thecasinos.com/france/annecy/limperial-palace-casino,0
https://www.thecasinos.com/france/saint-pair-sur-mer/casino-joa-de-st-pair,0
https://www.thecasinos.com/france/ajaccio/casino-dajaccio,0
https://www.thecasinos.com/france/saint-paul-les-dax/casino-joa-de-st-paul-les-dax,0
https://www.thecasinos.com/france/saint-quay-portrieux/casino-de-saint-quay-portrieux,0
https://www.thecasinos.com/france/yport/casino-dyport,0
https://www.thecasinos.com/france/villers-sur-mer/casino-de-vic-sur-cre,0
https://www.thecasinos.com/united-states/las-vegas/dottys-casino---russell,0
https://www.thecasinos.com/france/vals-les-bains/circus-casino-de-vals-les-bains,0
https://www.thecasinos.com/france/saint-malo/casino-barrire-saint-malo,0
https://www.thecasinos.com/netherlands/amsterdam/lucky-jack--utrechtsestraat,0
https://www.thecasinos.com/france/menton/casino-barrire-de-menton,0
https://www.thecasinos.com/france/saint-galmier/casino-partouche-saint-galmier,0
https://www.thecasinos.com/france/trouville-sur-mer/casino-barrire-de-trouville,0
https://www.thecasinos.com/france/salins-les-bains/casino-de-salins-les-bains,0
https://www.thecasinos.com/united-states/fallon/bonanza-inn--casino,0
https://www.thecasinos.com/france/salies-du-salat/casino-de-salies-du-salat,0
https://www.thecasinos.com/france/sainte-maxime/casino-barrire-sainte-maxime,0
https://www.thecasinos.com/france/salies-de-bearn/casino-de-salies-de-barn,0
https://www.thecasinos.com/france/saint-julien-en-genevois/casino-de-saint-julien-en-genevois,0
https://www.thecasinos.com/moldova/chisinau/casino-at-hotel-jumbo,0
https://www.thecasinos.com/netherlands/amsterdam/lucky-jack--rozengracht,0
https://www.thecasinos.com/netherlands/amsterdam/lucky-jack--reguliersbreestraat,0
https://www.thecasinos.com/namibia/windhoek/avani-windhoek-hotel--casino,0
https://www.thecasinos.com/netherlands/amsterdam/lucky-jack--buikslotermeerplein,0
https://www.thecasinos.com/france/jonzac/casino-jonzac,0
https://www.thecasinos.com/united-states/ely/hotel-nevada--gambling-hall,0
https://www.thecasinos.com/france/hendaye/casino-de-hendaye,0
https://www.thecasinos.com/united-states/elko/stockmens-casino--hotel,0
https://www.thecasinos.com/united-states/ely/copper-queen-casino-at-ramada-inn,0
https://www.thecasinos.com/united-states/fallon/headquarters-bar-and-casino,0
https://www.thecasinos.com/france/houlgate/casino-de-houlgate,0
https://www.thecasinos.com/united-states/ely/prospector-hotel--gambilng-hall,0
https://www.thecasinos.com/france/greoux-les-bains/casino-partouche-groux,0
https://www.thecasinos.com/united-states/ely/jailhouse-casino--motel,0
https://www.thecasinos.com/united-states/gardnerville/topaz-lodge-and-casino,0
https://www.thecasinos.com/france/la-ciotat/casino-partouche-la-ciotat,0
https://www.thecasinos.com/argentina/pirane/sala-de-juegos-pirane-formosa,0
https://www.thecasinos.com/france/boulogne-sur-mer/casino-de-boulogne-sur-mer,0
https://www.thecasinos.com/czech-republic/prague/casino-atrium-at-the-hilton,0
https://www.thecasinos.com/france/chaudes-aigues/casino-de-chaudes-aigues,0
https://www.thecasinos.com/france/lyon/casino-lyon-pharaon,0
https://www.thecasinos.com/france/capbreton/casino-de-capbreton,0
https://www.thecasinos.com/france/cannes/casino-barrire-les-princes,0
https://www.thecasinos.com/united-states/las-vegas/dottys-casino---windmill,0
https://www.thecasinos.com/france/carry-le-rouet/casino-barrire-de-carry-le-rouet,0
https://www.thecasinos.com/france/cavalaire-sur-mer/casino-de-cavalaire,0
https://www.thecasinos.com/france/cayeux-sur-mer/casino-de-cayeux,0
https://www.thecasinos.com/france/chatel-guyon/casino-de-chtel-guyon,0
https://www.thecasinos.com/france/divonne-les-bains/domaine-de-divonne-casino,0
https://www.thecasinos.com/france/dunkerque/casino-de-dunkerque,0
https://www.thecasinos.com/france/fecamp/casino-joa-de-fcamp,0
https://www.thecasinos.com/france/forges-les-eaux/grand-casino-de-forges-les-eaux,0
https://www.thecasinos.com/peru/lima/hello-hollywood-casino,0
https://www.thecasinos.com/panama/panama-city/hotel-city-house-soloy--casino,0
https://www.thecasinos.com/france/fouras/casino-joa-de-fouras,0
https://www.thecasinos.com/nicaragua/masaya/nicaraos-casino,0
https://www.thecasinos.com/france/le-treport/casino-joa-du-trport,0
https://www.thecasinos.com/france/montrond-les-bains/casino-joa-de-montrond,0
https://www.thecasinos.com/france/luc-sur-mer/casino-de-luc-sur-mer,0
https://www.thecasinos.com/united-states/henderson/dottys-casino---marks-st,0
https://www.thecasinos.com/france/neris-les-bains/casino-de-neris-les-bains,0
https://www.thecasinos.com/france/lons-le-saunier/casino-joa-de-lons-le-saunier,0
https://www.thecasinos.com/peru/san-miguel/palacio-real-tiahuanaco,0
https://www.thecasinos.com/united-kingdom/newcastle-upon-tyne/aspers-casino-newcastle,0
https://www.thecasinos.com/france/le-grau-du-roi/flamingo-casino-le-grau-du-roi,0
https://www.thecasinos.com/france/la-tour-de-salvagny/casino-le-lyon-vert,0
https://www.thecasinos.com/netherlands/venray/fair-play-center-pantheon,0
https://www.thecasinos.com/sint-maarten/philipsburg/casino-jump-up,0
https://www.thecasinos.com/france/la-roche-posay/casino-de-la-roche-posay,0
https://www.thecasinos.com/macedonia/skopje/le-grand-casino---holiday-inn-hotel,0
https://www.thecasinos.com/france/la-grande-motte/pasino-de-la-grande-motte,0
https://www.thecasinos.com/macedonia/gevgelija/apollonia-casino--hotel,0
https://www.thecasinos.com/honduras/tegucigalpa/honduras-maya-hotel--casino-real,0
https://www.thecasinos.com/france/mandelieu-la-napoule/casino-joa-cannes-mandelieu,0
https://www.thecasinos.com/france/challes-les-eaux/le-new-castel-casino,0
https://www.thecasinos.com/united-states/butte/grand-plaza-casino,0
https://www.thecasinos.com/netherlands/amsterdam/casino-city---lange-niezel,0
https://www.thecasinos.com/united-states/billings/red-lion-hotel-and-casino-billings,0
https://www.thecasinos.com/netherlands/amsterdam/casino-city---jan-evertsenstraat,0
https://www.thecasinos.com/netherlands/amsterdam/casino-city---oudezijds-achterburgwal,0
https://www.thecasinos.com/netherlands/amsterdam/casino-city---reguliersbreestraat,0
https://www.thecasinos.com/argentina/trelew/casino-club-sa-trelew,0
https://www.thecasinos.com/argentina/buenos-aires/pinamar-park,0
https://www.thecasinos.com/canada/summerside/red-shores-summerside,0
https://www.thecasinos.com/canada/elora/grand-river-raceway,0
https://www.thecasinos.com/canada/truro/truro-raceway,0
https://www.thecasinos.com/canada/dartmouth/dartmouth-sportsplex-super-bingo,0
https://www.thecasinos.com/australia/alice-springs/lasseters-hotel-and-casino-alice-springs,0
https://www.thecasinos.com/canada/saint-john/saint-john-exhibition-park-bingo,0
https://www.thecasinos.com/canada/fredericton/fredericton-raceway,0
https://www.thecasinos.com/canada/charlottetown/red-shores-racetrack--casino-at-charlottetown-driving-park,0
https://www.thecasinos.com/canada/trois-rivieres/hippodrome-trois-rivieres-3r,0
https://www.thecasinos.com/colombia/cali/hollywood-casino-chipichape,0
https://www.thecasinos.com/united-arab-emirates/abu-dhabi/al-alin-racecourse,0
https://www.thecasinos.com/united-kingdom/sheffield/owlerton-stadium-greyhound-racing,0
https://www.thecasinos.com/france/nice/the-casino-at-hyatt-regency-nice,0
https://www.thecasinos.com/romania/bucharest/palace-casino-bucharest,0
https://www.thecasinos.com/reunion/saint-pierre/casino-du-sud,0
https://www.thecasinos.com/trinidad-and-tobago/port-of-spain/mapau-members-club,0
https://www.thecasinos.com/denmark/vejle/casino-munkebjerg,0
https://www.thecasinos.com/united-states/bismarck/borrowed-bucks-roadhouse-bismarck,0
https://www.thecasinos.com/united-states/carlin/pilot-travel-center-and-casino,0
https://www.thecasinos.com/united-states/madill/madill-gaming-center,0
https://www.thecasinos.com/united-states/lower-brule/golden-buffalo-casino,0
https://www.thecasinos.com/united-states/wabeno/potawatomi-carter-casino-hotel,0
https://www.thecasinos.com/united-states/christmas/kewadin-casino-christmas,0
https://www.thecasinos.com/canada/clinton/clinton-raceway,0
https://www.thecasinos.com/united-states/mesquite/golden-west-restaurant-casino,0
https://www.thecasinos.com/united-states/miles-city/silver-star-casino,0
https://www.thecasinos.com/colombia/bello/circus-casino-bello,0
https://www.thecasinos.com/romania/bucharest/casino-bucharest-at-hotel-intercontinental,0
https://www.thecasinos.com/united-states/missoula/silvertip-casino,0
https://www.thecasinos.com/united-states/columbus/harrahs-columbus-ne-racing-and-casino,0
https://www.thecasinos.com/united-states/davis/davis-trading-post-gaming,0
https://www.thecasinos.com/united-states/davis/treasure-valley-casino,0
https://www.thecasinos.com/united-states/miami/carnival-cruise-line-casinos,0
https://www.thecasinos.com/united-states/norman/goldsby-gaming-center,0
https://www.thecasinos.com/united-states/crandon/mole-lake-casino-lodge,0
https://www.thecasinos.com/united-states/pawnee/pawnee-trading-post-casino,0
https://www.thecasinos.com/united-states/new-orleans/carnival-club-casino-new-orleans,0
https://www.thecasinos.com/united-states/opelousas/the-quarters-travel-plaza-and-casino,0
https://www.thecasinos.com/united-states/miami/royal-caribbean-casino-cruises,0
https://www.thecasinos.com/united-states/deadwood/best-western-hickock-house,0
https://www.thecasinos.com/united-states/galveston/carnival-breeze-casino,0
https://www.thecasinos.com/united-states/duncan/greenlee-county-fair,0
https://www.thecasinos.com/united-states/pahrump/stagestop-restaurant-lounge--casino,0
https://www.thecasinos.com/united-states/los-angeles/carnival-dream-casino,0
https://www.thecasinos.com/united-states/charleston/carnival-ecstasy-casino,0
https://www.thecasinos.com/united-states/las-vegas/dottys-casino---nellis,0
https://www.thecasinos.com/united-states/jacksonville/carnival-elation-casino,0
https://www.thecasinos.com/paraguay/ciudad-del-este/casino-imperador,0
https://www.thecasinos.com/united-states/mobile/carnival-fantasy-casino,0
https://www.thecasinos.com/france/balaruc-les-bains/casino-de-balaruc,0
https://www.thecasinos.com/barbados/bridgetown/carnival-fascination-casino,0
https://www.thecasinos.com/united-states/galveston/carnival-freedom-casino,0
https://www.thecasinos.com/united-states/miami/carnival-glory-casino,0
https://www.thecasinos.com/united-states/los-angeles/carnival-imagination-casino,0
https://www.thecasinos.com/united-states/los-angeles/carnival-inspiration-casino,0
https://www.thecasinos.com/italy/venice/carnival-legend-casino,0
https://www.thecasinos.com/united-states/port-canaveral/carnival-liberty-casino,0
https://www.thecasinos.com/united-states/port-canaveral/carnival-magic-casino,0
https://www.thecasinos.com/united-states/los-angeles/carnival-miracle-casino,0
https://www.thecasinos.com/united-states/tampa/carnival-paradise-casino,0
https://www.thecasinos.com/united-states/baltimore/carnival-pride-casino,0
https://www.thecasinos.com/united-states/miami/carnival-vista-casino,0
https://www.thecasinos.com/united-states/charleston/carnival-sunshine-casino,0
https://www.thecasinos.com/united-states/new-orleans/carnival-triumph-casino,0
https://www.thecasinos.com/france/cagnes-sur-mer/casino-terrazur-cagnes-sur-mer,0
https://www.thecasinos.com/france/aix-les-bains/casino-poker-bowl,0
https://www.thecasinos.com/france/carnac/circus-casino-de-carnac,0
https://www.thecasinos.com/france/aquitaine/casino-lacanau,0
https://www.thecasinos.com/france/niederbronn-les-bains/casino-barriere-niederbronn,0
https://www.thecasinos.com/france/saint-amand-les-eaux/pasino-saint-amand-les-eaux,0
https://www.thecasinos.com/france/perros-guirec/casino-de-perros-guirec,0
https://www.thecasinos.com/france/vernet-les-bains/casino-de-vernet-les-bains,0
https://www.thecasinos.com/colombia/palmira/casino-el-castillo---palmira,0
https://www.thecasinos.com/netherlands/groningen/fair-play-casino-groningen,0
https://www.thecasinos.com/netherlands/haarlem/flamingo-casino-haarlem,0
https://www.thecasinos.com/netherlands/heemstede/flamingo-casino-heemstede,0
https://www.thecasinos.com/united-states/kalispell/montana-nugget-casino,0
https://www.thecasinos.com/united-states/kalispell/the-montana-club,0
https://www.thecasinos.com/united-states/las-vegas/charlies-down-under,0
https://www.thecasinos.com/united-states/las-vegas/village-pub--poker--summerlin,0
https://www.thecasinos.com/united-states/las-vegas/charlies-lakeside-casino,0
https://www.thecasinos.com/united-states/sisseton/dakota-connection,0
https://www.thecasinos.com/united-states/silver-springs/silver-springs-nugget,0
https://www.thecasinos.com/united-states/las-vegas/charlies-lakeside-bar-and-grill,0
https://www.thecasinos.com/united-states/sidney/ranger-lounge-casino-and-eatery,0
https://www.thecasinos.com/france/aix-les-bains/casino-grand-cercle-aix-les-bains,0
https://www.thecasinos.com/netherlands/brunssum/fair-play-casino---brunssum,0
https://www.thecasinos.com/netherlands/emmeloord/fair-play-casino---emmeloord,0
https://www.thecasinos.com/netherlands/geldrop/fair-play-casino-geldrop,0
https://www.thecasinos.com/netherlands/harderwijk/fair-play-casino-harderwijk,0
https://www.thecasinos.com/united-states/sidney/cattle-ac---steakhouse-casino--bar,0
https://www.thecasinos.com/netherlands/kerkrade/fair-play-casino-kerkrade-hoofdstraat,0
https://www.thecasinos.com/united-states/sidney/winners-pub-and-sports-bar,0
https://www.thecasinos.com/netherlands/lelystad/fair-play-center---lelystad,0
https://www.thecasinos.com/united-states/shakopee/canterbury-park-and-card-casino,0
https://www.thecasinos.com/netherlands/heerlen/farir-play-casino---heerlen,0
https://www.thecasinos.com/netherlands/rotterdam/flash-casino---rotterdam,0
https://www.thecasinos.com/dominican-republic/santo-domingo/napolitano-hotel-and-casino,0
https://www.thecasinos.com/egypt/cairo/king--queens-casino---sheraton-heliopolis-hotel,0
https://www.thecasinos.com/mexico/miguel-hidalgo/hipdromo-de-las-amricas--royal-yak-casino,0
https://www.thecasinos.com/egypt/cairo/cairo-marriott-hotel--omar-khayyam-casino,0
https://www.thecasinos.com/united-states/sparks/alamo-travel-center-casino-sparks,0
https://www.thecasinos.com/united-states/sparks/baldinis-sports-casino,0
https://www.thecasinos.com/netherlands/rotterdam/jacks-casino-alexandrium,0
https://www.thecasinos.com/united-states/deadwood/oyster-bay-bar--casino,0
https://www.thecasinos.com/united-states/okemah/creek-nation-casino-okemah,0
https://www.thecasinos.com/netherlands/breda/players-casino-breda,0
https://www.thecasinos.com/netherlands/maastricht/fair-play-center---maastricht-gubbelstraat,0
https://www.thecasinos.com/netherlands/maastricht/fair-play-center---stationsstraat,0
https://www.thecasinos.com/netherlands/cuijk/flash-casino-cuijk,0
https://www.thecasinos.com/netherlands/joure/flash-casino-joure,0
https://www.thecasinos.com/netherlands/lemmer/flash-casino-lemmer,0
https://www.thecasinos.com/netherlands/emmen/flamingo-casino-emmen,0
https://www.thecasinos.com/united-states/dubuque/thunder-ridge,0
https://www.thecasinos.com/netherlands/hoorn/flamingo-casino-hoorn,0
https://www.thecasinos.com/netherlands/rhenen/flash-casino-rhenen,0
https://www.thecasinos.com/united-states/fargo/the-windbreak,0
https://www.thecasinos.com/netherlands/bergen-op-zoom/fair-play-center---bergen-op-zoom,0
https://www.thecasinos.com/netherlands/horst/flamingo-casino-horst,0
https://www.thecasinos.com/united-states/grand-portage/grand-portage-lodge--casino,0
https://www.thecasinos.com/united-states/fargo/ricks-bar-fargo,0
https://www.thecasinos.com/netherlands/meppel/fair-play-casino---meppel,0
https://www.thecasinos.com/united-states/grand-forks/el-roco-bar-and-casino,0
https://www.thecasinos.com/netherlands/rotterdam/fair-play-center-rotterdamn,0
https://www.thecasinos.com/netherlands/oss/jacks-casino-oss,0
https://www.thecasinos.com/netherlands/rotterdam/merkur-casino-rotterdam,0
https://www.thecasinos.com/netherlands/rotterdam/diamond-palace-rotterdam,0
https://www.thecasinos.com/netherlands/roosendaal/jacks-casino-roosendaal,0
https://www.thecasinos.com/united-states/gerlach/brunos-country-club,0
https://www.thecasinos.com/ireland/dublin/amusement-city-casino,0
https://www.thecasinos.com/netherlands/rotterdam/casino-roman-palace,0
https://www.thecasinos.com/united-states/fargo/north-dakota-horse-park,0
https://www.thecasinos.com/united-states/new-york/cairo-marriott-hotel--omar-khayyam-casino,0
https://www.thecasinos.com/united-states/laughlin/pioneer-hotel--gambling-hall,0
https://www.thecasinos.com/united-states/laughlin/golden-nugget-laughlin,0
https://www.thecasinos.com/united-states/florence/turfway-park,0
https://www.thecasinos.com/netherlands/apeldoorn/flash-casino-apeldoorn-beekpark,0
https://www.thecasinos.com/united-states/flandreau/royal-river-casino--hotel,0
https://www.thecasinos.com/netherlands/alkmaar/flash-casino-alkmaar,0
https://www.thecasinos.com/united-states/burlington/catfish-bend-casino-at-pzzaz,0
https://www.thecasinos.com/netherlands/hilvarenbeek/flash-casino-hilvarenbeek,0
https://www.thecasinos.com/netherlands/roosendaal/fair-play-casino-roosendaal,0
https://www.thecasinos.com/netherlands/bussum/krijco-casino-bussum,0
https://www.thecasinos.com/netherlands/den-bosch/krijco-casino-sint-jan,0
https://www.thecasinos.com/netherlands/alkmaar/the-strip-casino,0
https://www.thecasinos.com/cambodia/bavet/empire-world-city-casino,0
https://www.thecasinos.com/netherlands/den-bosch/krijco-casino-den-bosch,0
https://www.thecasinos.com/netherlands/zandvoort/circus-zandvoort,0
https://www.thecasinos.com/netherlands/utrecht/krijco-casino-utrecht---steenweg,0
https://www.thecasinos.com/netherlands/zeist/krijco-casino-zeist,0
https://www.thecasinos.com/netherlands/zoetermeer/hommerson-casinos-zoetermeer,0
https://www.thecasinos.com/united-states/laughlin/tropicana-laughlin,0
https://www.thecasinos.com/united-states/laughlin/colorado-belle-casino--resort,0
https://www.thecasinos.com/united-states/laughlin/avi-resort--casino,0
https://www.thecasinos.com/united-states/reno/diamonds-casino-reno,0
https://www.thecasinos.com/united-states/reno/club-cal-neva-hotel-casino-web,0
https://www.thecasinos.com/united-states/albuquerque/route-66-casino-hotel,0
https://www.thecasinos.com/united-states/great-falls/reno-classic-casino,0
https://www.thecasinos.com/united-states/riverside/riverside-casino-and-golf-resort,0
https://www.thecasinos.com/netherlands/amsterdam/flash-casino-amsterdam,0
https://www.thecasinos.com/united-states/great-falls/big-johns-casino,0
https://www.thecasinos.com/united-states/great-falls/lucky-lils-casino-of-great-falls,0
https://www.thecasinos.com/united-states/reno/grand-sierra-resort-and-casino,0
https://www.thecasinos.com/united-states/great-falls/magic-diamond-casino---great-falls,0
https://www.thecasinos.com/australia/ballarat/sportsbet-ballarat,0
https://www.thecasinos.com/united-states/great-falls/casino-emerald-city---smelter,0
https://www.thecasinos.com/united-states/reno/gold-n-silver-inn,0
https://www.thecasinos.com/united-states/reno/nugget-casino-resort,0
https://www.thecasinos.com/united-states/reno/j-resort,0
https://www.thecasinos.com/united-states/reno/bordertown-casino-rv-resort,0
https://www.thecasinos.com/netherlands/utrecht/krijco-casino-fortuna,0
https://www.thecasinos.com/netherlands/roermond/krijco-casino-roermond,0
https://www.thecasinos.com/netherlands/harderwijk/krijco-casino-harderwijk,0
https://www.thecasinos.com/united-states/mayetta/prairie-band-casino--resort,0
https://www.thecasinos.com/netherlands/deventer/krijco-casino-deventer,0
https://www.thecasinos.com/united-states/horton/golden-eagle-casino,0
https://www.thecasinos.com/united-states/pawnee/stone-wolf-casino,0
https://www.thecasinos.com/united-states/great-falls/montana-state-fair,0
https://www.thecasinos.com/united-states/espanola/santa-claran-casino,0
https://www.thecasinos.com/united-states/lincoln/warhorse-casino-lincoln,0
https://www.thecasinos.com/united-states/virginia-city/mark-twain-casino,0
https://www.thecasinos.com/united-states/virginia-city/bucket-of-blood-saloon,0
https://www.thecasinos.com/united-states/thackerville/chicckasaw-travel-stop-thackerville,0
https://www.thecasinos.com/united-states/tonkawa/tonkawa-indian-hotel-and-casino,0
https://www.thecasinos.com/united-states/tillamook/tillamook-county-fair,0
https://www.thecasinos.com/united-states/timonium/maryland-state-fair-timonium,0
https://www.thecasinos.com/united-states/st-ignace/kewadin-casino-st-ignace,0
https://www.thecasinos.com/united-states/henderson/dottys-8,0
https://www.thecasinos.com/greece/kavala/regent-seven-seas-mariner-casino,0
https://www.thecasinos.com/netherlands/sassenheim/flash-casino-sassenheim,0
https://www.thecasinos.com/united-states/ruidoso-downs/billy-the-kid-casino-and-ruidoso-downs-race-track,0
https://www.thecasinos.com/united-kingdom/southampton/royal-caribbean-international---navigator-of-the-seas,0
https://www.thecasinos.com/united-states/hawthorne/joes-tavern-casino,0
https://www.thecasinos.com/spain/barcelona/royal-caribbean-international---vision-of-the-seas,0
https://www.thecasinos.com/united-states/fort-lauderdale/royal-caribbean-international---serenade-of-the-seas,0
https://www.thecasinos.com/el-salvador/san-salvador/siesta-hotel--casino,0
https://www.thecasinos.com/united-states/reno/airport-plaza-hotel-reno,0
https://www.thecasinos.com/united-states/juneau/royal-caribbean-international---radiance-of-the-seas,0
https://www.thecasinos.com/united-states/cape-liberty/royal-caribbean-international---anthem-of-the-seas,0
https://www.thecasinos.com/united-states/fort-lauderdale/royal-caribbean-international---allure-of-the-seas,0
https://www.thecasinos.com/united-states/grants-pass/grants-pass-downs,0
https://www.thecasinos.com/united-states/hessel/kewadin-casino---hessel,0
https://www.thecasinos.com/united-states/hinckley/grand-casino-hinckley,0
https://www.thecasinos.com/united-states/great-falls/industry-nightclub--casino,0
https://www.thecasinos.com/italy/savona/costa-cruises---mediterranea,0
https://www.thecasinos.com/netherlands/eindhoven/fair-play-eindhoven-kerkstraat,0
https://www.thecasinos.com/united-states/miami/regent-seven-seas-explorer-casino,0
https://www.thecasinos.com/netherlands/eindhoven/fair-play-eindhoven-kruisstraat,0
https://www.thecasinos.com/india/mumbai/costa-cruises---neoclassica,0
https://www.thecasinos.com/mauritius/port-louis/costa-cruises---neoromantica,0
https://www.thecasinos.com/mauritius/port-louis/costa-cruises---fortuna,0
https://www.thecasinos.com/netherlands/schiedam/fair-play-center---schiedam,0
https://www.thecasinos.com/netherlands/sittard/fair-play-center-sittard,0
https://www.thecasinos.com/netherlands/tegelen/fair-play-casino---tegelen,0
https://www.thecasinos.com/netherlands/heerlen/fair-play-heerlen-bautscherweg,0
https://www.thecasinos.com/netherlands/utrecht/fair-play-casino-utrecht,0
https://www.thecasinos.com/puerto-rico/san-juan/royal-caribbean-international--adventure-of-the-seas,0
https://www.thecasinos.com/united-states/seattle/royal-caribbean-international---explorer-of-the-seas,0
https://www.thecasinos.com/hong-kong/kowloon/royal-caribbean-international---voyager-of-the-seas,0
https://www.thecasinos.com/united-states/las-vegas/dottys-casino---tropical,0
https://www.thecasinos.com/united-states/tampa/royal-caribbean---brilliance-of-the-seas,0
https://www.thecasinos.com/cambodia/pailin/diamond-crown-hotel-and-casino,0
https://www.thecasinos.com/puerto-rico/san-juan/royal-caribbean-international---jewel-of-the-seas,0
https://www.thecasinos.com/china/tianjin/costa-cruises---atlantica,0
https://www.thecasinos.com/united-states/miami/royal-caribbean-international---enchantment-of-the-seas,0
https://www.thecasinos.com/singapore/marina-bay/costa-cruises---victoria,0
https://www.thecasinos.com/united-states/san-diego/holland-america-cruise-line---amsterdam,0
https://www.thecasinos.com/mexico/coatzacoalcos/casino-crown-coatzacoalcos,0
https://www.thecasinos.com/australia/rozelle/holland-america-cruise-line---maasdam,0
https://www.thecasinos.com/united-states/fort-lauderdale/holland-america-cruise-line---nieuw-amsterdam,0
https://www.thecasinos.com/australia/sydney/holland-america-cruise-line---noordam,0
https://www.thecasinos.com/netherlands/zaandam/flamingo-casino-zaandam,0
https://www.thecasinos.com/united-states/tampa/holland-america-cruise-line---oosterdam,0
https://www.thecasinos.com/united-states/fort-lauderdale/holland-america-cruise-line---prinsendam,0
https://www.thecasinos.com/united-states/fort-lauderdale/holland-america---ms-rotterdam,0
https://www.thecasinos.com/united-states/san-diego/holland-america-cruise-line---veendam,0
https://www.thecasinos.com/hong-kong/kowloon/holland-america-cruise-line-volendam,0
https://www.thecasinos.com/netherlands/eindhoven/fair-play-eindhoven-nieuwstraat,0
https://www.thecasinos.com/united-states/fort-lauderdale/holland-america-cruise-line---zuiderdam,0
https://www.thecasinos.com/netherlands/steenwijk/flash-casino-steenwijk,0
https://www.thecasinos.com/netherlands/hoofddorp/merkur-casino-hoofddorp,0
https://www.thecasinos.com/netherlands/gouda/hommerson-casino-gouda,0
https://www.thecasinos.com/united-kingdom/southampton/po-cruises---ventura,0
https://www.thecasinos.com/kazakhstan/kapchagay/royal-plaza-hotel--casino,0
https://www.thecasinos.com/united-kingdom/southampton/po-cruises---oceana,0
https://www.thecasinos.com/united-kingdom/southampton/po-cruises---oriana,0
https://www.thecasinos.com/united-kingdom/southampton/po-cruises---arcadia,0
https://www.thecasinos.com/australia/melbourne/po-cruises---aurora,0
https://www.thecasinos.com/united-states/seattle/norwegian-cruise-lines---bliss,0
https://www.thecasinos.com/united-states/new-york/norwegian-cruise-lines---breakaway,0
https://www.thecasinos.com/australia/sydney/regent-seven-seas-voyager-casino,0
https://www.thecasinos.com/united-states/east-boston/norwegian-cruise-lines---dawn,0
https://www.thecasinos.com/united-states/cape-canaveral/norwegian-cruise-lines---epic,0
https://www.thecasinos.com/united-states/miami/norwegian-cruise-lines---escape,0
https://www.thecasinos.com/denmark/copenhagen/norwegian-cruise-lines---getaway,0
https://www.thecasinos.com/united-states/tampa/norwegian-cruise-lines---jade,0
https://www.thecasinos.com/south-africa/cape-town/silversea-cloud-casino,0
https://www.thecasinos.com/canada/vancouver/princess-cruises---royal-princess,0
https://www.thecasinos.com/hong-kong/kai-tak-city/silversea-shadow-casino,0
https://www.thecasinos.com/canada/vancouver/princess-cruises---emerald-princess,0
https://www.thecasinos.com/australia/brisbane/princess-cruises---sun-princess,0
https://www.thecasinos.com/australia/brisbane/princess-cruises---sea-princess,0
https://www.thecasinos.com/australia/rozelle/princess-cruises---dawn-princess,0
https://www.thecasinos.com/united-states/hollywood/silversea-whisper-casino,0
https://www.thecasinos.com/australia/melbourne/princess-cruises---golden-princess,0
https://www.thecasinos.com/united-states/los-angeles/princess-cruises---star-princess,0
https://www.thecasinos.com/kazakhstan/kapchagay/casino-aladdin,0
https://www.thecasinos.com/russia/sochi/sochi-casino-and-resort,0
https://www.thecasinos.com/united-states/los-angeles/princess-cruises---coral-princess,0
https://www.thecasinos.com/united-states/los-angeles/princess-cruises---island-princess,0
https://www.thecasinos.com/united-states/las-vegas/dottys-9,0
https://www.thecasinos.com/singapore/marina-bay/princess-cruises---diamond-princess,0
https://www.thecasinos.com/united-states/las-vegas/dottys-6,0
https://www.thecasinos.com/singapore/marina-bay/princess-cruises---sapphire-princess,0
https://www.thecasinos.com/united-states/las-vegas/dottys-15,0
https://www.thecasinos.com/united-states/fernley/silverado-casino,0
https://www.thecasinos.com/netherlands/valkenburg/play-world-casino---copacabana,0
https://www.thecasinos.com/united-states/fort-lauderdale/princess-cruises---caribbean-princess,0
https://www.thecasinos.com/netherlands/veghel/flash-casino-veghel,0
https://www.thecasinos.com/united-states/fort-lauderdale/princess-cruises---crown-princess,0
https://www.thecasinos.com/united-states/san-francisco/princess-cruises---grand-princess,0
https://www.thecasinos.com/netherlands/beek/casino-beek-supergame,0
https://www.thecasinos.com/chile/valparaiso/oceania-cruises-marina,0
https://www.thecasinos.com/argentina/buenos-aires/celebrity-cruises---infinity,0
https://www.thecasinos.com/united-states/hollywood/silversea-wind-casino,0
https://www.thecasinos.com/netherlands/vaals/casino-vaals-supergame,0
https://www.thecasinos.com/united-states/anchorage/crystal-cruises---crystal-serenity,0
https://www.thecasinos.com/italy/rome/princess-cruises---pacific-princess,0
https://www.thecasinos.com/netherlands/hoensbroek/casino-hoensbroek-supergame,0
https://www.thecasinos.com/netherlands/valkenburg/casino-valkenburg-supergame,0
https://www.thecasinos.com/netherlands/groningen/amusino-groningen,0
https://www.thecasinos.com/costa-rica/san-jose/best-western-iraz-casino--hotel,0
https://www.thecasinos.com/netherlands/uden/fair-play-casino-uden-markt,0
https://www.thecasinos.com/italy/rome/celebrity-cruises---constellation,0
https://www.thecasinos.com/spain/vigo/pullman-cruises---monarch,0
https://www.thecasinos.com/spain/barcelona/pullman-cruises---sovereign,0
https://www.thecasinos.com/united-states/fargo/holiday-inn-fargo-hotel-and-convention-center,0
https://www.thecasinos.com/spain/santa-cruz-de-tenerife/pullman-cruises---horizon,0
https://www.thecasinos.com/united-states/north-las-vegas/dottys-casino---cheyenne,0
https://www.thecasinos.com/costa-rica/cariari/double-tree-hilton-hotel--casino,0
https://www.thecasinos.com/united-states/los-angeles/seabourn-odyssey,0
https://www.thecasinos.com/puerto-rico/san-juan/celebrity-cruises---summit,0
https://www.thecasinos.com/united-states/miami/celebrity-cruises---eclipse,0
https://www.thecasinos.com/united-states/miami/quapaw-casino,0
https://www.thecasinos.com/hong-kong/kai-tak-city/celebrity-cruises---millennium,0
https://www.thecasinos.com/costa-rica/guanacaste/flamingo-beach-resort--casino,0
https://www.thecasinos.com/australia/sydney/celebrity-cruises---solstice,0
https://www.thecasinos.com/chile/valparaiso/celebrity-cruises---reflection,0
https://www.thecasinos.com/singapore/marina-bay/seabourn-sojourn,0
https://www.thecasinos.com/cyprus/kyrenia/lords-palace-hotel-casino,0
https://www.thecasinos.com/costa-rica/san-jose/morazan-hotel--casino,0
https://www.thecasinos.com/costa-rica/san-jose/crowne-plaza-hotel--casino,0
https://www.thecasinos.com/costa-rica/san-jose/hotel--country-club--casino-del-sur,0
https://www.thecasinos.com/costa-rica/heredia/fiesta-casino---heredia,0
https://www.thecasinos.com/united-states/laurel/locomotive-bar,0
https://www.thecasinos.com/united-states/las-vegas/dottys-72,0
https://www.thecasinos.com/united-states/las-vegas/eureka-casino-las-vegas,0
https://www.thecasinos.com/netherlands/den-bosch/toy-toy-casino---hinthamereinde,0
https://www.thecasinos.com/netherlands/coevorden/playland---coeveorden,0
https://www.thecasinos.com/united-states/fernley/wig-wam-restaurant--casino,0
https://www.thecasinos.com/netherlands/geleen/supergame-casino-geleen,0
https://www.thecasinos.com/south-korea/jeju/gongzi-jeju,0
https://www.thecasinos.com/belgium/antwerpen/supergame-casino-antwerpen,0
https://www.thecasinos.com/united-states/newkirk/native-lights-casino,0
https://www.thecasinos.com/united-states/fort-lauderdale/celebrity-cruises-equinox,0
https://www.thecasinos.com/united-kingdom/southampton/cunard-cruises---queen-mary-2,0
https://www.thecasinos.com/albania/lezha/admiral---lezha,0
https://www.thecasinos.com/united-kingdom/southampton/cunard-cruises---queen-victoria,0
https://www.thecasinos.com/albania/bulqize/casino-admiral---bulqize,0
https://www.thecasinos.com/argentina/buenos-aires/seabourn-quest,0
https://www.thecasinos.com/croatia/sibenik/casino-admiral---ibenik,0
https://www.thecasinos.com/singapore/marina-bay/seabourn-encore,0
https://www.thecasinos.com/united-states/red-lake/seven-clans-red-lake-casino,0
https://www.thecasinos.com/france/chamonix/casino-chamonix-mont-blanc,0
https://www.thecasinos.com/czech-republic/zelezna-ruda/casino-admiral-zelezna-ruda,0
https://www.thecasinos.com/czech-republic/strazny/casino-admiral-strazny,0
https://www.thecasinos.com/czech-republic/folmava/casino-admiral-el-dorado,0
https://www.thecasinos.com/canada/sudbury/gateway-casinos-sudbury,0
https://www.thecasinos.com/moldova/chisinau/napolean-palace-casino-at-cosmos-hotel,0
https://www.thecasinos.com/united-states/poplar/tjs-quick-stop,0
https://www.thecasinos.com/cyprus/catalkoy/acapulco-resort--casino,0
https://www.thecasinos.com/france/castera-verduzan/casino-castera-verduzan,0
https://www.thecasinos.com/france/fumades-les-baines/casino-de-fcamp,0
https://www.thecasinos.com/cambodia/sihanoukville/golden-sand-hotel-and-casino,0
https://www.thecasinos.com/france/chatelaillon-plage/joa-chatelaillon-casino,0
https://www.thecasinos.com/france/cherbourg-octeville/casino-cherbourg,0
https://www.thecasinos.com/france/cazaubon/casino-barboton,0
https://www.thecasinos.com/france/saint-valery-en-caux/casino-saint-valery,0
https://www.thecasinos.com/colombia/bogota/casino-caribe-bogota,0
https://www.thecasinos.com/belgium/spa/casino-de-spa,0
https://www.thecasinos.com/netherlands/velsen-noord/flash-casino-velsen,0
https://www.thecasinos.com/france/brides-les-bains/casino-de-brides-les-bains,0
https://www.thecasinos.com/dominican-republic/puerto-plata/playa-chiquita-resort--casino,0
https://www.thecasinos.com/egypt/taba/taba-hilton-casino,0
https://www.thecasinos.com/greece/sylos/casino-syros,0
https://www.thecasinos.com/slovenia/catez-ob-savi/grand-casino-lido,0
https://www.thecasinos.com/france/evian-les-bains/casino-devian,0
https://www.thecasinos.com/france/capvern/casino-hotel-le-mirage,0
https://www.thecasinos.com/france/besancon/casino-joa-de-besanon,0
https://www.thecasinos.com/france/benodet/casino-barrire-benodet,0
https://www.thecasinos.com/france/bourbon-larchambault/casino-de-bourbon-larchambault,0
https://www.thecasinos.com/netherlands/ommel/fair-play-center-asten,0
https://www.thecasinos.com/france/bordeaux/casino-de-bordeaux-lac,0
https://www.thecasinos.com/belgium/blankenberge/casino-blankenberge,0
https://www.thecasinos.com/netherlands/ijmuiden/fair-play-center---imjuiden,0
https://www.thecasinos.com/netherlands/geleen/fair-play-casino---geleen,0
https://www.thecasinos.com/dominican-republic/puerto-plata/coral-sol-de-plata-resort-spa--casino,0
https://www.thecasinos.com/greece/rhodes/casino-rodos,0
https://www.thecasinos.com/france/cap-dagde/casino-barriere-cap-dage,0
https://www.thecasinos.com/france/saint-gilles-croix-de-vie/casino-de-saint-gilles-croix-de-vie,0
https://www.thecasinos.com/france/saint-brevin-les-pins/casino-joa-de-saint-brevin,0
https://www.thecasinos.com/peru/lima/casino-majestic-at-jw-marriott-hotel,0
https://www.thecasinos.com/jamaica/portmore/caymanas-park,0
https://www.thecasinos.com/france/biscarrosse/casino-biscarrosse,0
https://www.thecasinos.com/france/barbazan/casino-barbazan,0
https://www.thecasinos.com/reunion/lermitage-les-bains/casino-de-saint-gilles,0
https://www.thecasinos.com/france/saint-martin-duriage/casino-joa-duriage,0
https://www.thecasinos.com/costa-rica/san-jose/aurola-holiday-inn--la-palma-aurola-casino,0
https://www.thecasinos.com/netherlands/castricum/game-palace-castricum,0
https://www.thecasinos.com/france/bagnoles-de-lorne/casino-joa-de-bagnoles-de-lorne,0
https://www.thecasinos.com/united-states/espanola/best-western-ohkay-casino-resort,0
https://www.thecasinos.com/denmark/aarhus/royal-casino-aarhus-at-hotel-royal,0
https://www.thecasinos.com/france/cannes/314-casino-cannes,0
https://www.thecasinos.com/cambodia/bavet/shanghai-resort-casino,0
https://www.thecasinos.com/united-states/tower/fortune-bay-resort-casino,0
https://www.thecasinos.com/france/santenay/casino-joa-de-santenay,0
https://www.thecasinos.com/saint-kitts-and-nevis/frigate-bay/royal-resort-casino,0
https://www.thecasinos.com/france/allevard/casino-circus-dallevard,0
https://www.thecasinos.com/france/alvignac/casino-dalvignac,0
https://www.thecasinos.com/france/amelie-les-bains/casino-damlie-les-bains,0
https://www.thecasinos.com/france/argeles/casino-dargeles-gazost,0
https://www.thecasinos.com/egypt/sharm-el-sheikh/aladin-casino---domina-coral-bay,0
https://www.thecasinos.com/france/port-la-nouvelle/casino-port-la-nouvelle,0
https://www.thecasinos.com/france/contrexeville/partouche-casino-de-contrexeville,0
https://www.thecasinos.com/canada/dundas/elements-casino-flamboro,0
https://www.thecasinos.com/france/sete/casino-de-ste-la-corniche,0
https://www.thecasinos.com/netherlands/ijmuiden/flamingo-casino-imjuden,0
https://www.thecasinos.com/france/hauteville/casino-hauteville-lompnes,0
https://www.thecasinos.com/czech-republic/znojmo/american-chance-casino-route-59,0
https://www.thecasinos.com/france/hossegor/sporting-casino-hossegor,0
https://www.thecasinos.com/dominican-republic/santo-domingo/occidental-el-embajador-hotel-and-casino,0
https://www.thecasinos.com/martinique/schoelcher/casino-bateliere-plazza,0
https://www.thecasinos.com/peru/lima/luxor-casino-lima,0
https://www.thecasinos.com/egypt/sharm-el-sheikh/maritim-jolie-ville-resort--casino-sharm-el-sheikh,0
https://www.thecasinos.com/malta/st-pauls-bay/oracle-casino---new-dolmen-hotel,0
https://www.thecasinos.com/morocco/tangier/mvenpick-hotel--casino-malabata-tanger,0
https://www.thecasinos.com/greece/thessaloniki/regency-casino-thessaloniki,0
https://www.thecasinos.com/france/font-romeu/casino-font-romeu,0
https://www.thecasinos.com/france/veulettes-sur-mer/casino-de-veulettes-sur-mer,0
https://www.thecasinos.com/france/etratat/casino-joa-detretat,0
https://www.thecasinos.com/france/les-sables-dolonne/casino-joa-des-pins---les-sables-dolonne,0
https://www.thecasinos.com/france/ceret/casino-joa-du-bolou,0
https://www.thecasinos.com/france/evaux-les-baines/partouche-casino-evaux,0
https://www.thecasinos.com/belgium/milddelkerke/casino-middelkerke,0
https://www.thecasinos.com/dominican-republic/puerto-plata/el-milln-casino-at-hotel-riu-bachata-5,0
https://www.thecasinos.com/cote-ivoire/abidjan/golden-elephant-at-sofitel-abidjan-hotel-ivoire,0
https://www.thecasinos.com/colombia/pereira/casino-rio-pereira,0
https://www.thecasinos.com/colombia/bogota/casino-rock-n-jazz,0
https://www.thecasinos.com/egypt/cairo/mvenpick-hotel--casino,0
https://www.thecasinos.com/belgium/namur/grand-casino-de-namur,0
https://www.thecasinos.com/colombia/cucuta/casino-el-dorado,0
https://www.thecasinos.com/peru/lima/las-musas-hotel-and-casino,0
https://www.thecasinos.com/panama/rio-hato/royal-decameron-resort--casino,0
https://www.thecasinos.com/morocco/marrakech/le-grand-casino-la-mamounia,0
https://www.thecasinos.com/france/le-touquet/casino-barriere-le-touquet,0
https://www.thecasinos.com/netherlands/gilze-rijen/jacks-casino-gilze-rijen,0
https://www.thecasinos.com/poland/wroclaw/casinos-poland-at-hotel-park-plaza-wroclaw,0
https://www.thecasinos.com/dominican-republic/punta-cana/iberostar-dominicana,0
https://www.thecasinos.com/dominican-republic/punta-cana/casino-catalonia-bavaro-casino,0
https://www.thecasinos.com/france/juan-les-pins/casino-partouche-de-juan-les-pins,0
https://www.thecasinos.com/france/le-touquet/casino-partouche-le-touquet,0
https://www.thecasinos.com/united-states/las-vegas/dottys-casino---lamb,0
https://www.thecasinos.com/france/les-sables-dolonne/casino-des-atlantes-les-sables-dolonne,0
https://www.thecasinos.com/france/mimizan/casino-mimizan,0
https://www.thecasinos.com/malta/marsa/malta-racing-club,0
https://www.thecasinos.com/greece/loutraki/club-hotel-casino-loutraki,0
https://www.thecasinos.com/aland-islands/mariehamn/arkipelag-hotel--casino,0
https://www.thecasinos.com/peru/lima/la-hacienda-miraflores--casino,0
https://www.thecasinos.com/colombia/medellin/casino-excalibur-medellin,0
https://www.thecasinos.com/peru/lima/casino-new-york-lima,0
https://www.thecasinos.com/france/la-faute-sur-mer/casino-des-dunes,0
https://www.thecasinos.com/czech-republic/hluboka-nad-vltavou/casino-mariner,0
https://www.thecasinos.com/madagascar/antananarivo/carlton-casino--hotel,0
https://www.thecasinos.com/cyprus/nicosia/merit-cyprus-gardens-casino,0
https://www.thecasinos.com/cyprus/kyrenia/grand-pasha-casino,0
https://www.thecasinos.com/cyprus/famagusta/arkin-palm-beach-casino,0
https://www.thecasinos.com/cyprus/nicosia/merit-lefkoa-hotel--casino,0
https://www.thecasinos.com/colombia/cartagena/casino-rio-cartagena,0
https://www.thecasinos.com/cyprus/catalkoy/elexus-hotel--spa--casino,0
https://www.thecasinos.com/cyprus/kyrenia/viva-casino-cyprus,0
https://www.thecasinos.com/cyprus/nicosia/city-royal-hotel--casino,0
https://www.thecasinos.com/cyprus/kyrenia/hotel-pia-bella-casino,0
https://www.thecasinos.com/cyprus/catalkoy/malpas-hotel--casino,0
https://www.thecasinos.com/cyprus/kyrenia/jasmine-court-hotel-and-casino,0
https://www.thecasinos.com/cyprus/bafra/nuhun-gemisi-noahs-ark,0
https://www.thecasinos.com/cyprus/nicosia/golden-tulip-nicosia-hotel-and-casino,0
https://www.thecasinos.com/colombia/bogota/casino-caribe-plaza-de-las-amricas,0
https://www.thecasinos.com/colombia/bucaramanga/casino-caribe-caaveral,0
https://www.thecasinos.com/dominican-republic/puerto-plata/blue-jacktar,0
https://www.thecasinos.com/netherlands/rozenberg/fair-play-center---rozenberg,0
https://www.thecasinos.com/united-states/north-las-vegas/ojos-locos-sports-cantina-and-casino,0
https://www.thecasinos.com/czech-republic/ostrava/casino-magic-planet-ostrava-at-hotel-ondras,0
https://www.thecasinos.com/netherlands/winterswijk/fairplay-center---markthoek,0
https://www.thecasinos.com/united-states/polson/joes-jiffy-shop,0
https://www.thecasinos.com/bermuda/st-georges/the-st-regis-bermuda-resort,0
https://www.thecasinos.com/egypt/cairo/casino-semiramis-at-intercontinental-hotel,0
https://www.thecasinos.com/ireland/dublin/macau-casino-dublin,0
https://www.thecasinos.com/country-of-georgia/batumi/casino-international-batumi,0
https://www.thecasinos.com/peru/lima/casino-golden-palace,0
https://www.thecasinos.com/ireland/cork/macau-casino-cork,0
https://www.thecasinos.com/ireland/dublin/playland-casino-dublin,0
https://www.thecasinos.com/ireland/dublin/sporting-emporium-dublin,0
https://www.thecasinos.com/ireland/dublin/ned-kellys-sportclub-and-casino,0
https://www.thecasinos.com/ireland/dublin/fitzpatricks-casino-dublin,0
https://www.thecasinos.com/peru/chiclayo/las-musas-hotel-and-casino,0
https://www.thecasinos.com/peru/chiclayo/winmeier-hotel--casino,0
https://www.thecasinos.com/france/la-seyne-sur-mer/casino-joa-seyne,0
https://www.thecasinos.com/france/antibes/casino-joa-dantibes-la-siesta,0
https://www.thecasinos.com/chile/valparaiso/enjoy-santiago-hotel-and-casino,0
https://www.thecasinos.com/united-states/lodi/parkwest-casino-lodi,0
https://www.thecasinos.com/chile/chiloe-island/enjoy-chiloe-island-hotel-and-casino,0
https://www.thecasinos.com/united-states/durant/choctaw-travel-plaza---durant-east,0
https://www.thecasinos.com/chile/puerto-varas/enjoy-puerto-varas-hotel-and-casino,0
https://www.thecasinos.com/peru/lima/sun-city-casino,0
https://www.thecasinos.com/chile/antofagasta/enjoy-casino-antofagasta,0
https://www.thecasinos.com/united-states/ione/harrahs-northern-california,0
https://www.thecasinos.com/costa-rica/alajuela/fiesta-casino---alajuela,0
https://www.thecasinos.com/costa-rica/playa-herradura/fiesta-casino---herradura,0
https://www.thecasinos.com/colombia/bogota/hollywood-casino-bulevar-niza,0
https://www.thecasinos.com/colombia/bogota/casino-havana-bogota---carrera,0
https://www.thecasinos.com/colombia/bogota/casino-havana-bogota---calle,0
https://www.thecasinos.com/colombia/bucaramanga/casino-havana-bucaramanga,0
https://www.thecasinos.com/colombia/ibague/casino-havana-ibagu,0
https://www.thecasinos.com/colombia/medellin/casino-caribe-medelln,0
https://www.thecasinos.com/colombia/monteria/casino-condado-montera,0
https://www.thecasinos.com/colombia/villavicencio/casino-condado-villavicencio,0
https://www.thecasinos.com/colombia/buga/casino-condado-buga,0
https://www.thecasinos.com/costa-rica/perez-zeledon/luckys-casino---perez-zeledon,0
https://www.thecasinos.com/peru/lima/fiesta-hotel--casino,0
https://www.thecasinos.com/costa-rica/san-jose/luckys-casino---tournon,0
https://www.thecasinos.com/mexico/merida/juega-y-juega-casino-merida,0
https://www.thecasinos.com/colombia/cartago/casino-broadway-cartago,0
https://www.thecasinos.com/colombia/barranquilla/casino-broadway-barranquilla,0
https://www.thecasinos.com/colombia/don-matias/casino-broadway-don-matas,0
https://www.thecasinos.com/colombia/santa-rosa-de-osos/casino-broadway-santa-rosa-de-osos,0
https://www.thecasinos.com/colombia/sabaneta/casino-broadway-sabaneta,0
https://www.thecasinos.com/colombia/sincelejo/casino-broadway-sincelejo,0
https://www.thecasinos.com/colombia/rionegro/casino-broadway-rionegro,0
https://www.thecasinos.com/colombia/apartado/casino-broadway-apartad,0
https://www.thecasinos.com/colombia/bogota/casino-broadway-bogot---jimnez,0
https://www.thecasinos.com/colombia/bogota/casino-broadway-bogot---metropolis,0
https://www.thecasinos.com/colombia/bogota/casino-broadway-bogot---unicentro,0
https://www.thecasinos.com/colombia/bogota/casino-broadway-bogot---plaza-de-las-americas,0
https://www.thecasinos.com/colombia/medellin/casino-broadway-medelln---etapa,0
https://www.thecasinos.com/colombia/medellin/casino-broadway-medelln---unicentro,0
https://www.thecasinos.com/cyprus/kyrenia/merit-royal-hotel--casino,0
https://www.thecasinos.com/panama/panama-city/fantastic-casino-casa-miller,0
https://www.thecasinos.com/panama/panama-city/fantastic-casino-albrook,0
https://www.thecasinos.com/panama/panama-city/fantastic-casino-5-de-mayo,0
https://www.thecasinos.com/czech-republic/plzen/rebuy-stars-pilsen-area-bory,0
https://www.thecasinos.com/czech-republic/plzen/rebuy-stars-casino-pilsen-purkyova,0
https://www.thecasinos.com/czech-republic/prague/rebuy-stars-casino-luiny,0
https://www.thecasinos.com/czech-republic/karlovy-vary/casino-thermal-carlsbad,0
https://www.thecasinos.com/czech-republic/prague/rebuy-stars-casino-luka,0
https://www.thecasinos.com/czech-republic/plzen/rebuy-stars-pilsen-plaza,0
https://www.thecasinos.com/czech-republic/plzen/rebuy-stars-casino-pilsen-luna,0
https://www.thecasinos.com/cyprus/kyrenia/merit-park-hotel--casino,0
https://www.thecasinos.com/colombia/itagui/casino-broadway-itagu-4978,0
https://www.thecasinos.com/colombia/itagui/casino-broadway-itagu-5160,0
https://www.thecasinos.com/colombia/bello/casino-broadway-bello-5169,0
https://www.thecasinos.com/colombia/medellin/casino-broadway-medelln-4733,0
https://www.thecasinos.com/colombia/medellin/casino-broadway-medelln-4941,0
https://www.thecasinos.com/colombia/bogota/casino-broadway-bogot-3850,0
https://www.thecasinos.com/colombia/bogota/casino-broadway-bogot-35c18-sur,0
https://www.thecasinos.com/colombia/bogota/casino-broadway-bogot-2587,0
https://www.thecasinos.com/colombia/bogota/casino-broadway-bogot-5125,0
https://www.thecasinos.com/colombia/bogota/casino-broadway-bogot-4601,0
https://www.thecasinos.com/colombia/bogota/casino-broadway-bogot-3219,0
https://www.thecasinos.com/panama/san-miguelito/fantastic-casino-los-andes-mall,0
https://www.thecasinos.com/panama/arraijan/fantastic-casino-vista-alegre,0
https://www.thecasinos.com/panama/panama-city/fantastic-casino-tocumen,0
https://www.thecasinos.com/latvia/liepaja/olympic-promenade-casino,0
https://www.thecasinos.com/panama/panama-city/fantastic-casino-terminal,0
https://www.thecasinos.com/panama/la-chorrera/fantastic-casino-plaza-italia,0
https://www.thecasinos.com/panama/san-miguelito/fantastic-casino-los-andes,0
https://www.thecasinos.com/panama/panama-city/fantastic-casino-la-dona,0
https://www.thecasinos.com/panama/panama-city/fantastic-casino-la-cabima,0
https://www.thecasinos.com/panama/david/fantastic-casino-david-centro,0
https://www.thecasinos.com/croatia/zagreb/rebuy-stars-automat-club-zagreb,0
https://www.thecasinos.com/slovakia/bratislava/rebuy-stars-casino-bratislava,0
https://www.thecasinos.com/slovakia/nitra/rebuy-stars-casino-nitra,0
https://www.thecasinos.com/costa-rica/alajuela/luckys-casino---san-carlos,0
https://www.thecasinos.com/slovakia/zvolen/rebuy-stars-zvolen-pribinova,0
https://www.thecasinos.com/nicaragua/managua/pharaohs-casino---central,0
https://www.thecasinos.com/slovakia/poprad/rebuy-stars-casino-poprad,0
https://www.thecasinos.com/switzerland/fribourg/casino-barriere-fribourg,0
https://www.thecasinos.com/slovakia/zvolen/rebuy-stars-casino-zvolen,0
https://www.thecasinos.com/nicaragua/managua/zona-pharaohs---multicentro,0
https://www.thecasinos.com/slovakia/prievidza/rebuy-stars-casino-prievidza,0
https://www.thecasinos.com/nicaragua/managua/zona-pharaohs---avenida-bolivar,0
https://www.thecasinos.com/nicaragua/chinandega/zona-pharaohs---chinandega,0
https://www.thecasinos.com/united-states/mcalester/choctaw-travel-plaza---mcalester,0
https://www.thecasinos.com/united-states/idabel/choctaw-travel-plaza---idabel,0
https://www.thecasinos.com/united-states/broken-bow/choctaw-travel-plaza---broken-bow,0
https://www.thecasinos.com/united-states/grant/choctaw-travel-plaza---grant,0
https://www.thecasinos.com/czech-republic/plzen/rebuy-stars-casino-klatovsk,0
https://www.thecasinos.com/czech-republic/prague/rebuy-stars-casino-ke-tvanici,0
https://www.thecasinos.com/czech-republic/prague/rebuy-stars-casino-vrovick,0
https://www.thecasinos.com/czech-republic/plzen/rebuy-stars-casino-americk,0
https://www.thecasinos.com/czech-republic/plzen/rebuy-stars-casino-americk-1626,0
https://www.thecasinos.com/netherlands/groningen/fair-play-casino-ter-apel,0
https://www.thecasinos.com/netherlands/dordrecht/fair-play-casino-dordrecht,0
https://www.thecasinos.com/czech-republic/plzen/rebuy-stars-casino-gersk,0
https://www.thecasinos.com/czech-republic/plzen/rebuy-stars-casino-majerova,0
https://www.thecasinos.com/czech-republic/hodonin/rebuy-stars-casino-nrodn,0
https://www.thecasinos.com/czech-republic/most/rebuy-stars-casino-moskevsk,0
https://www.thecasinos.com/czech-republic/karvina/rebuy-stars-casino-mendelova,0
https://www.thecasinos.com/czech-republic/ostrava/rebuy-stars-casino-jugoslvsk,0
https://www.thecasinos.com/czech-republic/nachod/rebuy-stars-casino-kosteleck,0
https://www.thecasinos.com/united-states/poteau/choctaw-travel-plaza---poteau,0
https://www.thecasinos.com/united-states/stringtown/choctaw-travel-plaza---stringtown,0
https://www.thecasinos.com/united-states/wilburton/choctaw-travel-plaza---wilburton,0
https://www.thecasinos.com/united-states/antler/choctaw-travel-plaza---antlers,0
https://www.thecasinos.com/netherlands/noordwijkerhout/flamingo-casino-noordwijkerhout,0
https://www.thecasinos.com/united-states/las-vegas/village-pub--poker--wigwam,0
https://www.thecasinos.com/united-states/las-vegas/village-pub--poker---bermuda,0
https://www.thecasinos.com/united-states/las-vegas/village-pub--poker---cannery,0
https://www.thecasinos.com/united-states/henderson/village-pub--casino---green-valley,0
https://www.thecasinos.com/united-states/henderson/village-pub--poker--horizon,0
https://www.thecasinos.com/colombia/cali/casino-el-castillo-terminal-cali,0
https://www.thecasinos.com/colombia/santa-elena/casino-scalibur,0
https://www.thecasinos.com/united-states/missoula/broadway-bar-grill--casino,0
https://www.thecasinos.com/united-states/whitefish/caseys-whitefish-poker-room,0
https://www.thecasinos.com/united-states/billings/montana-lils-casino-and-liquor,0
https://www.thecasinos.com/united-states/missoula/montana-lils-casino---missoula,0
https://www.thecasinos.com/united-states/billings/montana-lils-casino-grand-ave,0
https://www.thecasinos.com/united-states/kalispell/montana-lils-casino---kalispell,0
https://www.thecasinos.com/united-states/billings/lucky-diamond-casino---billings,0
https://www.thecasinos.com/peru/san-miguel/silver-moon-casino,0
https://www.thecasinos.com/peru/lima/copa-cabana-casino,0
https://www.thecasinos.com/peru/san-miguel/magic-city-casino,0
https://www.thecasinos.com/peru/lima/mandarin-casino,0
https://www.thecasinos.com/peru/lima/moche-casino,0
https://www.thecasinos.com/united-states/hammon/lucky-star-casino---hammon,0
https://www.thecasinos.com/canada/black-diamond/black-diamond-bar-and-hotel,0
https://www.thecasinos.com/canada/cochrane/ducks-on-the-roof-sports-bar-and-grill,0
https://www.thecasinos.com/canada/airdrie/champions-lounge-at-best-western-regency-inn-alberta,0
https://www.thecasinos.com/turkey/istanbul/istanbul-veliefendi-race-course,0
https://www.thecasinos.com/turkey/sanliurfa/anlurfa-hipodromu,0
https://www.thecasinos.com/turkey/kartepe/kocaeli-kartepe-hipodromu,0
https://www.thecasinos.com/turkey/elazig/elaz-hipodromu,0
https://www.thecasinos.com/turkey/diyarbakir/diyarbakr-hipodromu,0
https://www.thecasinos.com/turkey/bursa/bursa-osmangazi-hipodromu,0
https://www.thecasinos.com/turkey/istanbul/ankara-75-yl,0
https://www.thecasinos.com/egypt/cairo/crockfords-cairo,0
https://www.thecasinos.com/turkey/adana/adana-yeiloba-hipodromu,0
https://www.thecasinos.com/united-states/tonkawa/tonkawa-gasino,0
https://www.thecasinos.com/latvia/liepaja/olympic-casino-kuru-13,0
https://www.thecasinos.com/kazakhstan/kapchagay/casino-xo-club,0
https://www.thecasinos.com/cambodia/sihanoukville/holiday-palace-resort,0
https://www.thecasinos.com/cambodia/bavet/las-vegas-sun-casino--hotel,0
https://www.thecasinos.com/cambodia/kandal/crown-casino-chrey-thom,0
https://www.thecasinos.com/cambodia/bavet/chateau-de-bavet,0
https://www.thecasinos.com/cambodia/bavet/casino-tan-hoang-bao,0
https://www.thecasinos.com/united-states/trout-creek/lakeside-casino-and-lounge,0
https://www.thecasinos.com/uganda/kampala/mayfair-casino-and-club-kampala,0
https://www.thecasinos.com/uganda/kampala/taj-mahal-casino-uganda,0
https://www.thecasinos.com/uganda/kampala/pyramids-casino-kampala,0
https://www.thecasinos.com/uganda/kampala/casino-simba,0
https://www.thecasinos.com/uganda/kampala/sunset-casino-kampala,0
https://www.thecasinos.com/united-states/kalispell/magic-diamond-casino-at-red-lion-hotel,0
https://www.thecasinos.com/uganda/kampala/kings-casino-uganda-golden-city-casino,0
https://www.thecasinos.com/italy/como/slottery-las-vegas-mariano,0
https://www.thecasinos.com/estonia/tallinn/fenikss-casino-phja,0
https://www.thecasinos.com/germany/wiesbaden/the-vault-club--casino,0
https://www.thecasinos.com/italy/brescia/slottery-las-vegas-puegnago,0
https://www.thecasinos.com/united-states/great-falls/montana-club-great-falls,0
https://www.thecasinos.com/united-states/st-regis/st-regis-travel-center,0
https://www.thecasinos.com/united-states/butte/montana-club-butte,0
https://www.thecasinos.com/united-states/billings/montana-club-billings,0
https://www.thecasinos.com/albania/tirana/astra-club-across,0
https://www.thecasinos.com/albania/tirana/astra-club-change,0
https://www.thecasinos.com/czech-republic/olomouc/casino-admiral-olomouc,0
https://www.thecasinos.com/albania/tirana/astra-club-treni1,0
https://www.thecasinos.com/albania/tirana/astra-club-selvia,0
https://www.thecasinos.com/czech-republic/znojmo/casino-admiral-colosseum,0
https://www.thecasinos.com/albania/tirana/astra-club-sahati,0
https://www.thecasinos.com/czech-republic/brno/casino-admiral-brno,0
https://www.thecasinos.com/albania/tirana/astra-club-new-market,0
https://www.thecasinos.com/albania/tirana/astra-club-milioneri,0
https://www.thecasinos.com/germany/stralsund/spielbank-stralsund,0
https://www.thecasinos.com/czech-republic/folmava/casino-of-ra-fomalva,0
https://www.thecasinos.com/czech-republic/mikulov/casino-of-ra-mikulov,0
https://www.thecasinos.com/country-of-georgia/tbilisi/casino-iveria-tbilisi,0
https://www.thecasinos.com/united-states/missoula/magic-diamond-casino-brooks,0
https://www.thecasinos.com/united-states/bozeman/magic-diamond-casino-bozeman,0
https://www.thecasinos.com/united-states/butte/magic-diamond-casino-butte,0
https://www.thecasinos.com/united-states/butte/magic-diamond-casino-of-rocker,0
https://www.thecasinos.com/united-states/missoula/magic-diamond-casino-mullan,0
https://www.thecasinos.com/united-states/missoula/magic-diamond-casino-broadway,0
https://www.thecasinos.com/united-states/hamilton/magic-diamond-casino-hamilton,0
https://www.thecasinos.com/united-states/havre/magic-diamond-casino-havre,0
https://www.thecasinos.com/united-states/helena/magic-diamond-casino-helena,0
https://www.thecasinos.com/united-states/lewistown/magic-diamond-casino-lewistown,0
https://www.thecasinos.com/united-states/lolo/magic-diamond-casino-lolo,0
https://www.thecasinos.com/united-states/livingston/magic-diamond-casino-livingston,0
https://www.thecasinos.com/lithuania/lentvaris/admiral-club-lentvaris,0
https://www.thecasinos.com/united-states/dillon/magic-diamond-casino-dillon,0
https://www.thecasinos.com/united-states/great-falls/magic-diamond-ii-casino,0
https://www.thecasinos.com/united-states/sidney/magic-diamond-casino-sidney,0
https://www.thecasinos.com/united-states/belgrade/magic-diamond-casino-belgrade,0
https://www.thecasinos.com/united-states/glendive/magic-diamond-casino-glendive,0
https://www.thecasinos.com/united-states/columbia-falls/magic-diamond-casino-columbia-falls,0
https://www.thecasinos.com/united-states/billings/magic-diamond-casino-king,0
https://www.thecasinos.com/united-states/colonial-beach/riverboat-on-the-potomac-otb,0
https://www.thecasinos.com/united-states/kalispell/magic-diamond-casino-ii-of-kalispell,0
https://www.thecasinos.com/united-states/butte/magic-diamond-casino-ii-butte,0
https://www.thecasinos.com/united-states/harlowton/cattle-country-casino,0
https://www.thecasinos.com/united-states/billings/magic-diamond-casino-billings,0
https://www.thecasinos.com/united-states/billings/magic-diamond-casino-grand,0
https://www.thecasinos.com/united-states/dillon/blacktail-station-steakhouse,0
https://www.thecasinos.com/united-states/lima/yesterdays-cafe-and-saloon,0
https://www.thecasinos.com/united-states/dillon/dillon-hotel-and-bar,0
https://www.thecasinos.com/panama/penonome/casino-cocl,0
https://www.thecasinos.com/united-states/jackson/jackson-hot-springs-lodge,0
https://www.thecasinos.com/mauritius/grand-baie/ti-vegas-casino,0
https://www.thecasinos.com/united-states/dillon/the-moose-bar-dillon,0
https://www.thecasinos.com/united-states/dillon/knotty-pine-tavern,0
https://www.thecasinos.com/united-kingdom/bournemouth/aspers-casino-bournemouth,0
https://www.thecasinos.com/lithuania/vilnius/admiral-club-vilnius-ozo-st,0
https://www.thecasinos.com/lithuania/kaunas/casino-admiral-kaunas-akropolis,0
https://www.thecasinos.com/lithuania/siauliai/admiral-club-siauliai,0
https://www.thecasinos.com/lithuania/vilnius/admiral-club-vilnius-volunteer-ave,0
https://www.thecasinos.com/lithuania/joniskis/admiral-club-joniskis,0
https://www.thecasinos.com/lithuania/gargzdai/admiral-club-gargdai,0
https://www.thecasinos.com/lithuania/alytus/admiral-club-alytus,0
https://www.thecasinos.com/lithuania/marijampole/admiral-club-marijampole,0
https://www.thecasinos.com/lithuania/kybartai/admiral-club-kybartai,0
https://www.thecasinos.com/lithuania/druskininkai/admiral-club-druskininkai,0
https://www.thecasinos.com/lithuania/kaunas/admiral-club-kaunas-baltijos-st,0
https://www.thecasinos.com/lithuania/klaipeda/admiral-club-klaipeda,0
https://www.thecasinos.com/lithuania/panevezys/admiral-club-panevys,0
https://www.thecasinos.com/lithuania/utena/admiral-club-utena,0
https://www.thecasinos.com/lithuania/klaipeda/admiral-club-klaipeda-pc-vyturys,0
https://www.thecasinos.com/netherlands/goes/funtastic-casino-goes,0
https://www.thecasinos.com/netherlands/den-helder/funtastic-casino-den-helder,0
https://www.thecasinos.com/netherlands/middelburg/funtastic-casino-middelburg,0
https://www.thecasinos.com/netherlands/vlissingen/funtastic-casino-vlissingen,0
https://www.thecasinos.com/netherlands/vlissingen/funtastic-casino-vlissingen-ii,0
https://www.thecasinos.com/netherlands/hoofddorp/casino-admiral-hoofddorp,0
https://www.thecasinos.com/slovakia/nitra/casino-admiral-nitra,0
https://www.thecasinos.com/slovakia/trnava/casino-admiral-trnava,0
https://www.thecasinos.com/india/bambolim/casino-strike-goa,0
https://www.thecasinos.com/germany/dusseldorf/admiral-club-sportsbar-and-billiards,0
https://www.thecasinos.com/austria/dornbirn/casino-admiral-dornbirn,0
https://www.thecasinos.com/canada/khanawake/playground-poker-club,0
https://www.thecasinos.com/netherlands/deventer/jacks-casino-deventer,0
https://www.thecasinos.com/united-states/redwater/red-water-casino,0
https://www.thecasinos.com/united-kingdom/great-yarmouth/the-edge---great-yarmouth,0
https://www.thecasinos.com/austria/telfs/casino-admiral-telfs,0
https://www.thecasinos.com/netherlands/haarlem/jacks-casino-de-brug-a4,0
https://www.thecasinos.com/netherlands/doetinchem/jacks-casino-doetinchem,0
https://www.thecasinos.com/netherlands/duiven/jacks-casino-duiven-a12,0
https://www.thecasinos.com/netherlands/eemnes/jacks-casino-eemnes-de-witte-bergen,0
https://www.thecasinos.com/united-states/greensburg/live-casino-pittsburgh,0
https://www.thecasinos.com/austria/innsbruck/casino-admiral-schutzenstrasse-48,0
https://www.thecasinos.com/austria/feldkirch/casino-admiral-feldrkirch,0
https://www.thecasinos.com/austria/feldkirch/casino-admiral-feldkirch-grenzweg-10,0
https://www.thecasinos.com/argentina/el-calafate/casino-club-el-calafate,0
https://www.thecasinos.com/bosnia-and-herzegovina/gracanica/admiral-club-gracanica,0
https://www.thecasinos.com/bosnia-and-herzegovina/prnjavor/admiral-club-prnjavor,0
https://www.thecasinos.com/united-states/porterville/eagle-mountain-casino,0
https://www.thecasinos.com/united-states/modesto/empire-sportsmens-association,0
https://www.thecasinos.com/united-states/clinton/cozys-roadhouse,0
https://www.thecasinos.com/united-states/visalia/sundowner-card-room,0
https://www.thecasinos.com/united-states/turlock/turlock-poker-room,0
https://www.thecasinos.com/united-states/grass-valley/towers-casino-and-card-room,0
https://www.thecasinos.com/united-states/ontario/ontario-poker-room-and-social-club,0
https://www.thecasinos.com/united-states/harlowton/oasis-bar-harlowton,0
https://www.thecasinos.com/united-states/eugene/beach-poker-club,0
https://www.thecasinos.com/united-states/albany/black-diamond-poker-club,0
https://www.thecasinos.com/united-states/portland/final-table-poker-club,0
https://www.thecasinos.com/united-states/eugene/full-house-poker-eugene,0
https://www.thecasinos.com/united-states/eugene/high-mountain-poker-palace,0
https://www.thecasinos.com/united-states/medford/medford-poker-club,0
https://www.thecasinos.com/united-states/niles/joey-armadillos,0
https://www.thecasinos.com/united-states/manchester/filotimo-casino--restaurant---manchester,0
https://www.thecasinos.com/united-states/sutherlin/the-club-house-poker-room,0
https://www.thecasinos.com/united-states/portland/the-game-poker-room,0
https://www.thecasinos.com/united-states/renton/fortune-poker-room,0
https://www.thecasinos.com/united-states/bellingham/the-waterfront-seafood-and-bar-poker-room,0
https://www.thecasinos.com/japan/funabashi/funabashi-racecourse,0
https://www.thecasinos.com/canada/calgary/deerfoot-inn-and-casino,0
https://www.thecasinos.com/canada/calgary/cowboys-casino,0
https://www.thecasinos.com/canada/fort-mcmurray/boomtown-casino-alberta,0
https://www.thecasinos.com/canada/cold-lake/casino-dene,0
https://www.thecasinos.com/argentina/ushuaia/casino-club-ushuaia-t,0
https://www.thecasinos.com/canada/grande-prairie/great-northern-casino,0
https://www.thecasinos.com/canada/winnipeg/club-regent-casino,0
https://www.thecasinos.com/canada/moncton/casino-new-brunswick,0
https://www.thecasinos.com/canada/fredericton/st-marys-entertainment-centre,0
https://www.thecasinos.com/canada/montreal/el-jumelgi-bar-and-poker-room,0
https://www.thecasinos.com/canada/prince-george/treasure-cove-casino-and-hotel,0
https://www.thecasinos.com/canada/quebec/salon-de-jeux-quebec,0
https://www.thecasinos.com/canada/trois-rivieres/salon-de-juex-trois-rivieres,0
https://www.thecasinos.com/canada/carlyle/bear-claw-casino-and-hotel,0
https://www.thecasinos.com/canada/whitecap/dakota-dunes-casino,0
https://www.thecasinos.com/canada/swift-current/living-sky-casino,0
https://www.thecasinos.com/united-states/winnebago/native-star-casino,0
https://www.thecasinos.com/united-states/omaha/winners-lounge-and-keno,0
https://www.thecasinos.com/united-states/valentine/rosebud-casino,0
https://www.thecasinos.com/united-states/billings/play-inn-bar-and-casino,0
https://www.thecasinos.com/united-states/scottsbluff/luckys-keno-main-parlor,0
https://www.thecasinos.com/united-states/papillion/the-hophouse-bar-and-grill,0
https://www.thecasinos.com/united-states/papillion/jerzes-sports-bar-and-grill,0
https://www.thecasinos.com/united-states/scottsbluff/backaracks-bar-and-grill,0
https://www.thecasinos.com/united-states/mitchell/company-bar-and-grill,0
https://www.thecasinos.com/united-states/morrill/rustic-tavern-morrill,0
https://www.thecasinos.com/united-states/papillion/brownies-watering-hole-keno,0
https://www.thecasinos.com/united-states/papillion/american-legion-papillion,0
https://www.thecasinos.com/costa-rica/san-jose/grand-casino-escazu,0
https://www.thecasinos.com/costa-rica/san-jose/taormina-hotel--casino,0
https://www.thecasinos.com/united-states/thackerville/border-casino,0
https://www.thecasinos.com/united-states/pocasset/saltcreek-casino,0
https://www.thecasinos.com/united-states/pauls-valley/jet-stream-casino,0
https://www.thecasinos.com/united-states/chandler/ioway-casino,0
https://www.thecasinos.com/united-states/braman/kanza-casino,0
https://www.thecasinos.com/united-states/devol/kiowa-casino--hotel,0
https://www.thecasinos.com/united-states/verden/kiowa-casino-verden,0
https://www.thecasinos.com/united-states/holdenville/creek-nation-casino-holdenville,0
https://www.thecasinos.com/united-states/newkirk/7-clans-gasino-chilocco,0
https://www.thecasinos.com/australia/melbourne/moonee-valley-racecourse,0
https://www.thecasinos.com/united-states/hinton/sugar-creek-casino,0
https://www.thecasinos.com/united-states/prior-lake/little-six-casino,0
https://www.thecasinos.com/macau/macau/legend-palace-hotel-casino,0
https://www.thecasinos.com/australia/melbourne/caulfield-racecourse,0
https://www.thecasinos.com/united-kingdom/esher/sandown-park-racecourse,0
https://www.thecasinos.com/australia/bendigo/bendigo-racecourse,0
https://www.thecasinos.com/australia/sydney/royal-randwick-racecourse,0
https://www.thecasinos.com/australia/sydney/warwick-farm-racecourse,0
https://www.thecasinos.com/australia/sydney/rosehill-gardens-racecourse,0
https://www.thecasinos.com/australia/sydney/canterbury-park-racecourse,0
https://www.thecasinos.com/australia/adelaide/oakbank-racecourse,0
https://www.thecasinos.com/australia/canberra/thoroughbred-park,0
https://www.thecasinos.com/australia/glenorchy/luzbet-park-elwick-racecourse,0
https://www.thecasinos.com/australia/cranbourne/cranbourne-racecourse,0
https://www.thecasinos.com/australia/cranbourne/mornington-racecourse,0
https://www.thecasinos.com/australia/geelong/geelong-racecourse,0
https://www.thecasinos.com/united-states/citrus-heights/stones-gambling-hall,0
https://www.thecasinos.com/australia/burswood/belmont-park-racecourse,0
https://www.thecasinos.com/australia/caloundra/sunshine-coast-racecourse,0
https://www.thecasinos.com/australia/tynong/racingcom-park,0
https://www.thecasinos.com/australia/brisbane/doomben-racecourse,0
https://www.thecasinos.com/australia/stony-creek/stony-creek-racecourse,0
https://www.thecasinos.com/australia/wangaratta/wangaratta-racecourse,0
https://www.thecasinos.com/australia/warrnambool/warrnambool-racecourse,0
https://www.thecasinos.com/australia/moe/moe-racecourse,0
https://www.thecasinos.com/australia/fannie-bay/darwin-racecourse,0
https://www.thecasinos.com/united-kingdom/nottingham/grosvenor-casino-nottingham,0
https://www.thecasinos.com/united-states/pulaski/oneida-casino-travel-center,0
https://www.thecasinos.com/united-states/williston/grand-treasure-casino,0
https://www.thecasinos.com/united-states/shepherd/red-rooster-montana,0
https://www.thecasinos.com/united-states/shepherd/razor-creek-saloon-and-casino,0
https://www.thecasinos.com/united-states/billings/won-800-casino,0
https://www.thecasinos.com/united-states/laurel/lucky-lils-casino-laurel,0
https://www.thecasinos.com/united-states/laurel/tin-horn-casino,0
https://www.thecasinos.com/united-states/laurel/montana-lils-laurel,0
https://www.thecasinos.com/united-states/laurel/cedar-ridge-casino,0
https://www.thecasinos.com/united-states/laurel/caboose-saloon-and-casino,0
https://www.thecasinos.com/united-states/huntley/cowboys-restaurant-bar-and-casino,0
https://www.thecasinos.com/united-states/custer/junction-city-saloon,0
https://www.thecasinos.com/united-states/billings/the-winners-circle-sports-bar-and-casino,0
https://www.thecasinos.com/united-states/laurel/fowl-play-sports-bar-and-casino,0
https://www.thecasinos.com/united-states/billings/the-loft-dance-club-casino,0
https://www.thecasinos.com/united-states/billings/western-empire-emporium,0
https://www.thecasinos.com/united-states/shelby/the-tap-room,0
https://www.thecasinos.com/united-states/corbin/cumberland-run,0
https://www.thecasinos.com/united-states/billings/the-wardens-grand-casino,0
https://www.thecasinos.com/united-states/billings/the-vig-alehouse-and-casino,0
https://www.thecasinos.com/united-states/billings/barrel-room-pub-and-casino,0
https://www.thecasinos.com/united-states/billings/the-palms-grand-casino,0
https://www.thecasinos.com/united-states/billings/tap-inn,0
https://www.thecasinos.com/united-states/billings/sunset-bowl,0
https://www.thecasinos.com/united-states/huntley/blue-cat-bar-grill-and-casino,0
https://www.thecasinos.com/united-states/billings/vfw-post-6774-billings,0
https://www.thecasinos.com/united-states/billings/the-bayou-of-montana-casino-bar-and-grill,0
https://www.thecasinos.com/united-states/hardin/3-brothers-bistro-and-casino,0
https://www.thecasinos.com/united-states/billings/the-stadium-club,0
https://www.thecasinos.com/united-states/billings/bullwhackers-casino-montana,0
https://www.thecasinos.com/united-states/huntley/pryor-creek-golf-club,0
https://www.thecasinos.com/united-states/billings/the-mickeys-last-ditch-attempt-saloon,0
https://www.thecasinos.com/united-states/billings/grand-montana-casino-at-radisson-hotel-billings,0
https://www.thecasinos.com/united-states/billings/rendezvous-casino-and-burger-grill,0
https://www.thecasinos.com/united-states/clinton/wild-rose-casino-and-resort-clinton,0
https://www.thecasinos.com/united-states/billings/planet-lockwood,0
https://www.thecasinos.com/united-states/billings/american-legion-post-4-billings,0
https://www.thecasinos.com/united-states/billings/broadwater-station-casino-at-squires-lounge,0
https://www.thecasinos.com/united-states/laurel/kcs-palace-bar-and-lanes,0
https://www.thecasinos.com/united-states/laurel/lucky-louies-tavern-and-casino,0
https://www.thecasinos.com/united-states/billings/montana-nugget-billings,0
https://www.thecasinos.com/united-states/billings/montana-lils-heights,0
https://www.thecasinos.com/united-states/billings/montana-jacks-restaurant-and-casino-billings,0
https://www.thecasinos.com/united-states/billings/the-reno-club,0
https://www.thecasinos.com/united-states/billings/nickels-casino-and-grand-liquor,0
https://www.thecasinos.com/united-states/billings/the-monte-bar-and-casino,0
https://www.thecasinos.com/united-states/billings/oscars-cocktails-and-casino,0
https://www.thecasinos.com/united-states/shelby/the-montana-club-shelby,0
https://www.thecasinos.com/united-states/billings/rio-grand-sports-bar-and-casino,0
https://www.thecasinos.com/united-states/laurel/fat-fender-freddys,0
https://www.thecasinos.com/united-states/broadview/homestead-inn-bar-and-grill,0
https://www.thecasinos.com/united-states/billings/sams-place-billings-montana,0
https://www.thecasinos.com/united-states/billings/hooligans-sports-bar,0
https://www.thecasinos.com/united-states/billings/the-den-cocktails-and-casino,0
https://www.thecasinos.com/united-states/billings/luckys-grand-casino,0
https://www.thecasinos.com/united-states/billings/doc-and-eddys-plum-creek-casino,0
https://www.thecasinos.com/united-states/billings/old-chicago-speak-easy-casino-billings,0
https://www.thecasinos.com/united-states/billings/maui-nites-casino,0
https://www.thecasinos.com/united-states/billings/lucky-7s-casino,0
https://www.thecasinos.com/united-states/billings/gordys-casino,0
https://www.thecasinos.com/united-states/billings/grandstand-casino-and-sports-bar,0
https://www.thecasinos.com/united-states/billings/gusicks-restaurant-and-casino,0
https://www.thecasinos.com/united-states/billings/jackpot-casino-central,0
https://www.thecasinos.com/united-states/billings/1145-club-billings,0
https://www.thecasinos.com/united-states/billings/fireside-lanes-montana,0
https://www.thecasinos.com/united-states/billings/cjs-casino-royale,0
https://www.thecasinos.com/united-states/billings/bottles-and-shots-casino-and-liquor-store-heights,0
https://www.thecasinos.com/united-states/billings/cash-casino,0
https://www.thecasinos.com/united-states/billings/little-sicily-casino,0
https://www.thecasinos.com/united-states/billings/magic-city-casino-of-billings,0
https://www.thecasinos.com/united-states/miles-city/gold-dust-casino-and-liquor-store,0
https://www.thecasinos.com/united-states/billings/dehlers-hand-casino,0
https://www.thecasinos.com/united-states/billings/amvets-club-90,0
https://www.thecasinos.com/united-states/billings/casino-8-montana,0
https://www.thecasinos.com/united-states/billings/cadillac-jax-sports-bar-and-casino,0
https://www.thecasinos.com/united-states/billings/black-diamond-casino-billings,0
https://www.thecasinos.com/united-states/billings/andys-bar-and-lounge,0
https://www.thecasinos.com/united-states/billings/copper-creek-casino,0
https://www.thecasinos.com/united-states/billings/bucks-bar-casino-and-grill,0
https://www.thecasinos.com/united-states/billings/big-game-casino,0
https://www.thecasinos.com/united-states/wibaux/rainbow-club-steakhouse-and-casino,0
https://www.thecasinos.com/united-states/nashua/wagon-wheel-bar-nashua,0
https://www.thecasinos.com/united-states/nashua/vicks-bar,0
https://www.thecasinos.com/united-states/glasgow/oasis-lounge-eatery-and-casino,0
https://www.thecasinos.com/united-states/fort-peck/the-gateway-club-bar-and-casino,0
https://www.thecasinos.com/united-states/wibaux/shamrock-club-montana,0
https://www.thecasinos.com/united-states/glasgow/cottonwood-inn-and-suites,0
https://www.thecasinos.com/united-states/sweetgrass/glocca-morra-inn,0
https://www.thecasinos.com/united-states/big-timber/american-legion-big-timber-post-19,0
https://www.thecasinos.com/united-states/sunburst/vfw-rimrock-post,0
https://www.thecasinos.com/united-states/shelby/third-base-bar-and-grill,0
https://www.thecasinos.com/united-states/shelby/the-mint-bar-shelby,0
https://www.thecasinos.com/united-states/big-timber/timber-bar,0
https://www.thecasinos.com/united-states/reed-point/waterhole-saloon,0
https://www.thecasinos.com/united-states/absorokee/chrome-bar,0
https://www.thecasinos.com/united-states/columbus/new-atlas-bar,0
https://www.thecasinos.com/united-states/columbus/lucky-lils-of-colombus,0
https://www.thecasinos.com/united-states/shelby/ten-pin-alley--casino,0
https://www.thecasinos.com/united-states/shelby/ringside-ribs-and-casino,0
https://www.thecasinos.com/united-states/shelby/dixie-inn-and-hi-roller-casino,0
https://www.thecasinos.com/united-states/dutton/mikes-club-tavern,0
https://www.thecasinos.com/united-states/big-timber/thirsty-turtle-burgers-and-bbq,0
https://www.thecasinos.com/united-states/great-falls/jackrabbit-reds-great-falls,0
https://www.thecasinos.com/united-states/hardin/jackrabbit-reds-hardin,0
https://www.thecasinos.com/united-states/fishtail/cowboy-bar-and-supper-club,0
https://www.thecasinos.com/united-states/nye/carters-camp,0
https://www.thecasinos.com/united-states/melrose/livelys-bar,0
https://www.thecasinos.com/united-states/butte/treasure-chest-casino-butte,0
https://www.thecasinos.com/united-states/shelby/oasis-bar-and-casino,0
https://www.thecasinos.com/united-states/shelby/comfort-inn-gateway-to-glacier,0
https://www.thecasinos.com/united-states/butte/lucky-charm-casino,0
https://www.thecasinos.com/united-states/butte/unos-lounge,0
https://www.thecasinos.com/united-states/butte/the-met-tavern,0
https://www.thecasinos.com/united-states/columbus/wild-card-casino,0
https://www.thecasinos.com/united-states/big-timber/lucky-lils-casino-of-big-timber,0
https://www.thecasinos.com/united-states/choteau/antler-bar-and-lounge,0
https://www.thecasinos.com/united-states/bynum/jds-wildlife-sanctuary-bar-and-casino,0
https://www.thecasinos.com/united-states/choteau/john-henrys-restaurant,0
https://www.thecasinos.com/united-states/choteau/american-legion-of-choteau,0
https://www.thecasinos.com/united-states/fairfield/servicemens-club-fairfield,0
https://www.thecasinos.com/united-states/power/power-pole-bar,0
https://www.thecasinos.com/united-states/dillon/elks-lodge-1554,0
https://www.thecasinos.com/united-states/dillon/sparkys-garage-dillon,0
https://www.thecasinos.com/united-states/butte/sparkys-garage-butte,0
https://www.thecasinos.com/united-states/lima/jans-cafe--cabins,0
https://www.thecasinos.com/united-states/lima/the-peat-saloon--steakhouse,0
https://www.thecasinos.com/united-states/busby/kirby-saloon,0
https://www.thecasinos.com/united-states/hardin/four-aces-bar--lounge,0
https://www.thecasinos.com/united-states/hardin/spring-creek-resort,0
https://www.thecasinos.com/united-states/dillon/metlen-hotel-bar--cafe,0
https://www.thecasinos.com/united-states/dillon/the-lions-den,0
https://www.thecasinos.com/united-states/wise-river/big-hole-athletic-club,0
https://www.thecasinos.com/united-states/dillon/kupfer-club-bar--restaurant,0
https://www.thecasinos.com/united-states/dillon/gateway-canyon-travel-plaza,0
https://www.thecasinos.com/united-states/wise-river/wise-river-club,0
https://www.thecasinos.com/united-states/hardin/good-2-go---hardin,0
https://www.thecasinos.com/united-states/hardin/lucky-lils-casino-hardin,0
https://www.thecasinos.com/mexico/cancun/royal-yak-cancun,0
https://www.thecasinos.com/united-states/helena/last-chance-casino-and-restaurant,0
https://www.thecasinos.com/united-states/chinook/chinook-eagles-689,0
https://www.thecasinos.com/united-states/chinook/lucky-lils-casino-chinook,0
https://www.thecasinos.com/united-states/three-forks/teasers-gentlemens-club,0
https://www.thecasinos.com/united-states/townsend/fishtale-tavern,0
https://www.thecasinos.com/united-states/toston/the-bunkhouse-bar-and-casino,0
https://www.thecasinos.com/united-states/three-forks/lucky-lils-casino-of-three-forks,0
https://www.thecasinos.com/united-states/townsend/commercial-bar,0
https://www.thecasinos.com/united-states/townsend/lucky-lils-casino-of-townsend,0
https://www.thecasinos.com/mexico/colonia-del-valle/casino-life-del-valle,0
https://www.thecasinos.com/mexico/celaya/casino-life-celaya,0
https://www.thecasinos.com/mexico/hermosillo/casino-life-hermosillo,0
https://www.thecasinos.com/mexico/pachuca/casino-life-pachuca,0
https://www.thecasinos.com/mexico/merida/golden-island-casino,0
https://www.thecasinos.com/united-states/helena/motherlode-casino,0
https://www.thecasinos.com/mexico/chilpancingo/emotion-casino-chilpancingo,0
https://www.thecasinos.com/mexico/jardin-azpeitia/emotion-casino-cuitlhuac,0
https://www.thecasinos.com/mexico/zona-rosa/emotion-casino-hamburgo,0
https://www.thecasinos.com/mexico/huixquilucan/big-bola-casino-interlomas,0
https://www.thecasinos.com/mexico/hermosillo/emotion-casino-hermosillo,0
https://www.thecasinos.com/mexico/san-juan/emotion-casino-patriotismo,0
https://www.thecasinos.com/mexico/tuxtla-gutierrez/emotion-casino-tuxtla,0
https://www.thecasinos.com/mexico/zapopan/emotion-casino-plaza-del-sol,0
https://www.thecasinos.com/mexico/cuernavaca/emotion-casino-plan-de-ayala,0
https://www.thecasinos.com/mexico/puerto-vallarta/emotion-casino-puerto-vallarta,0
https://www.thecasinos.com/mexico/acapulco/emotion-casino-jai-alai,0
https://www.thecasinos.com/mexico/naucalpan/casino-palace-toreo,0
https://www.thecasinos.com/mexico/san-luis-potosi/clover-casino---san-luis-potos,0
https://www.thecasinos.com/mexico/atizapan-de-zaragoza/big-bola-casino-atizapan,0
https://www.thecasinos.com/france/dax/casino-de-dax,0
https://www.thecasinos.com/mexico/cordoba/big-bola-casino-cordova,0
https://www.thecasinos.com/mexico/metepec/winpot-casino-metepec,0
https://www.thecasinos.com/mexico/celaya/big-bola-casino-celaya,0
https://www.thecasinos.com/mexico/mexicali/winpot-casino-mexicali,0
https://www.thecasinos.com/mexico/playa-del-carmen/winpot-casino-carmen-beach,0
https://www.thecasinos.com/mexico/xalapa/golden-lion-casino-xalapa,0
https://www.thecasinos.com/mexico/puebla/winpot-casino-puebla,0
https://www.thecasinos.com/mexico/cancun/casino-palace-cancn,0
https://www.thecasinos.com/mexico/leon/big-bola-casino-leon,0
https://www.thecasinos.com/mexico/los-mochis/big-bola-casino-los-mochis,0
https://www.thecasinos.com/mexico/coatzacoalcos/casino-palace-coatzacoalcos,0
https://www.thecasinos.com/mexico/culiacan/culiacan-forum-casino,0
https://www.thecasinos.com/mexico/metepec/big-bola-casino-metepec,0
https://www.thecasinos.com/mexico/orizaba/big-bola-casino-orizaba,0
https://www.thecasinos.com/mexico/alvaro-obregon/big-bola-casino-pedregal,0
https://www.thecasinos.com/mexico/monterrey/jubilee-casino-monterrey,0
https://www.thecasinos.com/mexico/veracruz/diamonds-casino-poza-rica,0
https://www.thecasinos.com/mexico/nogales/palace-casino-nogales,0
https://www.thecasinos.com/mexico/zapopan/diamonds-casino-cordilleras,0
https://www.thecasinos.com/mexico/mexicali/diamonds-casino-mexicali,0
https://www.thecasinos.com/mexico/boca-del-rio/big-bola-casino-veracruz,0
https://www.thecasinos.com/mexico/xalapa/big-bola-casino-xalapa,0
https://www.thecasinos.com/mexico/mexico-city/palace-casino-insurgentes,0
https://www.thecasinos.com/mexico/villahermosa/crown-city-casino-villahermosa,0
https://www.thecasinos.com/mexico/guamuchil/m-casino-guamchil,0
https://www.thecasinos.com/mexico/villahermosa/taj-mahal-villahermosa,0
https://www.thecasinos.com/mexico/miguel-hidalgo/play-city-casino-antara,0
https://www.thecasinos.com/mexico/hermosillo/m-casino-hermosillo-pabellon,0
https://www.thecasinos.com/uruguay/punta-del-este/sala-punta-shopping,0
https://www.thecasinos.com/dominican-republic/punta-cana/casino-dominic,0
https://www.thecasinos.com/dominican-republic/santo-domingo/santo-domingo-golden-princess-casino,0
https://www.thecasinos.com/dominican-republic/santo-domingo/santo-domingo-princess-casino,0
https://www.thecasinos.com/mexico/naucalpan/big-bola-casino-tecamachalco,0
https://www.thecasinos.com/mexico/merida/la-cima-casino-and-sportsbook-merida,0
https://www.thecasinos.com/mexico/tlalnepantla-de-baz/big-bola-casino-tlalnepantla,0
https://www.thecasinos.com/mexico/hermosillo/casino-central-hermosillo,0
https://www.thecasinos.com/mexico/mexico-city/palace-casino-san-jeronimo,0
https://www.thecasinos.com/mexico/tuxpan/big-bola-casino-tuxpan,0
https://www.thecasinos.com/mexico/hermosillo/play-city-casino-hermosillo,0
https://www.thecasinos.com/mexico/hermosillo/caliente-casino-poza-rica,0
https://www.thecasinos.com/mexico/orizaba/casino-bingo-777-orizaba,0
https://www.thecasinos.com/mexico/san-luis-rio-colorado/emine-casino,0
https://www.thecasinos.com/mexico/puerto-penasco/lucky-point-casino,0
https://www.thecasinos.com/mexico/nogales/palermo-casino-nogales,0
https://www.thecasinos.com/mexico/mazatlan/m-casino-mazatln,0
https://www.thecasinos.com/mexico/rosarito/m-casino-rosarito,0
https://www.thecasinos.com/mexico/hermosillo/m-casino-hermosillo-rodrigiuez,0
https://www.thecasinos.com/mexico/obregon/m-casino-obregon,0
https://www.thecasinos.com/united-states/kansas-city/7th-street-casino,0
https://www.thecasinos.com/senegal/dakar/terrou-bi-casino-and-hotel,0
https://www.thecasinos.com/canada/edmonton/century-mile-racetrack-and-casino,0
https://www.thecasinos.com/mexico/hermosillo/yak-casino-hermosillo,0
https://www.thecasinos.com/mexico/hermosillo/casino-fortune-hermosillo,0
https://www.thecasinos.com/mexico/guaymas/winpot-casino-guaymas,0
https://www.thecasinos.com/mexico/ciudad-obregon/casino-central-crown-obregon,0
https://www.thecasinos.com/croatia/pula/golden-sun-casino-pula,0
https://www.thecasinos.com/mexico/san-francisdo-del-rincon/casino-central-san-francisco-del-rincon,0
https://www.thecasinos.com/mexico/guadalajara/casino-central-guadalajara,0
https://www.thecasinos.com/mexico/colima/casino-central-colima,0
https://www.thecasinos.com/mexico/la-paz/casino-central-crown-la-paz,0
https://www.thecasinos.com/mexico/caborca/magic-city-casino-caborca,0
https://www.thecasinos.com/mexico/mazatlan/casino-monte-carlo-mazatlan,0
https://www.thecasinos.com/mexico/mazatlan/arenas-golden-casino,0
https://www.thecasinos.com/mexico/culiacan/royal-yak-casino-culiacan,0
https://www.thecasinos.com/mexico/culiacan/tropicana-casino-culiacan,0
https://www.thecasinos.com/mexico/guasave/casino-el-dorado,0
https://www.thecasinos.com/mexico/san-andres-cholula/play-city-casino-puebla-torres-jv,0
https://www.thecasinos.com/mexico/zapopan/play-city-casino-la-gran-plaza,0
https://www.thecasinos.com/equatorial-guinea/malabo/el-barco-casino,0
https://www.thecasinos.com/chile/talcahuano/casino-marina-del-sol-talcahuano,0
https://www.thecasinos.com/mexico/comalcalco/casino-magic-comalcalco,0
https://www.thecasinos.com/chile/osorno/casino-marina-del-sol-osorno,0
https://www.thecasinos.com/mexico/acapulco/play-city-casino-acapulco,0
https://www.thecasinos.com/chile/calama/casino-marina-del-sol-calama,0
https://www.thecasinos.com/mexico/durango/play-city-casino-paseo-durango,0
https://www.thecasinos.com/mexico/ciudad-juarez/play-city-casino-plaza-cuquita,0
https://www.thecasinos.com/mexico/monterrey/play-city-casino-cumbres,0
https://www.thecasinos.com/mexico/metepec/play-city-casino-metepec,0
https://www.thecasinos.com/mexico/monterrey/play-city-casino-lindavista,0
https://www.thecasinos.com/mexico/monterrey/play-city-casino-plaza-real,0
https://www.thecasinos.com/mexico/zapopan/play-city-casino-plaza-andares,0
https://www.thecasinos.com/united-states/bridgeport/point-place-casino,0
https://www.thecasinos.com/mexico/monterrey/miravalle-casino-monterrey,0
https://www.thecasinos.com/ghana/kumasi/millionaires-casino-kumasi,0
https://www.thecasinos.com/mexico/san-luis-potosi/caliente-casino-san-luis-potosi,0
https://www.thecasinos.com/mexico/tlalpan/play-city-acoxpa,0
https://www.thecasinos.com/mexico/culiacan/flamingo-casino-culiacn,0
https://www.thecasinos.com/mexico/culiacan/records-sportsbook-bar-and-grill,0
https://www.thecasinos.com/chile/san-francisco-de-mostazal/sun-monticello-casino-and-hotel,0
https://www.thecasinos.com/mexico/chetumal/mayan-princess-casino,0
https://www.thecasinos.com/mexico/cancun/dubai-palace-casino,0
https://www.thecasinos.com/mexico/queretaro/casino-winland,0
https://www.thecasinos.com/mexico/chetumal/yak-las-americas,0
https://www.thecasinos.com/mexico/cancun/caliente-casino-cancun,0
https://www.thecasinos.com/mexico/queretaro/yak-plaza-boulevares,0
https://www.thecasinos.com/united-states/atlantic-city/hard-rock-hotel--casino-atlantic-city,0
https://www.thecasinos.com/mexico/monterrey/casino-revolucion-monterrey,0
https://www.thecasinos.com/mexico/chapala/foliati-casino-ajijic,0
https://www.thecasinos.com/mexico/allende/foliati-casino-allende,0
https://www.thecasinos.com/mexico/monterrey/la-fortuna-casino-monterrey,0
https://www.thecasinos.com/mexico/monterrey/la-isla-del-tesoro,0
https://www.thecasinos.com/mexico/monterrey/new-york-casino-monterrey,0
https://www.thecasinos.com/mexico/cholula/winners-room-casino,0
https://www.thecasinos.com/mexico/monterrey/paradise-casino-monterrey,0
https://www.thecasinos.com/mexico/monterrey/viva-mexico-casino-monterrey,0
https://www.thecasinos.com/hungary/budapest/las-vegas-casino-atrium-eurocenter,0
https://www.thecasinos.com/canada/chatham/riverview-bingo-palace,0
https://www.thecasinos.com/hungary/budapest/tropicana-casino-budapest,0
https://www.thecasinos.com/croatia/labin/admiral-automat-klub-labin,0
https://www.thecasinos.com/croatia/rovinj/admiral-automat-klub-rovinj,0
https://www.thecasinos.com/croatia/zagreb/golden-sun-casino-zagreb,0
https://www.thecasinos.com/croatia/osijek/golden-sun-casino-osijek,0
https://www.thecasinos.com/croatia/split/platinum-casino-split,0
https://www.thecasinos.com/aruba/oranjestad/la-cabana-beach-resort-and-casino,0
https://www.thecasinos.com/angola/ingombota/casinos-de-angola-marco-polo,0
https://www.thecasinos.com/angola/belas/casinos-de-angola-golden-dragon,0
https://www.thecasinos.com/mexico/puebla/yak-casino-palmas-plaza,0
https://www.thecasinos.com/mexico/monterrey/winland-casino-monterrey,0
https://www.thecasinos.com/cameroon/douala/treasure-hunter-casino,0
https://www.thecasinos.com/liberia/monrovia/mamba-point-hotel--oceano-casino,0
https://www.thecasinos.com/ghana/accra/golden-dragon-casino-osu,0
https://www.thecasinos.com/ghana/tema/golden-dragon-casino-tema,0
https://www.thecasinos.com/angola/luanda/casinos-de-angola-brasilia,0
https://www.thecasinos.com/ghana/accra/vienna-city-hotel-and-casino-accra,0
https://www.thecasinos.com/cape-verde/santa-maria/casino-royal-cape-verde,0
https://www.thecasinos.com/croatia/dubrovnik/merit-libertas,0
https://www.thecasinos.com/croatia/split/merit-casino-grand-lav,0
https://www.thecasinos.com/montenegro/budva/casino-avala,0
https://www.thecasinos.com/montenegro/podgorica/merit-casino-montenegro-hitlon-hotel,0
https://www.thecasinos.com/dominica/roseau/mapau-dominica-entertainment-centre-roseau,0
https://www.thecasinos.com/montenegro/budva/merit-casino-royal-splendid,0
https://www.thecasinos.com/el-salvador/san-salvador/casino-crown-colonial-san-salvador,0
https://www.thecasinos.com/jamaica/kingston/the-macau-gaming-lounge--bar,0
https://www.thecasinos.com/el-salvador/san-miguel/casino-crown-colonial-san-miguel,0
https://www.thecasinos.com/mexico/villahermosa/casino-crown-colonial-mexico,0
https://www.thecasinos.com/guatemala/guatemala-city/casino-crown-colonial-guatemala,0
https://www.thecasinos.com/finland/espoo/feel-vegas-casino-sello,0
https://www.thecasinos.com/finland/espoo/pelaamo-espoo-lippulaiva,0
https://www.thecasinos.com/finland/espoo/feel-vegas-casino-iso-omena,0
https://www.thecasinos.com/finland/jyvaskyla/feel-vegas-jyvaskyla,0
https://www.thecasinos.com/finland/forsaa/pelaamo-forssa,0
https://www.thecasinos.com/finland/kupio/feel-vegas-casino-kuopio,0
https://www.thecasinos.com/finland/helsinki/pelaamo-helsinki-myllypuro,0
https://www.thecasinos.com/haiti/port-au-prince/four-aces-casino-haiti,0
https://www.thecasinos.com/united-states/bossier-city/margaritaville-resort-casino,0
https://www.thecasinos.com/united-states/loleta/bear-river-casino-resort,0
https://www.thecasinos.com/united-states/chiloquin/kla-mo-ya-casino,0
https://www.thecasinos.com/united-states/loleta/bear-river-pump--play,0
https://www.thecasinos.com/united-states/laytonville/red-fox-casino,0
https://www.thecasinos.com/united-states/harlem/fort-belknap-casino,0
https://www.thecasinos.com/united-states/valley-center/valley-view-casino--hotel,0
https://www.thecasinos.com/united-states/oroville/gold-country-casino-and-hotel,0
https://www.thecasinos.com/united-states/geyserville/river-rock-casino,0
https://www.thecasinos.com/united-states/box-elder/northern-winz-hotel--casino,0
https://www.thecasinos.com/united-states/barstow/barstow-casino-and-resort,0
https://www.thecasinos.com/united-states/missoula/montana-jacks-restaurant-and-casino-missoula,0
https://www.thecasinos.com/united-states/moapa/moapa-paiute-travel-plaza-and-casino,0
https://www.thecasinos.com/united-states/cuba/apache-nugget-casino,0
https://www.thecasinos.com/united-states/dulce/wild-horse-casino-and-hotel,0
https://www.thecasinos.com/united-states/shiprock/flowing-water-casino,0
https://www.thecasinos.com/united-states/pine-ridge/prairie-wind-casino-hotel,0
https://www.thecasinos.com/united-states/watertown/dakota-sioux-casino,0
https://www.thecasinos.com/united-states/pickstown/fort-randall-casino-hotel,0
https://www.thecasinos.com/united-states/shreveport/cash-magic-shreveport,0
https://www.thecasinos.com/united-states/lake-charles/cash-magic-lake-charles,0
https://www.thecasinos.com/united-states/vinton/cash-magic-texas-pelican,0
https://www.thecasinos.com/united-states/vinton/cash-magic-vinton,0
https://www.thecasinos.com/united-states/sulphur/cash-magic-winners-choice,0
https://www.thecasinos.com/united-states/marrero/cash-magic-westbank,0
https://www.thecasinos.com/united-states/larose/cash-magic-larose,0
https://www.thecasinos.com/united-states/raceland/cash-magic-raceland,0
https://www.thecasinos.com/argentina/parana/neo-sala-de-juegos-galan,0
https://www.thecasinos.com/united-states/amite/forest-gold-truck-plaza-and-casino,0
https://www.thecasinos.com/canada/edmonton/castledowns-bingo,0
https://www.thecasinos.com/canada/lethbridge/winners-bingo,0
https://www.thecasinos.com/canada/edmonton/fort-road-bingo,0
https://www.thecasinos.com/united-states/amite/cash-magic-st-helena,0
https://www.thecasinos.com/united-states/denham-springs/cash-magic-silver-fox,0
https://www.thecasinos.com/united-states/eunice/cash-magic-eunice,0
https://www.thecasinos.com/united-states/breaux-bridge/cash-magic-breaux-birdge,0
https://www.thecasinos.com/united-states/springhill/cash-magic-springhill,0
https://www.thecasinos.com/united-states/thibodaux/cash-magic-thibodaux,0
https://www.thecasinos.com/argentina/diamante/neo-sala-de-juegos-diamante,0
https://www.thecasinos.com/united-states/houma/cash-magic-prospect-station,0
https://www.thecasinos.com/united-states/houma/cash-magic-houma,0
https://www.thecasinos.com/united-states/bayou-vista/cash-magic-bayou-vista,0
https://www.thecasinos.com/united-states/broussard/cash-magic-broussard-south,0
https://www.thecasinos.com/united-states/cloverdale/cloverdale-rancheria-resort-and-casino,0
https://www.thecasinos.com/uganda/jinja/nile-view-casino,0
https://www.thecasinos.com/united-states/vinton/lucky-longhorn-casino,0
https://www.thecasinos.com/united-states/oaks/valley-forge-turf-club,0
https://www.thecasinos.com/canada/london/gateway-casino-london,0
https://www.thecasinos.com/canada/clinton/gateway-casino-clinton,0
https://www.thecasinos.com/canada/vancouver/edgewater-casino-vancouver,0
https://www.thecasinos.com/canada/edmundston/grey-rock-casino,0
https://www.thecasinos.com/canada/edmonton/west-end-bingo,0
https://www.thecasinos.com/canada/woodstock/gateway-casino-woodstock,0
https://www.thecasinos.com/canada/spruce-grove/spruce-grove-bingo,0
https://www.thecasinos.com/united-states/denham-springs/lucky-magnolia-truck-plaza-and-casino,0
https://www.thecasinos.com/canada/carberry/sand-hills-casino,0
https://www.thecasinos.com/canada/williams-lake/signal-point-gaming,0
https://www.thecasinos.com/canada/squamish/chances-squamish,0
https://www.thecasinos.com/canada/leduc/leduc-rapid-bingo,0
https://www.thecasinos.com/canada/kamloops/chances-kamloops,0
https://www.thecasinos.com/canada/calgary/bingo-barn,0
https://www.thecasinos.com/canada/abbotsford/chances-playtime-abbotsford,0
https://www.thecasinos.com/canada/campbell-river/chances-playtime-campbell-river,0
https://www.thecasinos.com/canada/langley/cascades-casino-resort-langley,0
https://www.thecasinos.com/canada/woodstock-first-nation/eagles-nest-gaming,0
https://www.thecasinos.com/canada/calgary/bingo-palace,0
https://www.thecasinos.com/canada/medicine-hat/top-hat-bingo-hall,0
https://www.thecasinos.com/canada/elora/olg-slots-grand-river,0
https://www.thecasinos.com/canada/london/gateway-london,0
https://www.thecasinos.com/canada/gloucester/hard-rock-hotel--casino-ottawa,0
https://www.thecasinos.com/canada/sydney/northside-downs,0
https://www.thecasinos.com/canada/st-johns/cowan-plaza-bingo,0
https://www.thecasinos.com/canada/halifax/halifax-forum-super-bingo,0
https://www.thecasinos.com/canada/lower-sackville/sackville-ldra-bingo,0
https://www.thecasinos.com/canada/dartmouth/farrell-hall-bingo,0
https://www.thecasinos.com/canada/bridgewater/bridgewater-legion-bingo,0
https://www.thecasinos.com/canada/toronto/delta-bingo-and-gaming-downsview,0
https://www.thecasinos.com/canada/barrie/delta-bingo-and-gaming-barrie,0
https://www.thecasinos.com/canada/membertou/membertou-entertainment-center,0
https://www.thecasinos.com/nigeria/lagos/the-federal-palace-hotel--casino,0
https://www.thecasinos.com/canada/st-catharines/delta-bingo-and-gaming-st-catharines,0
https://www.thecasinos.com/canada/brampton/delta-bingo-and-gaming-brampton,0
https://www.thecasinos.com/canada/pickering/delta-bingo-and-gaming-pickering,0
https://www.thecasinos.com/united-states/lothaian/delta-bingo-and-gaming-waysons,0
https://www.thecasinos.com/canada/ottawa/overbrook-bingo,0
https://www.thecasinos.com/canada/toronto/delta-bingo-and-gaming-st-clair,0
https://www.thecasinos.com/canada/peterborough/delta-bingo-and-gaming-peterborough,0
https://www.thecasinos.com/united-states/laurel/delta-bingo-and-gaming-laurel,0
https://www.thecasinos.com/canada/oakville/delta-bingo-and-gaming-oakville,0
https://www.thecasinos.com/canada/fort-erie/delta-bingo-and-gaming-fort-erie,0
https://www.thecasinos.com/canada/pembroke/delta-bingo-and-gaming-pembroke,0
https://www.thecasinos.com/canada/sudbury/delta-bingo-and-gaming-caron,0
https://www.thecasinos.com/canada/hawkesbury/delta-bingo-and-gaming-hawkesbury,0
https://www.thecasinos.com/canada/penetanguishene/delta-bingo-and-gaming-penetang,0
https://www.thecasinos.com/canada/sudbury/delta-bingo-and-gaming-sudbury,0
https://www.thecasinos.com/canada/khanawake/poker-palace,0
https://www.thecasinos.com/canada/yorkton/painted-hand-casino,0
https://www.thecasinos.com/canada/fort-st-johns/chances-fort-st-john,0
https://www.thecasinos.com/canada/burlington/the-bingo-connection,0
https://www.thecasinos.com/canada/charlottetown/bingo-world-charlottetown,0
https://www.thecasinos.com/canada/alberton/bingo-world-alberton,0
https://www.thecasinos.com/canada/brampton/bingo-country-brampton,0
https://www.thecasinos.com/canada/sarnia/sarnia-bingo-country,0
https://www.thecasinos.com/canada/richmond-hill/bingo-world-richmond-hill,0
https://www.thecasinos.com/canada/kingston/play-gaming--entertainment,0
https://www.thecasinos.com/canada/ottawa/friends-bingo,0
https://www.thecasinos.com/canada/toronto/dolphin-gaming,0
https://www.thecasinos.com/canada/belleville/belleville-lions-bingo-hall,0
https://www.thecasinos.com/canada/winnipeg/kinsmen-jackpot-bingo,0
https://www.thecasinos.com/united-states/tulsa/chickasaw-terral-casino,0
https://www.thecasinos.com/guyana/georgetown/sleepin-hotel-and-carnival-casino,0
https://www.thecasinos.com/argentina/parana/neo-casino-25-de-mayo,0
https://www.thecasinos.com/argentina/formosa/neo-casino-formosa,0
https://www.thecasinos.com/argentina/formosa/neo-casino-san-martin-formosa,0
https://www.thecasinos.com/united-states/bridger/dry-creek-saloon-and-casino,0
https://www.thecasinos.com/argentina/rosario/city-center-rosario,0
https://www.thecasinos.com/argentina/misiones/casino-obera-hotel,0
https://www.thecasinos.com/argentina/mendoza/fuente-mayor-hotel-and-casino,0
https://www.thecasinos.com/argentina/concepcion-del-uruguay/sala-de-juegos-concepion-del-uruguay,0
https://www.thecasinos.com/argentina/general-roca/casino-del-rio-general-roca,0
https://www.thecasinos.com/argentina/las-grutas/casino-del-rio-las-grutas,0
https://www.thecasinos.com/argentina/viedma/casino-del-rio-viedma,0
https://www.thecasinos.com/canada/edmonton/kensington-bingo-hall,0
https://www.thecasinos.com/argentina/balneario-el-condor/casino-del-rio-belneario-el-condor,0
https://www.thecasinos.com/slovenia/nova-gorica/mond-casino-and-hotel,0
https://www.thecasinos.com/argentina/corrientes/turismo-hotel-and-casino,0
https://www.thecasinos.com/united-states/airway-heights/spokane-tribe-casino,0
https://www.thecasinos.com/united-kingdom/birmingham/rainbow-casino-birmingham,0
https://www.thecasinos.com/united-states/billings/maverick-casino-at-doc-and-eddys,0
https://www.thecasinos.com/slovenia/portoroz/grand-casino-portoroz,0
https://www.thecasinos.com/slovenia/sempeter-pri-gorici/casino-drive-in,0
https://www.thecasinos.com/slovenia/kobarid/aurora-casino--cabaret,0
https://www.thecasinos.com/united-states/billings/buffalo-palace-casino,0
https://www.thecasinos.com/italy/civitanova-marche/casin-le-palme-civitanova,0
https://www.thecasinos.com/italy/san-giovanni-teatino/casino-le-palme-at-hippodrome-abruzzo,0
https://www.thecasinos.com/india/panaji/casino-carnival-at-marriott-hotel,0
https://www.thecasinos.com/united-states/townsend/silos-inn,0
https://www.thecasinos.com/united-states/bridger/buckeye-bar,0
https://www.thecasinos.com/united-states/belfry/belfry-bar,0
https://www.thecasinos.com/italy/venice/windstar-cruises---wind-star,0
https://www.thecasinos.com/italy/rome/windstar-cruises---star-breeze,0
https://www.thecasinos.com/italy/venice/windstar-cruises---star-legend,0
https://www.thecasinos.com/united-states/belfry/silver-tip-bar-and-casino,0
https://www.thecasinos.com/united-states/miami/carnival-cruise-lines-vista,0
https://www.thecasinos.com/bermuda/st-georges/holland-america-ms-nieuw-statendam,0
https://www.thecasinos.com/spain/barcelona/carnival-cruise-lines-horizon,0
https://www.thecasinos.com/canada/calgary/cash-casino---calgary,0
https://www.thecasinos.com/sint-maarten/philipsburg/beach-plaza-casino,0
https://www.thecasinos.com/sint-maarten/cole-bay/paradise-plaza-casino---simpson-bay,0
https://www.thecasinos.com/sint-maarten/cole-bay/tropicana-princess-casino,0
https://www.thecasinos.com/egypt/cairo/cleopatra-casino,0
https://www.thecasinos.com/dominican-republic/santo-domingo/atlantis-world-casino-at-crowne-plaza,0
https://www.thecasinos.com/united-states/gardena/larry-flynts-hustler-casino,0
https://www.thecasinos.com/united-states/reno/bonanza-casino,0
https://www.thecasinos.com/united-states/mesquite/eureka-casino-resort,0
https://www.thecasinos.com/united-states/henderson/emerald-island-casino,0
https://www.thecasinos.com/united-states/henderson/klondike-sunset-casino,0
https://www.thecasinos.com/united-states/north-las-vegas/poker-palace-casino,0
https://www.thecasinos.com/united-states/mcdermitt/say-when-casino,0
https://www.thecasinos.com/united-states/winnemucca/sundance-casino,0
https://www.thecasinos.com/united-kingdom/scarborough/the-opera-house-casino,0
https://www.thecasinos.com/argentina/san-luis/casino-golden-palace---san-luis,0
https://www.thecasinos.com/argentina/san-luis/casino-golden-palace---la-punta,0
https://www.thecasinos.com/argentina/san-luis/hotel-casino-golden-palace---nueva-galia,0
https://www.thecasinos.com/sint-maarten/philipsburg/dunes-casino-at-alegria-boutique-hotel,0
https://www.thecasinos.com/czech-republic/prague/banco-casino,0
https://www.thecasinos.com/czech-republic/prague/vegas-casino-prague,0
https://www.thecasinos.com/croatia/zagreb/casino-city-zagreb,0
https://www.thecasinos.com/czech-republic/ostrava/casino-kart-imperial-ostrava,0
https://www.thecasinos.com/dominican-republic/santo-domingo/diamante-casino,0
https://www.thecasinos.com/egypt/cairo/cedars-casino,0
https://www.thecasinos.com/egypt/cairo/casino-panorama,0
https://www.thecasinos.com/new-zealand/dunedin/the-grand-casino-dunedin,0
https://www.thecasinos.com/nigeria/abuja/transcorp-hilton-abuja,0
https://www.thecasinos.com/peru/lima/la-ballena,0
https://www.thecasinos.com/trinidad-and-tobago/valsayn/island-club-casino,0
https://www.thecasinos.com/united-states/harlem/e-z-mart-casino,0
https://www.thecasinos.com/ireland/dublin/goodfellows-casino,0
https://www.thecasinos.com/portugal/portimao/hotel-algarve-casino,0
https://www.thecasinos.com/slovenia/sezana/grand-casino-lipica,0
https://www.thecasinos.com/slovenia/nova-gorica/casino-admiral-princess-nova-gorica,0
https://www.thecasinos.com/kazakhstan/astana/casino-zodiak-astana,0
https://www.thecasinos.com/dominican-republic/santo-domingo/mirage-casino,0
https://www.thecasinos.com/dominican-republic/santo-domingo/paradise-plaza-casino---santo-domingo,0
https://www.thecasinos.com/netherlands/kaatsheuvel/toy-toy-kaatsheuvel,0
https://www.thecasinos.com/netherlands/nijmegen/jacks-casino-nijmegen,0
https://www.thecasinos.com/netherlands/hoogezand/flash-casino-hoogezand,0
https://www.thecasinos.com/france/pleneuf-val-andre/casino-val-andr---partouche,0
https://www.thecasinos.com/united-states/north-las-vegas/dottys-casino,0
https://www.thecasinos.com/united-states/henderson/boulder-lodge-casino,0
https://www.thecasinos.com/new-caledonia/anse-vata/casino-royal-noumea,0
https://www.thecasinos.com/united-states/la-place/poker-palace-casino---laplace,0
https://www.thecasinos.com/united-kingdom/blackpool/genting-casino-blackpool,0
https://www.thecasinos.com/united-kingdom/leicester/electric-circus-leicester,0
https://www.thecasinos.com/united-states/bozeman/jackpot-casino-bozeman,0
https://www.thecasinos.com/united-states/virginia-city/delta-saloon,0
https://www.thecasinos.com/united-states/crystal-bay/jim-kelleys-tahoe-nugget,0
https://www.thecasinos.com/argentina/formosa/casino-del-norte--formosa-central,0
https://www.thecasinos.com/peru/chiclayo/palacio-royal-chiclayo,0
https://www.thecasinos.com/peru/piura/palacio-royal-piura,0
https://www.thecasinos.com/peru/arequipa/palacio-royal-arequipa,0
https://www.thecasinos.com/peru/huancayo/palacio-royal-huancayo,0
https://www.thecasinos.com/united-states/las-vegas/dottys-casino---flamingo,0
https://www.thecasinos.com/new-caledonia/pointe-magnin/grand-casino-noumea,0
https://www.thecasinos.com/canada/calgary/stampede-park,0
https://www.thecasinos.com/united-states/okmulgee/creek-nation-travel-plaza---okmulgee,0
https://www.thecasinos.com/united-states/las-vegas/dottys-casino---tropicana,0
https://www.thecasinos.com/united-states/las-vegas/dottys-casino---decatur,0
https://www.thecasinos.com/united-states/las-vegas/dottys-casino---boulder-hwy,0
https://www.thecasinos.com/united-states/las-vegas/dottys-casino---sahara,0
https://www.thecasinos.com/united-states/las-vegas/dottys-casino---rainbow,0
https://www.thecasinos.com/united-states/north-las-vegas/dottys-casino---lake-mead,0
https://www.thecasinos.com/belize/stann-creek/the-placencia-casino,0
https://www.thecasinos.com/united-states/las-vegas/dottys-casino---eastern,0
https://www.thecasinos.com/united-states/las-vegas/dottys-casino---blue-diamond,0
https://www.thecasinos.com/united-states/pahrump/dottys-casino---pahrump,0
https://www.thecasinos.com/united-states/las-vegas/dottys-casino---durango,0
https://www.thecasinos.com/united-states/las-vegas/dottys-casino---n-rancho,0
https://www.thecasinos.com/united-states/north-las-vegas/dottys-casino---las-vegas-blvd,0
https://www.thecasinos.com/united-states/henderson/dottys-casino---horizon-ridge,0
https://www.thecasinos.com/united-states/stateline/dottys-casino---stateline,0
https://www.thecasinos.com/united-states/carson-city/dottys-casino---carson,0
https://www.thecasinos.com/united-states/sparks/dottys-casino---sparks,0
https://www.thecasinos.com/france/plombieres-les-bains/casino-plombieres-les-bains,0
https://www.thecasinos.com/ireland/dublin/collosus-casinos-sporting-club,0
https://www.thecasinos.com/romania/bucharest/grand-casino-romania,0
https://www.thecasinos.com/slovakia/bratislava/casino-cafe-reduta,0
https://www.thecasinos.com/france/grasse/casino-victoria-grasse,0
https://www.thecasinos.com/sweden/stockholm/silja-symphony-cruise-ship,0
https://www.thecasinos.com/uganda/kampala/venetian-casino--bar-kampala,0
https://www.thecasinos.com/liechtenstein/schaanwald/casino-schaanwald,0
https://www.thecasinos.com/liechtenstein/ruggell/casino-admiral-ruggell,0
https://www.thecasinos.com/cambodia/sihanoukville/jin-bei-casino--hotel,0
https://www.thecasinos.com/vietnam/phu-quoc/corona-resort--casino-phu-quoc,0
https://www.thecasinos.com/chile/copiapo/antay-casino--hotel,0
https://www.thecasinos.com/croatia/slavonski-brod/golden-sun-casino---slavonski-brod,0
https://www.thecasinos.com/croatia/cakovec/golden-sun-casino-cakovec,0
https://www.thecasinos.com/uganda/kampala/star-casino--hotel-kampala,0
https://www.thecasinos.com/uganda/kampala/diamond-casino-kampala,0
https://www.thecasinos.com/zambia/lusaka/diamond-casino-lusaka,0
https://www.thecasinos.com/zambia/lusaka/casino-marina-lusaka,0
https://www.thecasinos.com/united-states/helena/4-js-casino,0
https://www.thecasinos.com/zambia/lusaka/lusaka-royale-casino,0
https://www.thecasinos.com/madagascar/antananarivo/casino-marina-antananarivo,0
https://www.thecasinos.com/zambia/lusaka/emperor-palace-casino---zambia,0
https://www.thecasinos.com/zambia/lusaka/millionaires-casino-lusaka,0
https://www.thecasinos.com/united-states/billings/cypress-bayou-casino-montana,0
https://www.thecasinos.com/slovenia/bled/casino-bled-at-hotel-park,0
https://www.thecasinos.com/zambia/lusaka/monte-carlo-casino-zambia,0
https://www.thecasinos.com/namibia/windhoek/plaza-casino-windhoek,0
https://www.thecasinos.com/namibia/ondangwa/plaza-casino-ondangwa,0
https://www.thecasinos.com/malawi/blantyre/colony-club-casino---blantyre,0
https://www.thecasinos.com/malawi/lilongwe/vision-gaming-lilongwe,0
https://www.thecasinos.com/malawi/blantyre/blue-elephant-blantyre,0
https://www.thecasinos.com/malawi/lilongwe/pirates-casino,0
https://www.thecasinos.com/united-states/salem/chasers-poker-room--casino,0
https://www.thecasinos.com/madagascar/antananarivo/htel-de-lavenue--casino,0
https://www.thecasinos.com/ireland/dublin/fitzpatricks-casino-tallaght,0
https://www.thecasinos.com/ireland/limerick/fitzpatricks-casino-limerick,0
https://www.thecasinos.com/ireland/dublin/fitzpatricks-casino---dun-laoghaire,0
https://www.thecasinos.com/uganda/kampala/caesars-palace-casino-kampala,0
https://www.thecasinos.com/peru/lima/casino-oasis-palace,0
https://www.thecasinos.com/united-states/perry/fancy-dance-casino,0
https://www.thecasinos.com/germany/bensheim/storm-casino-bensheim,0
https://www.thecasinos.com/latvia/riga/sl-casino-riga,0
https://www.thecasinos.com/germany/frankfurt-am-main/storm-casino-frankfurt---hanauer,0
https://www.thecasinos.com/germany/frankfurt-am-main/storm-casino-frankfurt---kurt-schumacher-str,0
https://www.thecasinos.com/germany/frankfurt-am-main/storm-casino-frankfurt---taunusstrae,0
https://www.thecasinos.com/germany/fulda/storm-casino-fulda---heidelsteinstrae,0
https://www.thecasinos.com/germany/mulheim/storm-casino-mlheim,0
https://www.thecasinos.com/germany/aschaffenburg/storm-casino-aschaffenburg,0
https://www.thecasinos.com/germany/simmern/storm-casino-simmern,0
https://www.thecasinos.com/croatia/zagreb/grand-casino-admiral-zagreb,0
https://www.thecasinos.com/france/sanary-sur-mer/viking-casino-sanary-sur-mer,0
https://www.thecasinos.com/united-states/anaconda/goosetown-sports-bar--casino,0
https://www.thecasinos.com/cambodia/sihanoukville/oriental-pearl-casino,0
https://www.thecasinos.com/cambodia/sihanoukville/wm-hotel--casino,0
https://www.thecasinos.com/vietnam/ho-chi-minh-city/pro-poker-club,0
https://www.thecasinos.com/united-states/san-jacinto/soboba-casino-resort,0
https://www.thecasinos.com/united-states/helena/montana-nugget-casino---helena,0
https://www.thecasinos.com/united-states/reno/floyds-fireside,0
https://www.thecasinos.com/colombia/bogota/paseo-villa-del-ro,0
https://www.thecasinos.com/united-states/louisville/derby-city-gaming--hotel,0
https://www.thecasinos.com/united-states/terral/the-riverstar-casino,0
https://www.thecasinos.com/united-states/santa-fe/tesuque-pueblo-casino,0
https://www.thecasinos.com/united-states/aquinnah/aquinnah-cliffs-casino,0
https://www.thecasinos.com/united-states/tryon/ioway-travel-plaza,0
https://www.thecasinos.com/united-states/cathedral-city/agua-caliente-casino-cathedral-city,0
https://www.thecasinos.com/united-states/lemoore/yokut-gas-station,0
https://www.thecasinos.com/south-africa/mthatha/mayfair-casino-mthatha,0
https://www.thecasinos.com/south-africa/mthatha/bingo-royale-mthatha,0
https://www.thecasinos.com/south-africa/bethelsdorp/bingo-royale-cleary-park,0
https://www.thecasinos.com/south-africa/jeffreys-bay/bingo-royale-jeffreys-bay,0
https://www.thecasinos.com/south-africa/matatiele/bingo-royale-matatiele,0
https://www.thecasinos.com/united-states/henderson/pts-gold---s-green-valley-parkway,0
https://www.thecasinos.com/canada/sudbury/kingsway-entertainment-district,0
https://www.thecasinos.com/united-kingdom/london/50-st-james,0
https://www.thecasinos.com/japan/hokkaido/rusutsu-resort--casino,0
https://www.thecasinos.com/south-africa/east-london/bingo-royale-east-london,0
https://www.thecasinos.com/south-africa/lusikisiki/bingo-royale-lusikisiki,0
https://www.thecasinos.com/south-africa/bizana/spin-n-win-mbizana,0
https://www.thecasinos.com/south-africa/port-elizabeth/spin-n-win-entertainment-world-uitenhage,0
https://www.thecasinos.com/united-kingdom/bristol/millennium-bar-bristol,0
https://www.thecasinos.com/united-states/hampstead/otb-at-greenmount-station,0
https://www.thecasinos.com/united-states/las-vegas/fontainebleau-las-vegas,0
https://www.thecasinos.com/canada/inverness/inverness-raceway,0
https://www.thecasinos.com/peru/lima/casino-alhambra,0
https://www.thecasinos.com/netherlands/sittard/fair-play-casino-sittard-rijksweg-zuid,0
https://www.thecasinos.com/united-states/las-vegas/pts-gold---w-maule-ave,0
https://www.thecasinos.com/austria/salzburg/concord-card-casino-salzburg,0
https://www.thecasinos.com/united-states/las-vegas/pts-gold---fort-apache-road,0
https://www.thecasinos.com/united-states/las-vegas/pts-gold---w-martin-ave,0
https://www.thecasinos.com/bahamas/nassau/breezes-bahamas-resort,0
https://www.thecasinos.com/antigua-and-barbuda/jolly-harbor/ayre-resort--casino,0
https://www.thecasinos.com/nepal/kathmandu/casino-venus,0
https://www.thecasinos.com/romania/bucharest/novotel-hotel--casino,0
https://www.thecasinos.com/united-states/helena/loose-caboose-bar--casino,0
https://www.thecasinos.com/united-states/helena/money-train-casino--lounge,0
https://www.thecasinos.com/united-states/helena/lucky-buckys-casino,0
https://www.thecasinos.com/united-states/helena/sunset-casino,0
https://www.thecasinos.com/united-states/helena/the-sapphire,0
https://www.thecasinos.com/united-states/helena/copper-club-casino,0
https://www.thecasinos.com/united-states/helena/nickels-gaming-parlour,0
https://www.thecasinos.com/united-states/helena/suds-hut-helena,0
https://www.thecasinos.com/germany/halle/merkur-spielbank-halle,0
https://www.thecasinos.com/germany/espelkamp/casino-merkur-spielothek,0
https://www.thecasinos.com/slovakia/bratislava/merkur-casino---bratislava-2,0
https://www.thecasinos.com/united-states/elk-grove/sky-river-casino,0
https://www.thecasinos.com/united-states/braman/rock--brews-casino,0
https://www.thecasinos.com/rwanda/kigali/new-oriental-casino,0
https://www.thecasinos.com/paraguay/asuncion/bingo-candilejas,0
https://www.thecasinos.com/vietnam/ha-long-bay/hollywood-one-club-ha-long-bay,0
https://www.thecasinos.com/canada/chatham/cascades-casino-chatham,0
https://www.thecasinos.com/france/gujan-mestras/casino-joa-de-gujan-mestras,0
https://www.thecasinos.com/philippines/malay/boracay-casino,0
https://www.thecasinos.com/united-states/tahlequah/cherokee-casino-tahlequah---springs-plaza,0
https://www.thecasinos.com/nigeria/lagos/sheraton-lagos-hotel--casino,0
https://www.thecasinos.com/macau/macau/royal-dragon-casino,0
https://www.thecasinos.com/paraguay/ciudad-del-este/video-bingo-brasil,0
https://www.thecasinos.com/netherlands/amsterdam/holland-casino-amsterdam-west,0
https://www.thecasinos.com/swaziland/mbabane/happy-valley-casino,0
https://www.thecasinos.com/south-africa/tzaneen/galaxy-bingo-tzaneen,0
https://www.thecasinos.com/spain/vigo/casino-de-vigo,0
https://www.thecasinos.com/canada/pickering/durham-live-resort--casino,0
https://www.thecasinos.com/paraguay/lambare/casino-vivant,0
https://www.thecasinos.com/germany/kiel/mein-schiff-1,0
https://www.thecasinos.com/slovakia/ruzomberok/casino-respect-ruomberok,0
https://www.thecasinos.com/paraguay/encarnacion/carnaval-hotel--casino,0
https://www.thecasinos.com/cyprus/limassol/c2---cyprus-casinos-limassol,0
https://www.thecasinos.com/united-states/san-felipe/black-mesa-travel-center,0
https://www.thecasinos.com/paraguay/asuncion/casino-american-asuncin,0
https://www.thecasinos.com/paraguay/salto-del-guaira/7-saltos-resort,0
https://www.thecasinos.com/paraguay/pedro-juan-caballero/amambay-hotel--casino,0
https://www.thecasinos.com/paraguay/asuncion/cosmopolitan-club---asuncion,0
https://www.thecasinos.com/united-states/robinsonville/1st-jackpot-casino-tunica,0
https://www.thecasinos.com/vietnam/van-don/casino-van-don,0
https://www.thecasinos.com/paraguay/ciudad-del-este/casino-del-este,0
https://www.thecasinos.com/paraguay/asuncion/hotel-guaran-esplendor--casino,0
https://www.thecasinos.com/colombia/pereira/casino-havana-pereira,0
https://www.thecasinos.com/paraguay/ciudad-del-este/cosmopolitan-club---ciudad-del-este,0
https://www.thecasinos.com/paraguay/santa-rita/cosmopolitan-club---santa-rita,0
https://www.thecasinos.com/italy/trieste/mein-schiff-2,0
https://www.thecasinos.com/united-states/fargo/ramada-fargo,0
https://www.thecasinos.com/philippines/paranaque/nayonlanding,0
https://www.thecasinos.com/united-states/cusick/kalispel-park--casino,0
https://www.thecasinos.com/mozambique/maputo/casino-marina-maputo,0
https://www.thecasinos.com/philippines/clark/filinvest-mimosa-leisure-city,0
https://www.thecasinos.com/united-states/las-vegas/park-mgm,0
https://www.thecasinos.com/tunisia/sousse/grande-casino-du-cedre,0
https://www.thecasinos.com/vietnam/phu-loc/laguna-lng-c,0
https://www.thecasinos.com/burundi/bujumbura/lydia-ludic-burundi,0
https://www.thecasinos.com/rwanda/kigali/lydia-ludic-rwanda,0
https://www.thecasinos.com/benin/cotonou/lydia-ludic-benin---concorde,0
https://www.thecasinos.com/benin/cotonou/lydia-ludic-benin---star-room,0
https://www.thecasinos.com/benin/cotonou/lydia-ludic-benin---sikecodji,0
https://www.thecasinos.com/benin/cotonou/lydia-ludic-benin---saint-michel,0
https://www.thecasinos.com/benin/cotonou/lydia-ludic-benin---akpakpa,0
https://www.thecasinos.com/paraguay/asuncion/lydia-ludic-paraguay,0
https://www.thecasinos.com/south-africa/kuruman/the-grand-oasis-casino,0
https://www.thecasinos.com/egypt/cairo/casino-barrire-el-gezirah,0
https://www.thecasinos.com/poland/katowice/katowice-at-park-inn-by-radisson,0
https://www.thecasinos.com/mexico/aguascalientes/clover-casino---aguascalientes,0
https://www.thecasinos.com/poland/krakow/krakow-at-dwor-kosciuszko-hotel,0
https://www.thecasinos.com/spain/girona/gran-casino-costa-brava,0
https://www.thecasinos.com/belarus/minsk/opera-casino-minsk,0
https://www.thecasinos.com/macau/taipa/grand-dragon-casino,0
https://www.thecasinos.com/united-states/york/hollywood-casino-york,0
https://www.thecasinos.com/kenya/nairobi/topstar-casino,0
https://www.thecasinos.com/saint-lucia/gros-islet/treasure-bay-casino---st-lucia,0
https://www.thecasinos.com/gibraltar/ocean-village/sunborn-casino-admiral,0
https://www.thecasinos.com/latvia/daugavpils/joker-casinos-daugavpils---novembra,0
https://www.thecasinos.com/macau/macau/macau-million-dragon,0
https://www.thecasinos.com/kenya/nairobi/cameo-casino,0
https://www.thecasinos.com/netherlands/zandvoort/casino-royaal,0
https://www.thecasinos.com/united-states/clovis/la-posada-del-llano,0
https://www.thecasinos.com/latvia/daugavpils/joker-casinos-daugavpils---ventspils,0
https://www.thecasinos.com/united-states/carter-lake/prairie-flower-casino,0
https://www.thecasinos.com/latvia/daugavpils/joker-casinos-daugavpils---jtnieku,0
https://www.thecasinos.com/united-states/bristol/bristol-casino---future-home-of-hard-rock,0
https://www.thecasinos.com/united-states/katy/freerolls-poker-club,0
https://www.thecasinos.com/slovakia/bratislava/banco-casino-bratislava,0
https://www.thecasinos.com/united-states/deadwood/the-lodge-at-deadwood,0
https://www.thecasinos.com/united-states/miami/royal-caribbean-international---symphony-of-the-seas,0
https://www.thecasinos.com/austria/vienna/montesino,0
https://www.thecasinos.com/united-states/keshena/thunderbird,0
https://www.thecasinos.com/united-states/houston/post-oak-poker-club,0
https://www.thecasinos.com/czech-republic/as/grand-casino-a,0
https://www.thecasinos.com/belarus/minsk/carat-casino-belarus,0
https://www.thecasinos.com/austria/vienna/concord-card-casino-lugner-city,0
https://www.thecasinos.com/austria/ischgl/concord-card-casino-ischgl,0
https://www.thecasinos.com/chile/temuco/dreams-temuco,0
https://www.thecasinos.com/austria/klagenfurt-am-worthersee/concord-card-casino-klagenfurt,0
https://www.thecasinos.com/austria/gmunden/concord-card-casino-gmunden,0
https://www.thecasinos.com/ukraine/kiev/full-house-kiev,0
https://www.thecasinos.com/austria/braunau-am-inn/concord-card-casino-braunau,0
https://www.thecasinos.com/austria/kufstein/concord-card-casino-kufstein,0
https://www.thecasinos.com/austria/innsbruck/concord-card-casino-innsbruck,0
https://www.thecasinos.com/austria/reutte/concord-card-casino-reutte,0
https://www.thecasinos.com/austria/bregenz/concord-card-casino-bregenz,0
https://www.thecasinos.com/united-states/thief-river-falls/seven-clans-casino-thief-river-falls,0
https://www.thecasinos.com/cyprus/nicosia/c2---cyprus-casinos-nicosia,0
https://www.thecasinos.com/united-states/cabazon/casino-morongo,0
https://www.thecasinos.com/belarus/minsk/casino-emir,0
https://www.thecasinos.com/country-of-georgia/tbilisi/casino-ambassadori,0
https://www.thecasinos.com/united-states/cass-lake/cedar-lakes-casino--hotel,0
https://www.thecasinos.com/united-states/pine-bluff/saracen-casino-resort,0
https://www.thecasinos.com/france/paris/imperial-club-paris,0
https://www.thecasinos.com/philippines/paranaque/grand-waterfront-hotel-and-casino,0
https://www.thecasinos.com/united-states/russellville/river-valley-casino,0
https://www.thecasinos.com/romania/bucharest/poker-room-bucharest,0
https://www.thecasinos.com/dominican-republic/punta-cana/lopesan-costa-bvaro-resort-spa--casino,0
https://www.thecasinos.com/russia/sochi/boomerang-casino,0
https://www.thecasinos.com/united-states/las-vegas/circa-resort--casino,0
https://www.thecasinos.com/germany/schwerin/spielbank-schwerin,0
https://www.thecasinos.com/germany/rostock/spielbank-rostock,0
https://www.thecasinos.com/netherlands/amersfoort/jacks-casino-amersfoort,0
https://www.thecasinos.com/united-states/butte/drunkn-miner-saloon--casino,0
https://www.thecasinos.com/croatia/zagreb/diamond-palace-casino,0
https://www.thecasinos.com/italy/corsico/imperium-room,0
https://www.thecasinos.com/mexico/cancun/dubai-palace-casino---cancn,0
https://www.thecasinos.com/united-states/midland/kojacks-poker-club,0
https://www.thecasinos.com/united-kingdom/milton-keynes/the-casino-milton-keynes,0
https://www.thecasinos.com/canada/innisfil/gateway-casinos-innisfil,0
https://www.thecasinos.com/nigeria/lagos/lagos-poker-club,0
https://www.thecasinos.com/philippines/pampanga/dheights-resorts-and-casino,0
https://www.thecasinos.com/united-states/lincoln/ballys-twin-river-lincoln,0
https://www.thecasinos.com/estonia/tallinn/olympic-casino-nautica,0
https://www.thecasinos.com/canada/hanover/playtime-casino-hanover,0
https://www.thecasinos.com/united-states/west-memphis/southland-casino-hotel,0
https://www.thecasinos.com/united-states/hot-springs/oaklawn-racing-casino--resort,0
https://www.thecasinos.com/united-kingdom/london/horizons-casino,0
https://www.thecasinos.com/chile/san-antonio/hotel-casino-del-pacfico,0
https://www.thecasinos.com/united-states/bethlehem/wind-creek-bethlehem,0
https://www.thecasinos.com/united-states/monticello/monticello-raceway,0
https://www.thecasinos.com/colombia/medellin/casino-havana-medelln,0
https://www.thecasinos.com/united-states/wheatland/hard-rock-hotel--casino-sacramento-at-fire-mountain,0
https://www.thecasinos.com/chile/coyhaique/dreams-coyhaique,0
https://www.thecasinos.com/united-states/atlantic-city/ocean-casino-resort,0
https://www.thecasinos.com/italy/porto-santelpidio/la-baia-degli-squali,0
https://www.thecasinos.com/austria/zell-am-see/casino-zell-am-see,0
https://www.thecasinos.com/india/panaji/big-daddy-casino,0
https://www.thecasinos.com/nigeria/lagos/green-lion-casino,0
https://www.thecasinos.com/nigeria/ikeja/ikeja-sheraton-hotel--casino,0
https://www.thecasinos.com/nigeria/abuja/barcelona-hotel-casino-abuja,0
https://www.thecasinos.com/nigeria/owerri/imo-concorde-hotel--casino,0
https://www.thecasinos.com/cambodia/paoy-pet/galaxy-plaza-hotel--casino,0
https://www.thecasinos.com/ukraine/odessa/win-poker-club-ukraine,0
https://www.thecasinos.com/united-states/mettler/hard-rock-hotel--casino-tejon,0
https://www.thecasinos.com/uruguay/punta-del-este/cipriani-ocean-resort-club-residences-and-casino,0
https://www.thecasinos.com/united-states/philadelphia/rivers-casino-philadelphia,0
https://www.thecasinos.com/united-states/morgantown/hollywood-casino-morgantown,0
https://www.thecasinos.com/cyprus/ayia-napa/c2-ayia-napa,0
https://www.thecasinos.com/philippines/pampanga/fortunegate-casino,0
https://www.thecasinos.com/united-states/sioux-falls/dakota-star-casino,0
https://www.thecasinos.com/united-states/tulsa/river-spirit-casino-resort,0
https://www.thecasinos.com/czech-republic/hradec-kralove/casino-go4games-boston,0
https://www.thecasinos.com/united-states/east-windsor/tribal-winds-casino,0
https://www.thecasinos.com/czech-republic/olomouc/casino-go4games-hodolany,0
https://www.thecasinos.com/czech-republic/decin/casino-go4games-dn,0
https://www.thecasinos.com/czech-republic/tabor/casino-go4games-tbor,0
https://www.thecasinos.com/czech-republic/pardubice/casino-go4games-pardubice,0
https://www.thecasinos.com/czech-republic/olomouc/casino-go4games-olomouc-malibu,0
https://www.thecasinos.com/czech-republic/pardubice/casino-go4games-atlanta,0
https://www.thecasinos.com/czech-republic/pardubice/casino-go4games-buffalo,0
https://www.thecasinos.com/czech-republic/pardubice/casino-go4games-chrudim,0
https://www.thecasinos.com/czech-republic/prostejov/casino-go4games-las-vegas,0
https://www.thecasinos.com/czech-republic/zlin/casino-go4games-chopper-ronov-pod-radhotm,0
https://www.thecasinos.com/czech-republic/olomouc/casino-go4games-sport-bar-umperk,0
https://www.thecasinos.com/czech-republic/olomouc/casino-go4games-ace-uniov,0
https://www.thecasinos.com/united-states/las-vegas/mohegan-casino-las-vegas,0
https://www.thecasinos.com/united-states/lincoln-city/chinook-winds-casino-resort,0
https://www.thecasinos.com/united-states/standish/saganing-eagles-landing-casino,0
https://www.thecasinos.com/france/paris/club-montmartre,0
https://www.thecasinos.com/united-states/new-cumberland/mountaineer-casino-racetrack-and-resort,0
https://www.thecasinos.com/united-states/pine-bluff/saracen-casino-annex,0
https://www.thecasinos.com/united-states/waukegan/the-temporary-by-american-place,0
https://www.thecasinos.com/netherlands/valkenburg/merkur-valkenburg,0
https://www.thecasinos.com/netherlands/boskoop/merkur-boskoop,0
https://www.thecasinos.com/netherlands/amsterdam/jacks-casino-amsterdam,0
https://www.thecasinos.com/netherlands/akersloot/jacks-casino-akersloot,0
https://www.thecasinos.com/united-states/north-bend/the-mill-casino-hotel--rv-park,0
https://www.thecasinos.com/netherlands/eindhoven/jacks-casino-eindhoven,0
https://www.thecasinos.com/macedonia/skopje/casino-flamingo-skopje,0
https://www.thecasinos.com/lesotho,0
https://www.thecasinos.com/trinidad-and-tobago,0
https://www.thecasinos.com/south-korea,0
https://www.thecasinos.com/india,0
https://www.thecasinos.com/nigeria,0
https://www.thecasinos.com/japan,0
https://www.thecasinos.com/laos,0
https://www.thecasinos.com/cote-ivoire,0
https://www.thecasinos.com/sweden,0
https://www.thecasinos.com/thailand,0
https://www.thecasinos.com/philippines,0
https://www.thecasinos.com/kazakhstan,0
https://www.thecasinos.com/guyana,0
https://www.thecasinos.com/bulgaria,0
https://www.thecasinos.com/singapore,0
https://www.thecasinos.com/french-polynesia,0
https://www.thecasinos.com/country-of-georgia,0
https://www.thecasinos.com/liechtenstein,0
https://www.thecasinos.com/dominican-republic,0
https://www.thecasinos.com/botswana,0
https://www.thecasinos.com/spain,0
https://www.thecasinos.com/ukraine,0
https://www.thecasinos.com/malawi,0
https://www.thecasinos.com/ghana,0
https://www.thecasinos.com/saint-lucia,0
https://www.thecasinos.com/hungary,0
https://www.thecasinos.com/mali,0
https://www.thecasinos.com/dominica,0
https://www.thecasinos.com/cape-verde,0
https://www.thecasinos.com/turks-and-caicos,0
https://www.thecasinos.com/aland-islands,0
https://www.thecasinos.com/namibia,0
https://www.thecasinos.com/malta,0
https://www.thecasinos.com/lithuania,0
https://www.thecasinos.com/czech-republic,0
https://www.thecasinos.com/gibraltar,0
https://www.thecasinos.com/russia,0
https://www.thecasinos.com/new-caledonia,0
https://www.thecasinos.com/zimbabwe,0
https://www.thecasinos.com/sri-lanka,0
https://www.thecasinos.com/gabon,0
https://www.thecasinos.com/argentina,0
https://www.thecasinos.com/venezuela,0
https://www.thecasinos.com/tunisia,0
https://www.thecasinos.com/hong-kong,0
https://www.thecasinos.com/latvia,0
https://www.thecasinos.com/congo,0
https://www.thecasinos.com/peru,0
https://www.thecasinos.com/morocco,0
https://www.thecasinos.com/madagascar,0
https://www.thecasinos.com/djibouti,0
https://www.thecasinos.com/china,0
https://www.thecasinos.com/portugal,0
https://www.thecasinos.com/belarus,0
https://www.thecasinos.com/sierra-leone,0
https://www.thecasinos.com/gambia,0
https://www.thecasinos.com/jamaica,0
https://www.thecasinos.com/south-africa,0
https://www.thecasinos.com/turkmenistan,0
https://www.thecasinos.com/bonaire,0
https://www.thecasinos.com/haiti,0
https://www.thecasinos.com/liberia,0
https://www.thecasinos.com/malaysia,0
https://www.thecasinos.com/chile,0
https://www.thecasinos.com/brazil,0
https://www.thecasinos.com/canada,0
https://www.thecasinos.com/estonia,0
https://www.thecasinos.com/france,0
https://www.thecasinos.com/austria,0
https://www.thecasinos.com/vietnam,0
https://www.thecasinos.com/united-states,0
https://www.thecasinos.com/switzerland,0
https://www.thecasinos.com/cameroon,0
https://www.thecasinos.com/slovenia,0
https://www.thecasinos.com/myanmar,0
https://www.thecasinos.com/netherlands,0
https://www.thecasinos.com/mozambique,0
https://www.thecasinos.com/nicaragua,0
https://www.thecasinos.com/united-kingdom,0
https://www.thecasinos.com/slovakia,0
https://www.thecasinos.com/virgin-islands,0
https://www.thecasinos.com/armenia,0
https://www.thecasinos.com/zambia,0
https://www.thecasinos.com/equatorial-guinea,0
https://www.thecasinos.com/algeria,0
https://www.thecasinos.com/montenegro,0
https://www.thecasinos.com/luxembourg,0
https://www.thecasinos.com/cambodia,0
https://www.thecasinos.com/samoa,0
https://www.thecasinos.com/uganda,0
https://www.thecasinos.com/honduras,0
https://www.thecasinos.com/monaco,0
https://www.thecasinos.com/andorra,0
https://www.thecasinos.com/guatemala,0
https://www.thecasinos.com/belgium,0
https://www.thecasinos.com/sint-maarten,0
https://www.thecasinos.com/bahamas,0
https://www.thecasinos.com/norway,0
https://www.thecasinos.com/tanzania,0
https://www.thecasinos.com/martinique,0
https://www.thecasinos.com/serbia,0
https://www.thecasinos.com/uruguay,0
https://www.thecasinos.com/rwanda,0
https://www.thecasinos.com/curacao,0
https://www.thecasinos.com/mexico,0
https://www.thecasinos.com/italy,0
https://www.thecasinos.com/cyprus,0
https://www.thecasinos.com/poland,0
https://www.thecasinos.com/aruba,0
https://www.thecasinos.com/seychelles,0
https://www.thecasinos.com/benin,0
https://www.thecasinos.com/panama,0
https://www.thecasinos.com/bosnia-and-herzegovina,0
https://www.thecasinos.com/colombia,0
https://www.thecasinos.com/mauritius,0
https://www.thecasinos.com/bermuda,0
https://www.thecasinos.com/new-zealand,0
https://www.thecasinos.com/albania,0
https://www.thecasinos.com/burundi,0
https://www.thecasinos.com/northern-mariana-islands,0
https://www.thecasinos.com/croatia,0
https://www.thecasinos.com/kenya,0
https://www.thecasinos.com/angola,0
https://www.thecasinos.com/germany,0
https://www.thecasinos.com/senegal,0
https://www.thecasinos.com/saint-martin,0
https://www.thecasinos.com/egypt,0
https://www.thecasinos.com/antigua-and-barbuda,0
https://www.thecasinos.com/costa-rica,0
https://www.thecasinos.com/swaziland,0
https://www.thecasinos.com/nepal,0
https://www.thecasinos.com/saint-kitts-and-nevis,0
https://www.thecasinos.com/paraguay,0
https://www.thecasinos.com/denmark,0
https://www.thecasinos.com/el-salvador,0
https://www.thecasinos.com/lebanon,0
https://www.thecasinos.com/greece,0
https://www.thecasinos.com/vanuatu,0
https://www.thecasinos.com/ireland,0
https://www.thecasinos.com/australia,0
https://www.thecasinos.com/reunion,0
https://www.thecasinos.com/barbados,0
https://www.thecasinos.com/bolivia,0
https://www.thecasinos.com/puerto-rico,0
https://www.thecasinos.com/finland,0
https://www.thecasinos.com/netherlands-antilles,0
https://www.thecasinos.com/moldova,0
https://www.thecasinos.com/guadeloupe,0
https://www.thecasinos.com/romania,0
https://www.thecasinos.com/united-arab-emirates,0
https://www.thecasinos.com/macau,0
https://www.thecasinos.com/french-guiana,0
https://www.thecasinos.com/south-sudan,0
https://www.thecasinos.com/macedonia,0
https://www.thecasinos.com/suriname,0
https://www.thecasinos.com/turkey,0
https://www.thecasinos.com/argentina/bella-vista,0
https://www.thecasinos.com/tunisia/hammamet,0
https://www.thecasinos.com/cambodia/chrey-thom,0
https://www.thecasinos.com/cambodia/osmach,0
https://www.thecasinos.com/belgium/brussels,0
https://www.thecasinos.com/france/cayeux-sur-mer,0
https://www.thecasinos.com/united-states/putnam,0
https://www.thecasinos.com/united-states/kingston,0
https://www.thecasinos.com/chile/vina-del-mar,0
https://www.thecasinos.com/united-states/big-sandy,0
https://www.thecasinos.com/france/carnac,0
https://www.thecasinos.com/hungary/budapest,0
https://www.thecasinos.com/czech-republic/slusovice,0
https://www.thecasinos.com/argentina/santo-tome,0
https://www.thecasinos.com/vietnam/chu-lai,0
https://www.thecasinos.com/argentina/tandil,0
https://www.thecasinos.com/united-states/westlake,0
https://www.thecasinos.com/japan/toyoake,0
https://www.thecasinos.com/united-states/hialeah,0
https://www.thecasinos.com/canada/kamloops,0
https://www.thecasinos.com/germany/seevetal,0
https://www.thecasinos.com/tunisia/sousse,0
https://www.thecasinos.com/mozambique/maputo,0
https://www.thecasinos.com/united-kingdom/lancaster,0
https://www.thecasinos.com/japan/kochi,0
https://www.thecasinos.com/united-states/mashantucket,0
https://www.thecasinos.com/netherlands/schiedam,0
https://www.thecasinos.com/united-kingdom/coatbridge,0
https://www.thecasinos.com/united-states/galveston,0
https://www.thecasinos.com/mexico/puebla,0
https://www.thecasinos.com/germany/schwerin,0
https://www.thecasinos.com/mexico/villahermosa,0
https://www.thecasinos.com/united-states/detroit,0
https://www.thecasinos.com/dominica/roseau,0
https://www.thecasinos.com/argentina/san-salvador-de-jujuy,0
https://www.thecasinos.com/belgium/anderlues,0
https://www.thecasinos.com/netherlands/haarlem,0
https://www.thecasinos.com/netherlands/sassenheim,0
https://www.thecasinos.com/germany/donzdorf,0
https://www.thecasinos.com/united-states/chiloquin,0
https://www.thecasinos.com/spain/cadiz,0
https://www.thecasinos.com/croatia/zadar,0
https://www.thecasinos.com/czech-republic/chotebor,0
https://www.thecasinos.com/united-states/windham,0
https://www.thecasinos.com/germany/aschaffenburg,0
https://www.thecasinos.com/japan/niigata,0
https://www.thecasinos.com/united-states/miami-gardens,0
https://www.thecasinos.com/united-states/metropolis,0
https://www.thecasinos.com/mexico/comalcalco,0
https://www.thecasinos.com/italy/milan,0
https://www.thecasinos.com/united-states/dayton,0
https://www.thecasinos.com/croatia/sisak,0
https://www.thecasinos.com/peru/san-isidro,0
https://www.thecasinos.com/united-states/davenport,0
https://www.thecasinos.com/belgium/harelbeke,0
https://www.thecasinos.com/mauritius/ebene,0
https://www.thecasinos.com/senegal/saint-louis,0
https://www.thecasinos.com/albania/pogradec,0
https://www.thecasinos.com/germany/bad-zwischenahn,0
https://www.thecasinos.com/united-kingdom/bromley,0
https://www.thecasinos.com/czech-republic/jaromer,0
https://www.thecasinos.com/cambodia/kampong-rou,0
https://www.thecasinos.com/united-states/havasu-lake,0
https://www.thecasinos.com/south-korea/jeju,0
https://www.thecasinos.com/panama/arraijan,0
https://www.thecasinos.com/denmark/roskilde,0
https://www.thecasinos.com/slovakia/matuskovo,0
https://www.thecasinos.com/austria/krems-an-der-donau,0
https://www.thecasinos.com/united-states/el-cajon,0
https://www.thecasinos.com/estonia/parnu,0
https://www.thecasinos.com/united-states/west-palm-beach,0
https://www.thecasinos.com/chile/iquique,0
https://www.thecasinos.com/netherlands/den-helder,0
https://www.thecasinos.com/south-africa/jeffreys-bay,0
https://www.thecasinos.com/latvia/gulbene,0
https://www.thecasinos.com/germany/leipzig,0
https://www.thecasinos.com/argentina/corrientes,0
https://www.thecasinos.com/colombia/monteria,0
https://www.thecasinos.com/united-states/redding,0
https://www.thecasinos.com/austria/dornbirn,0
https://www.thecasinos.com/panama/rio-hato,0
https://www.thecasinos.com/germany/mulheim,0
https://www.thecasinos.com/united-states/manistee,0
https://www.thecasinos.com/japan/kitakyushu,0
https://www.thecasinos.com/netherlands/veendam,0
https://www.thecasinos.com/united-states/stateline,0
https://www.thecasinos.com/romania/dolj,0
https://www.thecasinos.com/united-states/east-chicago,0
https://www.thecasinos.com/chile/puerto-varas,0
https://www.thecasinos.com/united-states/hinckley,0
https://www.thecasinos.com/spain/valladolid,0
https://www.thecasinos.com/hungary/debrecen,0
https://www.thecasinos.com/united-states/somerton,0
https://www.thecasinos.com/belgium/fleurus,0
https://www.thecasinos.com/netherlands/almere,0
https://www.thecasinos.com/colombia/santa-rosa-de-osos,0
https://www.thecasinos.com/latvia/lecava,0
https://www.thecasinos.com/spain/palma-de-mallorca,0
https://www.thecasinos.com/colombia/santa-elena,0
https://www.thecasinos.com/netherlands/heerenveen,0
https://www.thecasinos.com/philippines/bacoor,0
https://www.thecasinos.com/japan/monbetsu,0
https://www.thecasinos.com/united-states/san-bruno,0
https://www.thecasinos.com/united-states/shiprock,0
https://www.thecasinos.com/united-kingdom/leicester,0
https://www.thecasinos.com/spain/huelva,0
https://www.thecasinos.com/cambodia/koh-kong,0
https://www.thecasinos.com/united-states/anaconda,0
https://www.thecasinos.com/australia/clearview,0
https://www.thecasinos.com/japan/kawasaki,0
https://www.thecasinos.com/panama/chitre,0
https://www.thecasinos.com/romania/harlau,0
https://www.thecasinos.com/united-states/renton,0
https://www.thecasinos.com/united-kingdom/bradford,0
https://www.thecasinos.com/japan/kanazawa,0
https://www.thecasinos.com/belgium/zellik,0
https://www.thecasinos.com/canada/brampton,0
https://www.thecasinos.com/germany/stralsund,0
https://www.thecasinos.com/czech-republic/chomutov,0
https://www.thecasinos.com/france/allevard,0
https://www.thecasinos.com/slovakia/sturovo,0
https://www.thecasinos.com/belgium/bever,0
https://www.thecasinos.com/australia/fannie-bay,0
https://www.thecasinos.com/romania/jilava,0
https://www.thecasinos.com/latvia/rezekne,0
https://www.thecasinos.com/philippines/cavite,0
https://www.thecasinos.com/denmark/hvidovre,0
https://www.thecasinos.com/bosnia-and-herzegovina/prnjavor,0
https://www.thecasinos.com/united-states/luther,0
https://www.thecasinos.com/slovakia/modra,0
https://www.thecasinos.com/united-states/granite-falls,0
https://www.thecasinos.com/united-states/fort-peck,0
https://www.thecasinos.com/united-states/valentine,0
https://www.thecasinos.com/canada/sudbury,0
https://www.thecasinos.com/spain/cartagena,0
https://www.thecasinos.com/canada/wasaga-beach,0
https://www.thecasinos.com/spain/baena,0
https://www.thecasinos.com/zimbabwe/mutare,0
https://www.thecasinos.com/canada/squamish,0
https://www.thecasinos.com/mexico/guasave,0
https://www.thecasinos.com/greece/thessaloniki,0
https://www.thecasinos.com/united-kingdom/coventry,0
https://www.thecasinos.com/united-states/marksville,0
https://www.thecasinos.com/united-states/milwaukee,0
https://www.thecasinos.com/france/biscarrosse,0
https://www.thecasinos.com/romania/barlad,0
https://www.thecasinos.com/spain/castellon,0
https://www.thecasinos.com/kazakhstan/kapchagay,0
https://www.thecasinos.com/ghana/tema,0
https://www.thecasinos.com/czech-republic/cesky-krumlov,0
https://www.thecasinos.com/united-states/pocola,0
https://www.thecasinos.com/united-kingdom/canvey-island,0
https://www.thecasinos.com/united-states/coulee-dam,0
https://www.thecasinos.com/united-states/fairfield,0
https://www.thecasinos.com/united-kingdom/northampton,0
https://www.thecasinos.com/united-states/laughlin,0
https://www.thecasinos.com/canada/north-bay,0
https://www.thecasinos.com/united-states/marrero,0
https://www.thecasinos.com/argentina/neuquen,0
https://www.thecasinos.com/united-states/williston,0
https://www.thecasinos.com/india/dona-paula,0
https://www.thecasinos.com/united-states/shippensburg,0
https://www.thecasinos.com/bosnia-and-herzegovina/zenica,0
https://www.thecasinos.com/latvia/saulkrasti,0
https://www.thecasinos.com/croatia/vir,0
https://www.thecasinos.com/united-states/broadview,0
https://www.thecasinos.com/czech-republic/nove-straseci,0
https://www.thecasinos.com/united-states/coos-bay,0
https://www.thecasinos.com/belgium/boussu,0
https://www.thecasinos.com/norway/drammen,0
https://www.thecasinos.com/belarus/brest,0
https://www.thecasinos.com/united-kingdom/stockport,0
https://www.thecasinos.com/united-states/columbia-falls,0
https://www.thecasinos.com/united-states/ellensburg,0
https://www.thecasinos.com/finland/forsaa,0
https://www.thecasinos.com/poland/koszalin,0
https://www.thecasinos.com/canada/nanaimo,0
https://www.thecasinos.com/paraguay/encarnacion,0
https://www.thecasinos.com/costa-rica/playas-del-coco,0
https://www.thecasinos.com/switzerland/montreux,0
https://www.thecasinos.com/croatia/ivanec,0
https://www.thecasinos.com/slovakia/povazska-bystrica,0
https://www.thecasinos.com/czech-republic/turnov,0
https://www.thecasinos.com/united-states/big-timber,0
https://www.thecasinos.com/switzerland/lugano,0
https://www.thecasinos.com/united-states/roland,0
https://www.thecasinos.com/canada/carlyle,0
https://www.thecasinos.com/united-states/cannonsburg,0
https://www.thecasinos.com/belize/ambergris-caye,0
https://www.thecasinos.com/united-kingdom/camborne,0
https://www.thecasinos.com/philippines/angeles-city,0
https://www.thecasinos.com/spain/avila,0
https://www.thecasinos.com/netherlands/geleen,0
https://www.thecasinos.com/united-states/wilmington,0
https://www.thecasinos.com/france/saint-cyprien,0
https://www.thecasinos.com/sweden/goteburg,0
https://www.thecasinos.com/australia/albion,0
https://www.thecasinos.com/united-states/carnegie,0
https://www.thecasinos.com/bulgaria/svilengrad,0
https://www.thecasinos.com/belgium/hulste,0
https://www.thecasinos.com/canada/mission,0
https://www.thecasinos.com/nepal/nepalgunj,0
https://www.thecasinos.com/slovakia/zlate-moravce,0
https://www.thecasinos.com/united-states/melrose,0
https://www.thecasinos.com/united-states/mahnomen,0
https://www.thecasinos.com/united-states/niles,0
https://www.thecasinos.com/united-states/atoka,0
https://www.thecasinos.com/romania/galati,0
https://www.thecasinos.com/czech-republic/frydek-mistek,0
https://www.thecasinos.com/united-states/polson,0
https://www.thecasinos.com/uruguay/salto,0
https://www.thecasinos.com/switzerland/montana,0
https://www.thecasinos.com/united-states/hot-springs,0
https://www.thecasinos.com/mauritius/rose-belle,0
https://www.thecasinos.com/germany/leuna,0
https://www.thecasinos.com/united-kingdom/whitehaven,0
https://www.thecasinos.com/bonaire/kralendijk,0
https://www.thecasinos.com/venezuela/la-urbina,0
https://www.thecasinos.com/united-states/paoli,0
https://www.thecasinos.com/turkey/kartepe,0
https://www.thecasinos.com/romania/bihor,0
https://www.thecasinos.com/curacao/willemstad,0
https://www.thecasinos.com/peru/huanuco,0
https://www.thecasinos.com/vietnam/cu-du-village,0
https://www.thecasinos.com/united-states/shorter,0
https://www.thecasinos.com/czech-republic/hluboka-nad-vltavou,0
https://www.thecasinos.com/slovakia/detva,0
https://www.thecasinos.com/romania/timisoara,0
https://www.thecasinos.com/norway/oslo,0
https://www.thecasinos.com/united-states/pasco,0
https://www.thecasinos.com/chile/arica,0
https://www.thecasinos.com/costa-rica/cariari,0
https://www.thecasinos.com/germany/bad-wildungen,0
https://www.thecasinos.com/bahamas/nassau,0
https://www.thecasinos.com/united-states/lewistown,0
https://www.thecasinos.com/latvia/bauska,0
https://www.thecasinos.com/andorra/andorra-la-vella,0
https://www.thecasinos.com/latvia/daugavpils,0
https://www.thecasinos.com/mexico/queretaro,0
https://www.thecasinos.com/united-states/danville,0
https://www.thecasinos.com/united-states/post-falls,0
https://www.thecasinos.com/united-states/collinsville,0
https://www.thecasinos.com/denmark/skanderborg,0
https://www.thecasinos.com/panama/la-chorrera,0
https://www.thecasinos.com/angola/ingombota,0
https://www.thecasinos.com/slovakia/holic,0
https://www.thecasinos.com/netherlands/emmeloord,0
https://www.thecasinos.com/japan/takarazuka,0
https://www.thecasinos.com/united-states/seatac,0
https://www.thecasinos.com/united-states/elk-grove,0
https://www.thecasinos.com/czech-republic/prague,0
https://www.thecasinos.com/colombia/villavicencio,0
https://www.thecasinos.com/france/juan-les-pins,0
https://www.thecasinos.com/rwanda/kigali,0
https://www.thecasinos.com/united-kingdom/beverley,0
https://www.thecasinos.com/romania/oradea,0
https://www.thecasinos.com/slovakia/moldava-nad-bodvou,0
https://www.thecasinos.com/germany/homburg,0
https://www.thecasinos.com/united-states/atascadero,0
https://www.thecasinos.com/slovakia/vranov-nad-toplou,0
https://www.thecasinos.com/switzerland/stgallen,0
https://www.thecasinos.com/slovakia/trencin,0
https://www.thecasinos.com/malta/st-julians,0
https://www.thecasinos.com/united-states/palm-springs,0
https://www.thecasinos.com/slovakia/slovenske-darmoty,0
https://www.thecasinos.com/czech-republic/zabreh,0
https://www.thecasinos.com/united-states/mescalero,0
https://www.thecasinos.com/canada/edmundston,0
https://www.thecasinos.com/belgium/aalst,0
https://www.thecasinos.com/russia/kazan,0
https://www.thecasinos.com/nigeria/lagos,0
https://www.thecasinos.com/kenya/nairobi,0
https://www.thecasinos.com/austria/bregenz,0
https://www.thecasinos.com/czech-republic/most,0
https://www.thecasinos.com/czech-republic/kladno,0
https://www.thecasinos.com/czech-republic/mezibori,0
https://www.thecasinos.com/france/balaruc-les-bains,0
https://www.thecasinos.com/india/panaji,0
https://www.thecasinos.com/united-states/calumet-city,0
https://www.thecasinos.com/romania/gura-humorului,0
https://www.thecasinos.com/united-states/del-mar,0
https://www.thecasinos.com/united-states/salt-lake-city,0
https://www.thecasinos.com/russia/altay,0
https://www.thecasinos.com/united-states/tacoma,0
https://www.thecasinos.com/croatia/osijek,0
https://www.thecasinos.com/united-states/willits,0
https://www.thecasinos.com/canada/membertou,0
https://www.thecasinos.com/germany/rostock,0
https://www.thecasinos.com/united-states/pacheco,0
https://www.thecasinos.com/united-states/new-buffalo,0
https://www.thecasinos.com/united-states/sweetgrass,0
https://www.thecasinos.com/belgium/aubange,0
https://www.thecasinos.com/united-states/tishomingo,0
https://www.thecasinos.com/united-states/thief-river-falls,0
https://www.thecasinos.com/united-states/park-city,0
https://www.thecasinos.com/czech-republic/babylon,0
https://www.thecasinos.com/united-states/charleston,0
https://www.thecasinos.com/france/cabourg,0
https://www.thecasinos.com/poland/krakow,0
https://www.thecasinos.com/slovakia/sala-veca,0
https://www.thecasinos.com/philippines/lapu-lapu,0
https://www.thecasinos.com/argentina/villa-de-merlo,0
https://www.thecasinos.com/france/hossegor,0
https://www.thecasinos.com/nicaragua/managua,0
https://www.thecasinos.com/united-states/seattle,0
https://www.thecasinos.com/united-states/lake-charles,0
https://www.thecasinos.com/united-states/spring-creek,0
https://www.thecasinos.com/nepal/kathmandu,0
https://www.thecasinos.com/ghana/accra,0
https://www.thecasinos.com/united-states/wewoka,0
https://www.thecasinos.com/argentina/diamante,0
https://www.thecasinos.com/nicaragua/masaya,0
https://www.thecasinos.com/spain/bilboa,0
https://www.thecasinos.com/united-states/las-vegas,0
https://www.thecasinos.com/united-states/pittsburg,0
https://www.thecasinos.com/united-states/watts,0
https://www.thecasinos.com/united-states/tulalip,0
https://www.thecasinos.com/romania/vaslui,0
https://www.thecasinos.com/netherlands/hoofddorp,0
https://www.thecasinos.com/denmark/copenhagen,0
https://www.thecasinos.com/spain/gijon,0
https://www.thecasinos.com/united-states/antioch,0
https://www.thecasinos.com/belgium/namur,0
https://www.thecasinos.com/puerto-rico/mayaguez,0
https://www.thecasinos.com/france/saint-aubin-sur-mer,0
https://www.thecasinos.com/united-states/monarch,0
https://www.thecasinos.com/denmark/odense,0
https://www.thecasinos.com/lebanon/maameltein,0
https://www.thecasinos.com/romania/ploiesti,0
https://www.thecasinos.com/united-states/east-rutherford,0
https://www.thecasinos.com/united-states/west-memphis,0
https://www.thecasinos.com/united-states/wilson,0
https://www.thecasinos.com/argentina/posadas,0
https://www.thecasinos.com/canada/windsor,0
https://www.thecasinos.com/croatia/knin,0
https://www.thecasinos.com/france/briancon,0
https://www.thecasinos.com/mexico/zapopan,0
https://www.thecasinos.com/united-states/yakima,0
https://www.thecasinos.com/united-states/baraboo,0
https://www.thecasinos.com/belgium/quevy,0
https://www.thecasinos.com/switzerland/interlaken,0
https://www.thecasinos.com/united-states/larchwood,0
https://www.thecasinos.com/denmark/rodovre,0
https://www.thecasinos.com/antigua-and-barbuda/jolly-harbor,0
https://www.thecasinos.com/romania/onesti,0
https://www.thecasinos.com/belgium/zemst,0
https://www.thecasinos.com/australia/george-town,0
https://www.thecasinos.com/japan/obihiro,0
https://www.thecasinos.com/philippines/malabon-city,0
https://www.thecasinos.com/france/hendaye,0
https://www.thecasinos.com/united-states/buffalo,0
https://www.thecasinos.com/united-states/bartlesville,0
https://www.thecasinos.com/netherlands/eemnes,0
https://www.thecasinos.com/united-kingdom/hillsborough,0
https://www.thecasinos.com/netherlands/boskoop,0
https://www.thecasinos.com/belgium/berlare,0
https://www.thecasinos.com/saint-kitts-and-nevis/rices,0
https://www.thecasinos.com/united-states/bayonne,0
https://www.thecasinos.com/united-states/jackson,0
https://www.thecasinos.com/united-states/keene,0
https://www.thecasinos.com/united-states/salinas,0
https://www.thecasinos.com/france/chaudes-aigues,0
https://www.thecasinos.com/germany/magdeburg,0
https://www.thecasinos.com/australia/goondiwindi,0
https://www.thecasinos.com/albania/tirana,0
https://www.thecasinos.com/united-states/raceland,0
https://www.thecasinos.com/estonia/viljandi,0
https://www.thecasinos.com/mexico/xalapa,0
https://www.thecasinos.com/czech-republic/ivancice,0
https://www.thecasinos.com/united-states/reno,0
https://www.thecasinos.com/united-states/browning,0
https://www.thecasinos.com/united-states/tama,0
https://www.thecasinos.com/croatia/zagreb,0
https://www.thecasinos.com/austria/linz,0
https://www.thecasinos.com/cape-verde/praia,0
https://www.thecasinos.com/france/lille,0
https://www.thecasinos.com/india/daman,0
https://www.thecasinos.com/united-states/belmont,0
https://www.thecasinos.com/canada/charlottetown,0
https://www.thecasinos.com/united-states/mountlake-terrace,0
https://www.thecasinos.com/united-states/murphy,0
https://www.thecasinos.com/france/cassis,0
https://www.thecasinos.com/france/salins-les-bains,0
https://www.thecasinos.com/spain/segovia,0
https://www.thecasinos.com/netherlands/hoensbroek,0
https://www.thecasinos.com/united-states/fresno,0
https://www.thecasinos.com/united-states/porterville,0
https://www.thecasinos.com/slovakia/samorin,0
https://www.thecasinos.com/czech-republic/slany,0
https://www.thecasinos.com/germany/aachen,0
https://www.thecasinos.com/australia/bowen,0
https://www.thecasinos.com/romania/otopeni,0
https://www.thecasinos.com/united-states/dutton,0
https://www.thecasinos.com/netherlands/oss,0
https://www.thecasinos.com/france/la-ciotat,0
https://www.thecasinos.com/denmark/selling,0
https://www.thecasinos.com/united-states/grand-island,0
https://www.thecasinos.com/mexico/cancun,0
https://www.thecasinos.com/france/fumades-les-baines,0
https://www.thecasinos.com/united-states/bishop,0
https://www.thecasinos.com/netherlands/sittard,0
https://www.thecasinos.com/france/le-havre,0
https://www.thecasinos.com/united-states/atmore,0
https://www.thecasinos.com/cambodia/sihanoukville,0
https://www.thecasinos.com/united-kingdom/barrow-in-furness,0
https://www.thecasinos.com/belgium/quievrain,0
https://www.thecasinos.com/united-states/antler,0
https://www.thecasinos.com/france/santenay,0
https://www.thecasinos.com/liechtenstein/gamprin,0
https://www.thecasinos.com/united-states/eufaula,0
https://www.thecasinos.com/australia/atherton,0
https://www.thecasinos.com/el-salvador/san-salvador,0
https://www.thecasinos.com/belgium/seraing,0
https://www.thecasinos.com/macau/taipa,0
https://www.thecasinos.com/netherlands/venray,0
https://www.thecasinos.com/spain/gibraleon,0
https://www.thecasinos.com/romania/blaj,0
https://www.thecasinos.com/united-states/dry-prong,0
https://www.thecasinos.com/germany/bremen,0
https://www.thecasinos.com/united-states/irving,0
https://www.thecasinos.com/belgium/knokke-heist,0
https://www.thecasinos.com/united-kingdom/swansea,0
https://www.thecasinos.com/belgium/zingem,0
https://www.thecasinos.com/belgium/turnhout,0
https://www.thecasinos.com/france/amelie-les-bains,0
https://www.thecasinos.com/malawi/blantyre,0
https://www.thecasinos.com/united-states/stringtown,0
https://www.thecasinos.com/netherlands/coevorden,0
https://www.thecasinos.com/djibouti/djibouti,0
https://www.thecasinos.com/france/cap-dagde,0
https://www.thecasinos.com/czech-republic/rumburk,0
https://www.thecasinos.com/argentina/viedma,0
https://www.thecasinos.com/turkey/diyarbakir,0
https://www.thecasinos.com/uruguay/artigas,0
https://www.thecasinos.com/united-states/glen,0
https://www.thecasinos.com/chile/calama,0
https://www.thecasinos.com/spain/gran-canaria-island,0
https://www.thecasinos.com/malawi/lilongwe,0
https://www.thecasinos.com/canada/whitecap,0
https://www.thecasinos.com/australia/kawana-waters,0
https://www.thecasinos.com/mexico/san-francisdo-del-rincon,0
https://www.thecasinos.com/south-africa/pretoria,0
https://www.thecasinos.com/united-states/schenectady,0
https://www.thecasinos.com/united-states/mountain-home,0
https://www.thecasinos.com/united-states/newport,0
https://www.thecasinos.com/united-states/midland,0
https://www.thecasinos.com/cambodia/phnom-penh,0
https://www.thecasinos.com/australia/bulimba,0
https://www.thecasinos.com/canada/prince-george,0
https://www.thecasinos.com/united-states/manson,0
https://www.thecasinos.com/canada/barrie,0
https://www.thecasinos.com/mexico/san-andres-cholula,0
https://www.thecasinos.com/poland/wroclaw,0
https://www.thecasinos.com/croatia/gospic,0
https://www.thecasinos.com/reunion/saint-denis,0
https://www.thecasinos.com/united-states/fort-worth,0
https://www.thecasinos.com/mexico/san-luis-potosi,0
https://www.thecasinos.com/united-states/livingston,0
https://www.thecasinos.com/united-states/new-kent,0
https://www.thecasinos.com/australia/holland-park-west,0
https://www.thecasinos.com/united-states/sand-springs,0
https://www.thecasinos.com/united-states/helena,0
https://www.thecasinos.com/angola/lubango,0
https://www.thecasinos.com/turkey/adana,0
https://www.thecasinos.com/united-states/harvey,0
https://www.thecasinos.com/united-states/livermore,0
https://www.thecasinos.com/canada/dundas,0
https://www.thecasinos.com/canada/pembroke,0
https://www.thecasinos.com/croatia/omis,0
https://www.thecasinos.com/france/dax,0
https://www.thecasinos.com/france/etratat,0
https://www.thecasinos.com/poland/warsaw,0
https://www.thecasinos.com/france/saint-galmier,0
https://www.thecasinos.com/slovakia/komarno,0
https://www.thecasinos.com/france/salies-de-bearn,0
https://www.thecasinos.com/france/collioure,0
https://www.thecasinos.com/united-states/lawrenceburg,0
https://www.thecasinos.com/austria/zeltweg,0
https://www.thecasinos.com/united-states/lincoln,0
https://www.thecasinos.com/uruguay/tacuarembo,0
https://www.thecasinos.com/united-kingdom/keighley,0
https://www.thecasinos.com/romania/brasov,0
https://www.thecasinos.com/slovakia/zvolen,0
https://www.thecasinos.com/angola/belas,0
https://www.thecasinos.com/united-states/monticello,0
https://www.thecasinos.com/argentina/mendoza,0
https://www.thecasinos.com/united-states/okmulgee,0
https://www.thecasinos.com/germany/konstanz,0
https://www.thecasinos.com/united-states/sutherlin,0
https://www.thecasinos.com/austria/saalbach,0
https://www.thecasinos.com/canada/dartmouth,0
https://www.thecasinos.com/czech-republic/kralupy-nad-vltavou,0
https://www.thecasinos.com/united-states/mettler,0
https://www.thecasinos.com/spain/las-palmas,0
https://www.thecasinos.com/germany/neunkirchen,0
https://www.thecasinos.com/malta/marsa,0
https://www.thecasinos.com/united-states/lothaian,0
https://www.thecasinos.com/mexico/mexico-city,0
https://www.thecasinos.com/netherlands/amersfoort,0
https://www.thecasinos.com/philippines/manila,0
https://www.thecasinos.com/canada/gatineau,0
https://www.thecasinos.com/hungary/nyiregyhaza,0
https://www.thecasinos.com/uruguay/treinta-y-tres,0
https://www.thecasinos.com/argentina/tigre,0
https://www.thecasinos.com/australia/aitkenvale,0
https://www.thecasinos.com/australia/airlie-beach,0
https://www.thecasinos.com/czech-republic/lesni-hluboke,0
https://www.thecasinos.com/united-states/burlington,0
https://www.thecasinos.com/united-states/spokane,0
https://www.thecasinos.com/croatia/cakovec,0
https://www.thecasinos.com/botswana/selebi-phikwe,0
https://www.thecasinos.com/italy/rome,0
https://www.thecasinos.com/united-states/opelousas,0
https://www.thecasinos.com/united-states/wetumpka,0
https://www.thecasinos.com/united-states/red-lodge,0
https://www.thecasinos.com/switzerland/fribourg,0
https://www.thecasinos.com/czech-republic/modrice,0
https://www.thecasinos.com/united-states/daytona-beach,0
https://www.thecasinos.com/greece/loutraki,0
https://www.thecasinos.com/spain/vigo,0
https://www.thecasinos.com/croatia/mursko-sredisce,0
https://www.thecasinos.com/united-kingdom/scarborough,0
https://www.thecasinos.com/colombia/manizales,0
https://www.thecasinos.com/turkmenistan/ashgabat,0
https://www.thecasinos.com/united-kingdom/ripley,0
https://www.thecasinos.com/romania/afumati,0
https://www.thecasinos.com/united-kingdom/grantham,0
https://www.thecasinos.com/uruguay/chuy,0
https://www.thecasinos.com/australia/mitchelton,0
https://www.thecasinos.com/united-states/la-center,0
https://www.thecasinos.com/united-states/taunton,0
https://www.thecasinos.com/canada/coquitlam,0
https://www.thecasinos.com/croatia/rovinj,0
https://www.thecasinos.com/slovakia/handlova,0
https://www.thecasinos.com/romania/targu-jiu,0
https://www.thecasinos.com/latvia/riga,0
https://www.thecasinos.com/france/cherbourg-octeville,0
https://www.thecasinos.com/united-states/coconut-creek,0
https://www.thecasinos.com/australia/mildura,0
https://www.thecasinos.com/canada/cochrane,0
https://www.thecasinos.com/sint-maarten/point-blanche,0
https://www.thecasinos.com/canada/port-perry,0
https://www.thecasinos.com/united-states/greensburg,0
https://www.thecasinos.com/germany/wiesbaden,0
https://www.thecasinos.com/united-states/papillion,0
https://www.thecasinos.com/france/ouistreham,0
https://www.thecasinos.com/canada/black-diamond,0
https://www.thecasinos.com/australia/albany-creek,0
https://www.thecasinos.com/united-states/choteau,0
https://www.thecasinos.com/australia/rockhampton,0
https://www.thecasinos.com/liechtenstein/triesen,0
https://www.thecasinos.com/netherlands/akersloot,0
https://www.thecasinos.com/slovakia/trnava,0
https://www.thecasinos.com/south-africa/mthatha,0
https://www.thecasinos.com/albania/shkodra,0
https://www.thecasinos.com/united-states/phoenix,0
https://www.thecasinos.com/czech-republic/tabor,0
https://www.thecasinos.com/australia/mackay,0
https://www.thecasinos.com/french-guiana/cayenne,0
https://www.thecasinos.com/denmark/fredericia,0
https://www.thecasinos.com/spain/huercal,0
https://www.thecasinos.com/mexico/celaya,0
https://www.thecasinos.com/czech-republic/svitavy,0
https://www.thecasinos.com/czech-republic/vsetin,0
https://www.thecasinos.com/panama/penonome,0
https://www.thecasinos.com/united-states/broussard,0
https://www.thecasinos.com/united-states/east-wenatchee,0
https://www.thecasinos.com/united-states/emeryville,0
https://www.thecasinos.com/mozambique/beira,0
https://www.thecasinos.com/united-states/pauls-valley,0
https://www.thecasinos.com/south-africa/kuruman,0
https://www.thecasinos.com/united-states/freehold,0
https://www.thecasinos.com/finland/espoo,0
https://www.thecasinos.com/france/aix-en-provence,0
https://www.thecasinos.com/madagascar/antsiranana,0
https://www.thecasinos.com/france/besancon,0
https://www.thecasinos.com/mexico/puerto-penasco,0
https://www.thecasinos.com/netherlands/ouddorp,0
https://www.thecasinos.com/mexico/veracruz,0
https://www.thecasinos.com/united-states/chula-vista,0
https://www.thecasinos.com/germany/bad-bentheim,0
https://www.thecasinos.com/hungary/pecs,0
https://www.thecasinos.com/italy/civitanova-marche,0
https://www.thecasinos.com/italy/lissone,0
https://www.thecasinos.com/netherlands/venlo,0
https://www.thecasinos.com/united-states/lebanon,0
https://www.thecasinos.com/germany/kassel,0
https://www.thecasinos.com/lithuania/klaipeda,0
https://www.thecasinos.com/paraguay/lambare,0
https://www.thecasinos.com/united-kingdom/cardiff,0
https://www.thecasinos.com/united-states/beloit,0
https://www.thecasinos.com/sweden/malmo,0
https://www.thecasinos.com/belgium/sint-jans-molenbeek,0
https://www.thecasinos.com/mexico/tepic,0
https://www.thecasinos.com/argentina/pirane,0
https://www.thecasinos.com/chile/chillan,0
https://www.thecasinos.com/spain/aranda-de-duero,0
https://www.thecasinos.com/united-states/oxon-hill,0
https://www.thecasinos.com/slovakia/lubotice,0
https://www.thecasinos.com/colombia/sabaneta,0
https://www.thecasinos.com/united-states/roscoe,0
https://www.thecasinos.com/united-states/seabrook,0
https://www.thecasinos.com/colombia/pereira,0
https://www.thecasinos.com/united-kingdom/milton-keynes,0
https://www.thecasinos.com/mexico/caborca,0
https://www.thecasinos.com/united-states/new-york,0
https://www.thecasinos.com/croatia/pitomaca,0
https://www.thecasinos.com/canada/goulds,0
https://www.thecasinos.com/united-states/santa-cruz,0
https://www.thecasinos.com/croatia/vukovar,0
https://www.thecasinos.com/czech-republic/cheb,0
https://www.thecasinos.com/tanzania/dar-es-salaam,0
https://www.thecasinos.com/czech-republic/jilove,0
https://www.thecasinos.com/puerto-rico/dorado,0
https://www.thecasinos.com/puerto-rico/bayamon,0
https://www.thecasinos.com/france/la-tour-de-salvagny,0
https://www.thecasinos.com/australia/darwin,0
https://www.thecasinos.com/united-kingdom/folkestone,0
https://www.thecasinos.com/mauritius/flic-en-flac,0
https://www.thecasinos.com/mexico/allende,0
https://www.thecasinos.com/south-africa/mabopane,0
https://www.thecasinos.com/canada/vancouver,0
https://www.thecasinos.com/latvia/sigulda,0
https://www.thecasinos.com/finland/rovaniemi,0
https://www.thecasinos.com/romania/chiajna,0
https://www.thecasinos.com/mexico/cholula,0
https://www.thecasinos.com/united-states/minden,0
https://www.thecasinos.com/united-states/waukegan,0
https://www.thecasinos.com/united-states/cherokee,0
https://www.thecasinos.com/canada/kelowna,0
https://www.thecasinos.com/bosnia-and-herzegovina/gradiska,0
https://www.thecasinos.com/spain/santandar,0
https://www.thecasinos.com/united-states/rosamond,0
https://www.thecasinos.com/france/chatel-guyon,0
https://www.thecasinos.com/albania/sarande,0
https://www.thecasinos.com/madagascar/antananarivo,0
https://www.thecasinos.com/japan/himeji,0
https://www.thecasinos.com/united-states/rising-sun,0
https://www.thecasinos.com/canada/winnipeg,0
https://www.thecasinos.com/netherlands/noordwijkerhout,0
https://www.thecasinos.com/costa-rica/quepos,0
https://www.thecasinos.com/australia/adelaide,0
https://www.thecasinos.com/united-states/king-of-prussia,0
https://www.thecasinos.com/united-states/marysville,0
https://www.thecasinos.com/czech-republic/vyssi-brod,0
https://www.thecasinos.com/romania/ramnicu-valcea,0
https://www.thecasinos.com/spain/illescas,0
https://www.thecasinos.com/uruguay/atlantida,0
https://www.thecasinos.com/singapore/marina-bay,0
https://www.thecasinos.com/slovakia/skalica,0
https://www.thecasinos.com/chile/copiapo,0
https://www.thecasinos.com/united-states/selma,0
https://www.thecasinos.com/latvia/jelgava,0
https://www.thecasinos.com/canada/kananaskis,0
https://www.thecasinos.com/united-states/battle-mountain,0
https://www.thecasinos.com/argentina/villa-rada-tilly,0
https://www.thecasinos.com/mexico/tuxpan,0
https://www.thecasinos.com/uganda/jinja,0
https://www.thecasinos.com/germany/stuttgart,0
https://www.thecasinos.com/argentina/san-vicente,0
https://www.thecasinos.com/united-states/concord,0
https://www.thecasinos.com/mexico/huixquilucan,0
https://www.thecasinos.com/russia/sochi,0
https://www.thecasinos.com/united-states/belfry,0
https://www.thecasinos.com/mexico/chetumal,0
https://www.thecasinos.com/colombia/rionegro,0
https://www.thecasinos.com/united-states/ebro,0
https://www.thecasinos.com/france/capbreton,0
https://www.thecasinos.com/spain/cartaya,0
https://www.thecasinos.com/belgium/spa,0
https://www.thecasinos.com/turkey/sanliurfa,0
https://www.thecasinos.com/united-kingdom/stoke-on-trent,0
https://www.thecasinos.com/belgium/oostende,0
https://www.thecasinos.com/united-states/fallon,0
https://www.thecasinos.com/malta/hamrun,0
https://www.thecasinos.com/united-states/corpus-christi,0
https://www.thecasinos.com/united-states/shepherd,0
https://www.thecasinos.com/czech-republic/strakonice,0
https://www.thecasinos.com/argentina/pinamar,0
https://www.thecasinos.com/croatia/zabok,0
https://www.thecasinos.com/united-states/bangor,0
https://www.thecasinos.com/united-states/sahuarita,0
https://www.thecasinos.com/poland/bydgoszcz,0
https://www.thecasinos.com/croatia/split,0
https://www.thecasinos.com/canada/courtenay,0
https://www.thecasinos.com/belgium/bekkevoort,0
https://www.thecasinos.com/france/la-rochelle,0
https://www.thecasinos.com/united-states/clementon,0
https://www.thecasinos.com/japan/hakodate,0
https://www.thecasinos.com/united-states/san-francisco,0
https://www.thecasinos.com/united-states/colma,0
https://www.thecasinos.com/united-states/springfield,0
https://www.thecasinos.com/panama/san-miguelito,0
https://www.thecasinos.com/china/tianjin,0
https://www.thecasinos.com/united-states/watonga,0
https://www.thecasinos.com/romania/navodari,0
https://www.thecasinos.com/macedonia/skopje,0
https://www.thecasinos.com/netherlands/dordrecht,0
https://www.thecasinos.com/greece/sylos,0
https://www.thecasinos.com/czech-republic/plana,0
https://www.thecasinos.com/romania/cluj-napoca,0
https://www.thecasinos.com/united-states/winterhaven,0
https://www.thecasinos.com/united-states/havre,0
https://www.thecasinos.com/france/villers-sur-mer,0
https://www.thecasinos.com/belgium/genk,0
https://www.thecasinos.com/albania/bulqize,0
https://www.thecasinos.com/italy/san-remo,0
https://www.thecasinos.com/spain/leon,0
https://www.thecasinos.com/united-states/pleasanton,0
https://www.thecasinos.com/canada/lloydminster,0
https://www.thecasinos.com/france/cannes,0
https://www.thecasinos.com/united-states/townsend,0
https://www.thecasinos.com/australia/smithfield,0
https://www.thecasinos.com/switzerland/bern,0
https://www.thecasinos.com/belgium/braine-lalleud,0
https://www.thecasinos.com/czech-republic/mikulov,0
https://www.thecasinos.com/costa-rica/playa-de-jaco,0
https://www.thecasinos.com/united-states/belgrade,0
https://www.thecasinos.com/greece/acharnes,0
https://www.thecasinos.com/united-states/san-pablo,0
https://www.thecasinos.com/namibia/windhoek,0
https://www.thecasinos.com/united-states/marquette,0
https://www.thecasinos.com/united-states/maricopa,0
https://www.thecasinos.com/netherlands/ijmuiden,0
https://www.thecasinos.com/slovakia/brodske,0
https://www.thecasinos.com/united-states/sisseton,0
https://www.thecasinos.com/germany/baden-baden,0
https://www.thecasinos.com/cambodia/chob-kokir-khang-lich,0
https://www.thecasinos.com/united-states/olympia,0
https://www.thecasinos.com/romania/tulcea,0
https://www.thecasinos.com/poland/bialystok,0
https://www.thecasinos.com/vietnam/haiphong-city,0
https://www.thecasinos.com/germany/chemnitz,0
https://www.thecasinos.com/netherlands/joure,0
https://www.thecasinos.com/united-kingdom/ramsgate,0
https://www.thecasinos.com/france/beaulieu-sur-mer,0
https://www.thecasinos.com/finland/turku,0
https://www.thecasinos.com/canada/regina,0
https://www.thecasinos.com/france/challes-les-eaux,0
https://www.thecasinos.com/cambodia/bavet,0
https://www.thecasinos.com/australia/cranbourne,0
https://www.thecasinos.com/france/hauteville,0
https://www.thecasinos.com/united-states/west-wendover,0
https://www.thecasinos.com/russia/moscow,0
https://www.thecasinos.com/netherlands/rotterdam,0
https://www.thecasinos.com/united-kingdom/blackpool,0
https://www.thecasinos.com/france/bordeaux,0
https://www.thecasinos.com/liechtenstein/vaduz,0
https://www.thecasinos.com/japan/tokyo,0
https://www.thecasinos.com/australia/maryborough,0
https://www.thecasinos.com/latvia/madona,0
https://www.thecasinos.com/slovenia/sezana,0
https://www.thecasinos.com/netherlands/gilze-rijen,0
https://www.thecasinos.com/france/dieppe,0
https://www.thecasinos.com/united-states/ethete,0
https://www.thecasinos.com/croatia/vrbovec,0
https://www.thecasinos.com/costa-rica/guanacaste,0
https://www.thecasinos.com/ireland/sligo,0
https://www.thecasinos.com/united-states/ogallala,0
https://www.thecasinos.com/united-states/snoqualmie,0
https://www.thecasinos.com/united-kingdom/croydon,0
https://www.thecasinos.com/united-states/eugene,0
https://www.thecasinos.com/turkey/izmir,0
https://www.thecasinos.com/slovakia/michalovce,0
https://www.thecasinos.com/france/antibes,0
https://www.thecasinos.com/mexico/san-miguel-de-cozumel,0
https://www.thecasinos.com/spain/algeciras,0
https://www.thecasinos.com/belgium/grobbendonk,0
https://www.thecasinos.com/canada/yorkton,0
https://www.thecasinos.com/chile/coyhaique,0
https://www.thecasinos.com/united-states/emmetsburg,0
https://www.thecasinos.com/canada/fort-mcmurray,0
https://www.thecasinos.com/spain/madrid,0
https://www.thecasinos.com/puerto-rico/ponce,0
https://www.thecasinos.com/czech-republic/pribram,0
https://www.thecasinos.com/cambodia/pailin,0
https://www.thecasinos.com/united-states/york,0
https://www.thecasinos.com/australia/alderley,0
https://www.thecasinos.com/france/enghien-les-bains,0
https://www.thecasinos.com/netherlands/geldrop,0
https://www.thecasinos.com/united-states/clinton,0
https://www.thecasinos.com/united-states/cumberland,0
https://www.thecasinos.com/denmark/slangerup,0
https://www.thecasinos.com/netherlands/doetinchem,0
https://www.thecasinos.com/united-states/pala,0
https://www.thecasinos.com/united-states/citra,0
https://www.thecasinos.com/spain/san-sebastian,0
https://www.thecasinos.com/spain/badalona,0
https://www.thecasinos.com/canada/point-edward,0
https://www.thecasinos.com/united-kingdom/westcliff-on-sea,0
https://www.thecasinos.com/united-states/hertel,0
https://www.thecasinos.com/poland/poznan,0
https://www.thecasinos.com/cyprus/kyrenia,0
https://www.thecasinos.com/samoa/mulifanua,0
https://www.thecasinos.com/philippines/mandaluyong-city,0
https://www.thecasinos.com/united-states/joliet,0
https://www.thecasinos.com/croatia/rab,0
https://www.thecasinos.com/czech-republic/sternberk,0
https://www.thecasinos.com/switzerland/schaffhausen,0
https://www.thecasinos.com/argentina/colorado,0
https://www.thecasinos.com/lithuania/kaunas,0
https://www.thecasinos.com/austria/zell-am-see,0
https://www.thecasinos.com/united-states/boulder-city,0
https://www.thecasinos.com/netherlands/bergen-op-zoom,0
https://www.thecasinos.com/canada/carberry,0
https://www.thecasinos.com/montenegro/tivat,0
https://www.thecasinos.com/belgium/loverval,0
https://www.thecasinos.com/united-states/taos,0
https://www.thecasinos.com/united-kingdom/grimsby,0
https://www.thecasinos.com/hungary/gyor,0
https://www.thecasinos.com/united-states/nichols,0
https://www.thecasinos.com/united-states/laveen,0
https://www.thecasinos.com/lithuania/alytus,0
https://www.thecasinos.com/norway/trondheim,0
https://www.thecasinos.com/united-states/lima,0
https://www.thecasinos.com/bosnia-and-herzegovina/ilidza,0
https://www.thecasinos.com/australia/highfields,0
https://www.thecasinos.com/laos/vientiane,0
https://www.thecasinos.com/united-states/red-rock,0
https://www.thecasinos.com/czech-republic/uhersky-brod,0
https://www.thecasinos.com/lithuania/lentvaris,0
https://www.thecasinos.com/united-states/cascade,0
https://www.thecasinos.com/morocco/tangier,0
https://www.thecasinos.com/canada/camrose,0
https://www.thecasinos.com/united-states/miami,0
https://www.thecasinos.com/united-states/merced,0
https://www.thecasinos.com/united-states/ajo,0
https://www.thecasinos.com/czech-republic/plzen,0
https://www.thecasinos.com/united-states/placerville,0
https://www.thecasinos.com/slovenia/ptuj,0
https://www.thecasinos.com/croatia/sesvete,0
https://www.thecasinos.com/slovakia/revuca,0
https://www.thecasinos.com/spain/benidorm,0
https://www.thecasinos.com/australia/bendigo,0
https://www.thecasinos.com/uruguay/piriapolis,0
https://www.thecasinos.com/slovenia/volcja-draga,0
https://www.thecasinos.com/united-states/north-kansas-city,0
https://www.thecasinos.com/cyprus/limassol,0
https://www.thecasinos.com/india/salcette,0
https://www.thecasinos.com/belgium/hasselt,0
https://www.thecasinos.com/netherlands/groningen,0
https://www.thecasinos.com/france/le-treport,0
https://www.thecasinos.com/germany/potsdam,0
https://www.thecasinos.com/france/sainte-maxime,0
https://www.thecasinos.com/spain/tarragona,0
https://www.thecasinos.com/germany/duisburg,0
https://www.thecasinos.com/zimbabwe/bulawayo,0
https://www.thecasinos.com/netherlands/ommel,0
https://www.thecasinos.com/south-africa/klerksdorp,0
https://www.thecasinos.com/croatia/varazdin,0
https://www.thecasinos.com/germany/lindau,0
https://www.thecasinos.com/philippines/davao-del-sur,0
https://www.thecasinos.com/australia/moonah,0
https://www.thecasinos.com/united-states/barstow,0
https://www.thecasinos.com/united-kingdom/carlisle,0
https://www.thecasinos.com/united-states/american-canyon,0
https://www.thecasinos.com/united-states/bozeman,0
https://www.thecasinos.com/united-kingdom/bracknell,0
https://www.thecasinos.com/france/megeve,0
https://www.thecasinos.com/spain/sabinanigo,0
https://www.thecasinos.com/argentina/clorinda,0
https://www.thecasinos.com/mexico/tuxtla-gutierrez,0
https://www.thecasinos.com/canada/scanterbury,0
https://www.thecasinos.com/united-states/anderson,0
https://www.thecasinos.com/canada/enoch,0
https://www.thecasinos.com/united-states/morgantown,0
https://www.thecasinos.com/czech-republic/hodonin,0
https://www.thecasinos.com/france/la-faute-sur-mer,0
https://www.thecasinos.com/croatia/labin,0
https://www.thecasinos.com/bosnia-and-herzegovina/bijeljina,0
https://www.thecasinos.com/singapore/sentosa,0
https://www.thecasinos.com/united-states/pine-bluff,0
https://www.thecasinos.com/france/amneville,0
https://www.thecasinos.com/slovakia/senica,0
https://www.thecasinos.com/japan/sonoda,0
https://www.thecasinos.com/armenia/yerevan,0
https://www.thecasinos.com/germany/bad-reichenhall,0
https://www.thecasinos.com/united-states/marina,0
https://www.thecasinos.com/argentina/rosario,0
https://www.thecasinos.com/germany/neubrandenburg,0
https://www.thecasinos.com/tanzania/mwanza,0
https://www.thecasinos.com/belgium/boutersem,0
https://www.thecasinos.com/united-states/gillette,0
https://www.thecasinos.com/italy/trieste,0
https://www.thecasinos.com/argentina/san-fernando-del-valle-de-catamarca,0
https://www.thecasinos.com/botswana/letlhakane,0
https://www.thecasinos.com/germany/wolfsburg,0
https://www.thecasinos.com/france/pornichet,0
https://www.thecasinos.com/united-states/anadarko,0
https://www.thecasinos.com/united-states/burney,0
https://www.thecasinos.com/senegal/mbour,0
https://www.thecasinos.com/romania/jimbolia,0
https://www.thecasinos.com/moldova/chisinau,0
https://www.thecasinos.com/liechtenstein/schaanwald,0
https://www.thecasinos.com/united-states/mcalester,0
https://www.thecasinos.com/france/gruissan,0
https://www.thecasinos.com/united-states/hampton,0
https://www.thecasinos.com/austria/reizlern,0
https://www.thecasinos.com/latvia/kuldiga,0
https://www.thecasinos.com/netherlands/hulst,0
https://www.thecasinos.com/reunion/lermitage-les-bains,0
https://www.thecasinos.com/united-states/carterville,0
https://www.thecasinos.com/united-states/perryville,0
https://www.thecasinos.com/australia/petrie,0
https://www.thecasinos.com/united-states/east-windsor,0
https://www.thecasinos.com/united-states/port-canaveral,0
https://www.thecasinos.com/united-states/west-fargo,0
https://www.thecasinos.com/belgium/overijse,0
https://www.thecasinos.com/belgium/zaventem,0
https://www.thecasinos.com/czech-republic/ceska-kubice,0
https://www.thecasinos.com/france/bourbon-lancy,0
https://www.thecasinos.com/united-states/newkirk,0
https://www.thecasinos.com/united-states/victor,0
https://www.thecasinos.com/slovenia/bled,0
https://www.thecasinos.com/france/saint-jean-de-luz,0
https://www.thecasinos.com/united-states/woodlake,0
https://www.thecasinos.com/united-states/baker,0
https://www.thecasinos.com/united-states/highwood,0
https://www.thecasinos.com/netherlands/horst,0
https://www.thecasinos.com/spain/menorca,0
https://www.thecasinos.com/united-states/east-saint-louis,0
https://www.thecasinos.com/slovakia/bytca,0
https://www.thecasinos.com/belgium/estaimpuis,0
https://www.thecasinos.com/australia/mt-gravatt,0
https://www.thecasinos.com/united-states/grand-ronde,0
https://www.thecasinos.com/colombia/armenia,0
https://www.thecasinos.com/czech-republic/brno,0
https://www.thecasinos.com/canada/delta,0
https://www.thecasinos.com/united-states/sitka,0
https://www.thecasinos.com/greece/kavala,0
https://www.thecasinos.com/malta/birzebbuga,0
https://www.thecasinos.com/france/saint-jean-de-monts,0
https://www.thecasinos.com/canada/la-malbaie,0
https://www.thecasinos.com/estonia/narva,0
https://www.thecasinos.com/croatia/opatija,0
https://www.thecasinos.com/spain/puerto-de-la-cruz,0
https://www.thecasinos.com/united-states/klawock,0
https://www.thecasinos.com/uruguay/la-paloma,0
https://www.thecasinos.com/united-states/alton,0
https://www.thecasinos.com/united-states/new-orleans,0
https://www.thecasinos.com/netherlands/sluis,0
https://www.thecasinos.com/senegal/dakar,0
https://www.thecasinos.com/united-states/wheeling,0
https://www.thecasinos.com/jamaica/rio-buenos,0
https://www.thecasinos.com/france/saint-gilles-croix-de-vie,0
https://www.thecasinos.com/italy/savona,0
https://www.thecasinos.com/romania/calarasi,0
https://www.thecasinos.com/cyprus/larnaca,0
https://www.thecasinos.com/belize/belize-city,0
https://www.thecasinos.com/colombia/apartado,0
https://www.thecasinos.com/aruba/oranjestad,0
https://www.thecasinos.com/united-states/oak-grove,0
https://www.thecasinos.com/croatia/virovitica,0
https://www.thecasinos.com/united-states/southhampton,0
https://www.thecasinos.com/france/alvignac,0
https://www.thecasinos.com/australia/mission-beach,0
https://www.thecasinos.com/austria/vienna,0
https://www.thecasinos.com/burundi/bujumbura,0
https://www.thecasinos.com/united-kingdom/airdrie,0
https://www.thecasinos.com/south-africa/bizana,0
https://www.thecasinos.com/philippines/malvar,0
https://www.thecasinos.com/united-states/bernalillo,0
https://www.thecasinos.com/cyprus/ayia-napa,0
https://www.thecasinos.com/united-states/orange-city,0
https://www.thecasinos.com/romania/targoviste,0
https://www.thecasinos.com/south-korea/seoul,0
https://www.thecasinos.com/switzerland/courrendlin,0
https://www.thecasinos.com/czech-republic/semily,0
https://www.thecasinos.com/malaysia/genting-highlands,0
https://www.thecasinos.com/united-states/fredericksburg,0
https://www.thecasinos.com/macau/cotai,0
https://www.thecasinos.com/france/le-touquet,0
https://www.thecasinos.com/peru/huaral,0
https://www.thecasinos.com/spain/zamora,0
https://www.thecasinos.com/spain/sevilla,0
https://www.thecasinos.com/france/arzon,0
https://www.thecasinos.com/united-states/milford,0
https://www.thecasinos.com/united-states/uncasville,0
https://www.thecasinos.com/vietnam/van-don,0
https://www.thecasinos.com/united-kingdom/margate,0
https://www.thecasinos.com/united-states/corbin,0
https://www.thecasinos.com/romania/sinaia,0
https://www.thecasinos.com/belgium/anderlecht,0
https://www.thecasinos.com/cambodia/koh-rong,0
https://www.thecasinos.com/canada/new-westminster,0
https://www.thecasinos.com/philippines/bacolod-city,0
https://www.thecasinos.com/france/arcachon,0
https://www.thecasinos.com/mexico/rosarito,0
https://www.thecasinos.com/canada/alberton,0
https://www.thecasinos.com/paraguay/san-lorenzo,0
https://www.thecasinos.com/united-states/absorokee,0
https://www.thecasinos.com/france/la-baule,0
https://www.thecasinos.com/germany/garmisch-partenkirchen,0
https://www.thecasinos.com/spain/vitoria,0
https://www.thecasinos.com/argentina/trelew,0
https://www.thecasinos.com/mexico/alvaro-obregon,0
https://www.thecasinos.com/germany/bad-pyrmont,0
https://www.thecasinos.com/united-states/coweta,0
https://www.thecasinos.com/united-states/mitchell,0
https://www.thecasinos.com/croatia/podstrana,0
https://www.thecasinos.com/switzerland/luzern,0
https://www.thecasinos.com/spain/murcia,0
https://www.thecasinos.com/netherlands/zoetermeer,0
https://www.thecasinos.com/united-states/madera,0
https://www.thecasinos.com/australia/nudgee,0
https://www.thecasinos.com/france/font-romeu,0
https://www.thecasinos.com/united-states/yonkers,0
https://www.thecasinos.com/czech-republic/vlasim,0
https://www.thecasinos.com/argentina/comodoro-rivadavia,0
https://www.thecasinos.com/united-states/norman,0
https://www.thecasinos.com/south-korea/sokcho-si,0
https://www.thecasinos.com/lebanon/beirut,0
https://www.thecasinos.com/france/la-seyne-sur-mer,0
https://www.thecasinos.com/australia/woree,0
https://www.thecasinos.com/canada/hawkesbury,0
https://www.thecasinos.com/romania/caransebes,0
https://www.thecasinos.com/australia/nundah,0
https://www.thecasinos.com/netherlands/eindhoven,0
https://www.thecasinos.com/mozambique/namaacha,0
https://www.thecasinos.com/united-states/tryon,0
https://www.thecasinos.com/united-states/ignacio,0
https://www.thecasinos.com/united-states/baraga,0
https://www.thecasinos.com/netherlands/winterswijk,0
https://www.thecasinos.com/united-states/walker,0
https://www.thecasinos.com/netherlands/brunssum,0
https://www.thecasinos.com/denmark/helsingor,0
https://www.thecasinos.com/australia/penguin,0
https://www.thecasinos.com/equatorial-guinea/malabo,0
https://www.thecasinos.com/germany/bad-neuenahr-ahrweiler,0
https://www.thecasinos.com/belgium/sint-pieters-leeuw,0
https://www.thecasinos.com/portugal/lisbon,0
https://www.thecasinos.com/canada/hobbema,0
https://www.thecasinos.com/australia/harlaxton,0
https://www.thecasinos.com/romania/lugoj,0
https://www.thecasinos.com/united-states/beggs,0
https://www.thecasinos.com/united-states/pawnee,0
https://www.thecasinos.com/united-states/state-college,0
https://www.thecasinos.com/slovakia/nitra,0
https://www.thecasinos.com/united-states/oxford,0
https://www.thecasinos.com/united-states/wisdom,0
https://www.thecasinos.com/united-states/pickstown,0
https://www.thecasinos.com/united-states/grants-pass,0
https://www.thecasinos.com/united-states/batavia,0
https://www.thecasinos.com/united-states/grand-portage,0
https://www.thecasinos.com/united-states/carson-city,0
https://www.thecasinos.com/albania/berat,0
https://www.thecasinos.com/switzerland/crans-montana,0
https://www.thecasinos.com/netherlands/hilvarenbeek,0
https://www.thecasinos.com/romania/focsani,0
https://www.thecasinos.com/united-states/cape-canaveral,0
https://www.thecasinos.com/mexico/zona-rosa,0
https://www.thecasinos.com/united-states/dulce,0
https://www.thecasinos.com/italy/campione-ditalia,0
https://www.thecasinos.com/mexico/cordoba,0
https://www.thecasinos.com/australia/glenelg-north,0
https://www.thecasinos.com/united-kingdom/broadstairs,0
https://www.thecasinos.com/united-states/tokeland,0
https://www.thecasinos.com/colombia/medellin,0
https://www.thecasinos.com/spain/monzon,0
https://www.thecasinos.com/canada/red-deer,0
https://www.thecasinos.com/new-zealand/dunedin,0
https://www.thecasinos.com/united-states/biloxi,0
https://www.thecasinos.com/united-states/fernley,0
https://www.thecasinos.com/greece/elliniko,0
https://www.thecasinos.com/united-states/duncan,0
https://www.thecasinos.com/germany/dresden,0
https://www.thecasinos.com/netherlands/castricum,0
https://www.thecasinos.com/united-states/fife,0
https://www.thecasinos.com/united-states/kenner,0
https://www.thecasinos.com/spain/viladecans,0
https://www.thecasinos.com/united-states/prior-lake,0
https://www.thecasinos.com/france/hyeres,0
https://www.thecasinos.com/uruguay/montevideo,0
https://www.thecasinos.com/romania/campina,0
https://www.thecasinos.com/slovakia/cakajovce,0
https://www.thecasinos.com/barbados/bridgetown,0
https://www.thecasinos.com/united-states/hampstead,0
https://www.thecasinos.com/czech-republic/mlada-boleslav,0
https://www.thecasinos.com/australia/burswood,0
https://www.thecasinos.com/united-states/hoopa,0
https://www.thecasinos.com/germany/bremerhaven,0
https://www.thecasinos.com/slovakia/brezno,0
https://www.thecasinos.com/united-states/osceola,0
https://www.thecasinos.com/vietnam/ho-chi-minh-city,0
https://www.thecasinos.com/romania/baia-mare,0
https://www.thecasinos.com/germany/flensburg,0
https://www.thecasinos.com/australia/emerald,0
https://www.thecasinos.com/united-states/concordville,0
https://www.thecasinos.com/united-states/coachella,0
https://www.thecasinos.com/canada/wetaskiwin,0
https://www.thecasinos.com/denmark/randers,0
https://www.thecasinos.com/united-states/payson,0
https://www.thecasinos.com/united-states/natchez,0
https://www.thecasinos.com/singapore/changi,0
https://www.thecasinos.com/botswana/francistown,0
https://www.thecasinos.com/united-kingdom/gosport,0
https://www.thecasinos.com/united-states/williamsburg,0
https://www.thecasinos.com/south-korea/changwon-city,0
https://www.thecasinos.com/france/roscoff,0
https://www.thecasinos.com/honduras/tegucigalpa,0
https://www.thecasinos.com/netherlands/rhenen,0
https://www.thecasinos.com/united-states/corning,0
https://www.thecasinos.com/united-states/bingen,0
https://www.thecasinos.com/argentina/formosa,0
https://www.thecasinos.com/australia/coolum-beach,0
https://www.thecasinos.com/united-states/sioux-falls,0
https://www.thecasinos.com/spain/navalmoral,0
https://www.thecasinos.com/slovakia/stara-tura,0
https://www.thecasinos.com/mexico/la-paz,0
https://www.thecasinos.com/united-states/idaho-falls,0
https://www.thecasinos.com/france/cavalaire-sur-mer,0
https://www.thecasinos.com/united-states/summerfield,0
https://www.thecasinos.com/united-states/jackpot,0
https://www.thecasinos.com/mexico/acapulco,0
https://www.thecasinos.com/egypt/sharm-el-sheikh,0
https://www.thecasinos.com/slovakia/trebisove,0
https://www.thecasinos.com/united-states/tracy,0
https://www.thecasinos.com/spain/alicante,0
https://www.thecasinos.com/canada/ajax,0
https://www.thecasinos.com/mexico/los-mochis,0
https://www.thecasinos.com/belgium/nazareth,0
https://www.thecasinos.com/portugal/portimao,0
https://www.thecasinos.com/chile/chiloe-island,0
https://www.thecasinos.com/australia/latrobe,0
https://www.thecasinos.com/norway/stavanger,0
https://www.thecasinos.com/equatorial-guinea/bata,0
https://www.thecasinos.com/netherlands/vlissingen,0
https://www.thecasinos.com/united-states/claremore,0
https://www.thecasinos.com/latvia/adazi,0
https://www.thecasinos.com/netherlands/hoorn,0
https://www.thecasinos.com/belgium/vilvoorde,0
https://www.thecasinos.com/united-arab-emirates/sharjah,0
https://www.thecasinos.com/italy/venice,0
https://www.thecasinos.com/united-states/verden,0
https://www.thecasinos.com/united-states/hobbs,0
https://www.thecasinos.com/belarus/vitebsk,0
https://www.thecasinos.com/united-states/poplar,0
https://www.thecasinos.com/croatia/zupanja,0
https://www.thecasinos.com/romania/borsa,0
https://www.thecasinos.com/japan/saga,0
https://www.thecasinos.com/spain/almeria,0
https://www.thecasinos.com/japan/fukushima,0
https://www.thecasinos.com/australia/penrith,0
https://www.thecasinos.com/united-states/lakeport,0
https://www.thecasinos.com/canada/saint-john,0
https://www.thecasinos.com/romania/bucharest,0
https://www.thecasinos.com/czech-republic/as,0
https://www.thecasinos.com/argentina/san-martin-de-los-andes,0
https://www.thecasinos.com/france/boulogne-sur-mer,0
https://www.thecasinos.com/france/annemasse,0
https://www.thecasinos.com/united-states/gardena,0
https://www.thecasinos.com/united-states/elgin,0
https://www.thecasinos.com/netherlands/alkmaar,0
https://www.thecasinos.com/australia/aberfoyle-park,0
https://www.thecasinos.com/united-states/shoreline,0
https://www.thecasinos.com/united-states/blue-lake,0
https://www.thecasinos.com/tunisia/mezraya,0
https://www.thecasinos.com/united-states/sand-point,0
https://www.thecasinos.com/france/vittel,0
https://www.thecasinos.com/united-states/lander,0
https://www.thecasinos.com/colombia/bello,0
https://www.thecasinos.com/netherlands/utrecht,0
https://www.thecasinos.com/united-states/visalia,0
https://www.thecasinos.com/india/nerul,0
https://www.thecasinos.com/united-states/calera,0
https://www.thecasinos.com/mali/bamako,0
https://www.thecasinos.com/united-states/madill,0
https://www.thecasinos.com/united-states/gary,0
https://www.thecasinos.com/canada/truro,0
https://www.thecasinos.com/canada/richmond-hill,0
https://www.thecasinos.com/united-states/espanola,0
https://www.thecasinos.com/netherlands/apeldoorn,0
https://www.thecasinos.com/netherlands/renesse,0
https://www.thecasinos.com/belarus/minsk,0
https://www.thecasinos.com/united-states/tulsa,0
https://www.thecasinos.com/united-states/north-randall,0
https://www.thecasinos.com/canada/leduc,0
https://www.thecasinos.com/spain/lleida,0
https://www.thecasinos.com/netherlands/bussum,0
https://www.thecasinos.com/mozambique/matola,0
https://www.thecasinos.com/slovenia/portoroz,0
https://www.thecasinos.com/nigeria/owerri,0
https://www.thecasinos.com/united-states/walters,0
https://www.thecasinos.com/australia/broadbeach,0
https://www.thecasinos.com/australia/hervey-bay,0
https://www.thecasinos.com/seychelles/victoria,0
https://www.thecasinos.com/australia/rozelle,0
https://www.thecasinos.com/united-states/amite,0
https://www.thecasinos.com/canada/gananoque,0
https://www.thecasinos.com/south-africa/witbank,0
https://www.thecasinos.com/argentina/monte-hermoso,0
https://www.thecasinos.com/united-states/clarksburg,0
https://www.thecasinos.com/united-states/nice,0
https://www.thecasinos.com/united-states/uniondale,0
https://www.thecasinos.com/united-kingdom/southampton,0
https://www.thecasinos.com/united-states/norfolk,0
https://www.thecasinos.com/latvia/jurmala,0
https://www.thecasinos.com/united-states/silverdale,0
https://www.thecasinos.com/portugal/estoril,0
https://www.thecasinos.com/romania/motca,0
https://www.thecasinos.com/germany/frankfurt-am-main,0
https://www.thecasinos.com/spain/santa-cruz-de-tenerife,0
https://www.thecasinos.com/united-states/columbus,0
https://www.thecasinos.com/united-states/wittenberg,0
https://www.thecasinos.com/united-states/waterbury,0
https://www.thecasinos.com/united-states/wells,0
https://www.thecasinos.com/tanzania/arusha,0
https://www.thecasinos.com/united-states/hammon,0
https://www.thecasinos.com/united-states/durant,0
https://www.thecasinos.com/united-states/hanover,0
https://www.thecasinos.com/slovakia/stupava,0
https://www.thecasinos.com/united-states/windsor-locks,0
https://www.thecasinos.com/united-states/norwalk,0
https://www.thecasinos.com/japan/funabashi,0
https://www.thecasinos.com/puerto-rico/aguadilla,0
https://www.thecasinos.com/denmark/vejle,0
https://www.thecasinos.com/united-states/new-haven,0
https://www.thecasinos.com/united-states/paso-robles,0
https://www.thecasinos.com/vietnam/phan-thiet,0
https://www.thecasinos.com/united-states/canton,0
https://www.thecasinos.com/spain/badajoz,0
https://www.thecasinos.com/united-states/chittenango,0
https://www.thecasinos.com/argentina/concepcion-del-uruguay,0
https://www.thecasinos.com/united-states/idabel,0
https://www.thecasinos.com/spain/fraga,0
https://www.thecasinos.com/united-states/cape-girardeau,0
https://www.thecasinos.com/panama/david,0
https://www.thecasinos.com/romania/alexandria,0
https://www.thecasinos.com/croatia/buzet,0
https://www.thecasinos.com/united-states/kapolei,0
https://www.thecasinos.com/united-states/cass-lake,0
https://www.thecasinos.com/mexico/obregon,0
https://www.thecasinos.com/south-africa/lusikisiki,0
https://www.thecasinos.com/netherlands/tegelen,0
https://www.thecasinos.com/united-states/worley,0
https://www.thecasinos.com/spain/valencia,0
https://www.thecasinos.com/spain/arona,0
https://www.thecasinos.com/croatia/nasice,0
https://www.thecasinos.com/czech-republic/milovice,0
https://www.thecasinos.com/united-kingdom/tonypandy,0
https://www.thecasinos.com/belgium/dinant,0
https://www.thecasinos.com/united-states/white-sulphur-springs,0
https://www.thecasinos.com/united-states/anchorage,0
https://www.thecasinos.com/japan/nagoya,0
https://www.thecasinos.com/netherlands/harderwijk,0
https://www.thecasinos.com/united-states/pendleton,0
https://www.thecasinos.com/germany/kotzting,0
https://www.thecasinos.com/philippines/davao,0
https://www.thecasinos.com/united-kingdom/irvine,0
https://www.thecasinos.com/bosnia-and-herzegovina/doboj,0
https://www.thecasinos.com/czech-republic/chlumec-nad-cidlinou,0
https://www.thecasinos.com/slovenia/radenci,0
https://www.thecasinos.com/bulgaria/kulata,0
https://www.thecasinos.com/united-states/douglas,0
https://www.thecasinos.com/australia/biloela,0
https://www.thecasinos.com/belgium/bree,0
https://www.thecasinos.com/united-states/bridger,0
https://www.thecasinos.com/croatia/ludbreg,0
https://www.thecasinos.com/mexico/ciudad-obregon,0
https://www.thecasinos.com/united-states/mobile,0
https://www.thecasinos.com/netherlands/egmond-aan-zee,0
https://www.thecasinos.com/slovakia/rimavska-sobota,0
https://www.thecasinos.com/australia/wynyard,0
https://www.thecasinos.com/australia/camp-hill,0
https://www.thecasinos.com/australia/perth,0
https://www.thecasinos.com/vanuatu/port-vila,0
https://www.thecasinos.com/united-kingdom/colchester,0
https://www.thecasinos.com/united-states/silver-springs,0
https://www.thecasinos.com/united-states/coarsegold,0
https://www.thecasinos.com/nepal/jhapa,0
https://www.thecasinos.com/united-states/moapa,0
https://www.thecasinos.com/united-kingdom/stockton-on-tees,0
https://www.thecasinos.com/united-states/deadwood,0
https://www.thecasinos.com/romania/zarnesti,0
https://www.thecasinos.com/argentina/san-luis,0
https://www.thecasinos.com/philippines/poro-point,0
https://www.thecasinos.com/south-africa/viljoensdrif,0
https://www.thecasinos.com/united-states/friant,0
https://www.thecasinos.com/czech-republic/bruntal,0
https://www.thecasinos.com/united-states/sacramento,0
https://www.thecasinos.com/united-states/winnemucca,0
https://www.thecasinos.com/united-states/neihart,0
https://www.thecasinos.com/united-states/tonopah,0
https://www.thecasinos.com/netherlands/deventer,0
https://www.thecasinos.com/netherlands/zeist,0
https://www.thecasinos.com/switzerland/locarno,0
https://www.thecasinos.com/france/ax-les-thermes,0
https://www.thecasinos.com/slovakia/ziar-nad-hronom,0
https://www.thecasinos.com/peru/tacna,0
https://www.thecasinos.com/mexico/tecate,0
https://www.thecasinos.com/romania/pitesti,0
https://www.thecasinos.com/united-states/sequim,0
https://www.thecasinos.com/belgium/strombeek-bever,0
https://www.thecasinos.com/united-states/toms-river,0
https://www.thecasinos.com/france/palavas-les-flots,0
https://www.thecasinos.com/united-states/chinook,0
https://www.thecasinos.com/united-states/la-grange,0
https://www.thecasinos.com/united-states/indio,0
https://www.thecasinos.com/spain/melilla,0
https://www.thecasinos.com/austria/ebreichsdorf,0
https://www.thecasinos.com/netherlands/breda,0
https://www.thecasinos.com/united-states/sunburst,0
https://www.thecasinos.com/united-states/tomah,0
https://www.thecasinos.com/germany/westerland,0
https://www.thecasinos.com/argentina/cipolletti,0
https://www.thecasinos.com/australia/somerset,0
https://www.thecasinos.com/egypt/cairo,0
https://www.thecasinos.com/gambia/serrekunda,0
https://www.thecasinos.com/united-states/ramona,0
https://www.thecasinos.com/australia/longford,0
https://www.thecasinos.com/belgium/de-panne,0
https://www.thecasinos.com/uganda/kampala,0
https://www.thecasinos.com/united-states/riverton,0
https://www.thecasinos.com/united-states/box-elder,0
https://www.thecasinos.com/united-states/berkeley,0
https://www.thecasinos.com/united-states/rockford,0
https://www.thecasinos.com/united-states/heidelberg,0
https://www.thecasinos.com/latvia/ogre,0
https://www.thecasinos.com/united-states/winnebago,0
https://www.thecasinos.com/united-states/shreveport,0
https://www.thecasinos.com/latvia/jekabpils,0
https://www.thecasinos.com/switzerland/mendrisio,0
https://www.thecasinos.com/netherlands/valkenburg,0
https://www.thecasinos.com/bulgaria/varna,0
https://www.thecasinos.com/united-states/broken-bow,0
https://www.thecasinos.com/united-states/sloan,0
https://www.thecasinos.com/croatia/krk,0
https://www.thecasinos.com/france/port-la-nouvelle,0
https://www.thecasinos.com/romania/sibiu,0
https://www.thecasinos.com/united-states/danbury,0
https://www.thecasinos.com/united-states/great-falls,0
https://www.thecasinos.com/united-states/sarasota,0
https://www.thecasinos.com/netherlands/lelystad,0
https://www.thecasinos.com/argentina/rio-gallegos,0
https://www.thecasinos.com/france/la-grande-motte,0
https://www.thecasinos.com/united-states/sioux-city,0
https://www.thecasinos.com/united-states/haugan,0
https://www.thecasinos.com/united-states/brunswick,0
https://www.thecasinos.com/south-africa/welkom,0
https://www.thecasinos.com/latvia/valmiera,0
https://www.thecasinos.com/japan/hokkaido,0
https://www.thecasinos.com/canada/penticton,0
https://www.thecasinos.com/united-states/mayetta,0
https://www.thecasinos.com/montenegro/podgorica,0
https://www.thecasinos.com/czech-republic/kostelec-nad-cernymi-lesy,0
https://www.thecasinos.com/united-states/wheatland,0
https://www.thecasinos.com/belgium/brunehaut,0
https://www.thecasinos.com/netherlands/gouda,0
https://www.thecasinos.com/mexico/cuernavaca,0
https://www.thecasinos.com/united-states/geyserville,0
https://www.thecasinos.com/france/berck-sur-mer,0
https://www.thecasinos.com/belgium/eeklo,0
https://www.thecasinos.com/united-states/cabazon,0
https://www.thecasinos.com/united-states/altoona,0
https://www.thecasinos.com/germany/bad-kissingen,0
https://www.thecasinos.com/switzerland/baden,0
https://www.thecasinos.com/united-states/bellingham,0
https://www.thecasinos.com/puerto-rico/san-juan,0
https://www.thecasinos.com/united-states/nye,0
https://www.thecasinos.com/czech-republic/benesov,0
https://www.thecasinos.com/france/mimizan,0
https://www.thecasinos.com/czech-republic/karvina,0
https://www.thecasinos.com/france/yport,0
https://www.thecasinos.com/united-states/south-bend,0
https://www.thecasinos.com/cameroon/douala,0
https://www.thecasinos.com/canada/inverness,0
https://www.thecasinos.com/argentina/gualeguay,0
https://www.thecasinos.com/austria/klagenfurt-am-worthersee,0
https://www.thecasinos.com/croatia/karlovac,0
https://www.thecasinos.com/argentina/parana,0
https://www.thecasinos.com/france/capvern,0
https://www.thecasinos.com/cyprus/bafra,0
https://www.thecasinos.com/australia/buderim,0
https://www.thecasinos.com/czech-republic/nachod,0
https://www.thecasinos.com/croatia/pozega,0
https://www.thecasinos.com/bermuda/st-georges,0
https://www.thecasinos.com/mexico/hermosillo,0
https://www.thecasinos.com/united-states/modesto,0
https://www.thecasinos.com/united-states/pauma-valley,0
https://www.thecasinos.com/united-states/aberdeen,0
https://www.thecasinos.com/dominican-republic/puerto-plata,0
https://www.thecasinos.com/united-kingdom/aldershot,0
https://www.thecasinos.com/netherlands/gronsveld,0
https://www.thecasinos.com/united-states/redwater,0
https://www.thecasinos.com/cyprus/paphos,0
https://www.thecasinos.com/united-kingdom/newcastle-upon-tyne,0
https://www.thecasinos.com/united-states/camp-verde,0
https://www.thecasinos.com/czech-republic/zlin,0
https://www.thecasinos.com/australia/kippa-ring,0
https://www.thecasinos.com/south-africa/east-london,0
https://www.thecasinos.com/canada/quebec,0
https://www.thecasinos.com/mauritius/vacoas-phoenix,0
https://www.thecasinos.com/canada/toronto,0
https://www.thecasinos.com/united-states/stigler,0
https://www.thecasinos.com/mexico/ensenada,0
https://www.thecasinos.com/united-states/juneau,0
https://www.thecasinos.com/austria/graz,0
https://www.thecasinos.com/netherlands/lemmer,0
https://www.thecasinos.com/australia/highbury,0
https://www.thecasinos.com/chile/santiago,0
https://www.thecasinos.com/united-states/hogansburg,0
https://www.thecasinos.com/australia/deception-bay,0
https://www.thecasinos.com/panama/paso-canoas,0
https://www.thecasinos.com/latvia/aizkraukle,0
https://www.thecasinos.com/united-states/fort-benton,0
https://www.thecasinos.com/united-states/aquinnah,0
https://www.thecasinos.com/costa-rica/perez-zeledon,0
https://www.thecasinos.com/barbados/holetown,0
https://www.thecasinos.com/barbados/christ-church,0
https://www.thecasinos.com/slovakia/topolcany,0
https://www.thecasinos.com/united-states/tucson,0
https://www.thecasinos.com/latvia/ludza,0
https://www.thecasinos.com/france/gerardmer,0
https://www.thecasinos.com/france/argeles,0
https://www.thecasinos.com/australia/gatton,0
https://www.thecasinos.com/france/saint-martin-duriage,0
https://www.thecasinos.com/zimbabwe/harare,0
https://www.thecasinos.com/czech-republic/pardubice,0
https://www.thecasinos.com/united-states/bismarck,0
https://www.thecasinos.com/denmark/glostrup,0
https://www.thecasinos.com/united-states/baltimore,0
https://www.thecasinos.com/france/perros-guirec,0
https://www.thecasinos.com/united-states/moses-lake,0
https://www.thecasinos.com/united-states/pinetop,0
https://www.thecasinos.com/slovakia/humenne,0
https://www.thecasinos.com/united-states/east-hazel-crest,0
https://www.thecasinos.com/mexico/ciudad-cuahutemoc,0
https://www.thecasinos.com/france/chamonix,0
https://www.thecasinos.com/france/leucate,0
https://www.thecasinos.com/austria/hartberg,0
https://www.thecasinos.com/romania/deva,0
https://www.thecasinos.com/czech-republic/decin,0
https://www.thecasinos.com/slovenia/sempeter-pri-gorici,0
https://www.thecasinos.com/latvia/salaspils,0
https://www.thecasinos.com/united-states/shelbyville,0
https://www.thecasinos.com/croatia/dubrovnik,0
https://www.thecasinos.com/chile/valdivia,0
https://www.thecasinos.com/united-kingdom/kirkcaldy,0
https://www.thecasinos.com/france/plombieres-les-bains,0
https://www.thecasinos.com/united-states/tuolumne-city,0
https://www.thecasinos.com/mexico/agua-prieta,0
https://www.thecasinos.com/united-states/hollywood,0
https://www.thecasinos.com/united-states/trinidad,0
https://www.thecasinos.com/united-states/colusa,0
https://www.thecasinos.com/swaziland/nhlangano,0
https://www.thecasinos.com/canada/burnaby,0
https://www.thecasinos.com/united-states/kake,0
https://www.thecasinos.com/canada/ottawa,0
https://www.thecasinos.com/united-states/hochatown,0
https://www.thecasinos.com/bahamas/freeport,0
https://www.thecasinos.com/australia/oaklands-park,0
https://www.thecasinos.com/south-africa/bloemfontein,0
https://www.thecasinos.com/united-states/belfair,0
https://www.thecasinos.com/lithuania/vilnius,0
https://www.thecasinos.com/australia/warner,0
https://www.thecasinos.com/belgium/charleroi,0
https://www.thecasinos.com/united-kingdom/newark,0
https://www.thecasinos.com/united-states/shakopee,0
https://www.thecasinos.com/philippines/albay,0
https://www.thecasinos.com/canada/trois-rivieres,0
https://www.thecasinos.com/united-states/bigfork,0
https://www.thecasinos.com/united-states/lac-du-flambeau,0
https://www.thecasinos.com/czech-republic/koprivnice,0
https://www.thecasinos.com/united-states/larose,0
https://www.thecasinos.com/united-states/sidney,0
https://www.thecasinos.com/argentina/salta,0
https://www.thecasinos.com/colombia/bucaramanga,0
https://www.thecasinos.com/united-states/eunice,0
https://www.thecasinos.com/united-kingdom/enfield,0
https://www.thecasinos.com/canada/whitecourt,0
https://www.thecasinos.com/united-states/chicago,0
https://www.thecasinos.com/romania/braila,0
https://www.thecasinos.com/united-states/arlington,0
https://www.thecasinos.com/belgium/antwerpen,0
https://www.thecasinos.com/united-states/grant,0
https://www.thecasinos.com/united-kingdom/ashton-under-lyne,0
https://www.thecasinos.com/germany/simmern,0
https://www.thecasinos.com/denmark/esbjerg,0
https://www.thecasinos.com/croatia/rijeka,0
https://www.thecasinos.com/argentina/san-carlos-de-bariloche,0
https://www.thecasinos.com/germany/nennig,0
https://www.thecasinos.com/united-states/bothell,0
https://www.thecasinos.com/croatia/crikvenica,0
https://www.thecasinos.com/vietnam/hanoi,0
https://www.thecasinos.com/romania/buzau,0
https://www.thecasinos.com/united-states/bow,0
https://www.thecasinos.com/united-states/loma,0
https://www.thecasinos.com/finland/helsinki,0
https://www.thecasinos.com/argentina/rio-ceballos,0
https://www.thecasinos.com/united-kingdom/derby,0
https://www.thecasinos.com/germany/borkum,0
https://www.thecasinos.com/south-africa/burgersfort,0
https://www.thecasinos.com/new-caledonia/pointe-magnin,0
https://www.thecasinos.com/united-states/okeechobee,0
https://www.thecasinos.com/united-states/eagle-pass,0
https://www.thecasinos.com/japan/morioka,0
https://www.thecasinos.com/france/canet-en-roussillon,0
https://www.thecasinos.com/united-states/acoma,0
https://www.thecasinos.com/vietnam/phu-quoc,0
https://www.thecasinos.com/united-states/tampa,0
https://www.thecasinos.com/netherlands/beverwijk,0
https://www.thecasinos.com/germany/nurburg,0
https://www.thecasinos.com/united-states/brimley,0
https://www.thecasinos.com/france/saint-nectaire,0
https://www.thecasinos.com/austria/reutte,0
https://www.thecasinos.com/mexico/orizaba,0
https://www.thecasinos.com/czech-republic/bojkovice,0
https://www.thecasinos.com/mauritius/curepipe,0
https://www.thecasinos.com/czech-republic/prerov,0
https://www.thecasinos.com/slovakia/hlohovec,0
https://www.thecasinos.com/chile/talca,0
https://www.thecasinos.com/united-states/cheyenne,0
https://www.thecasinos.com/canada/maple-ridge,0
https://www.thecasinos.com/united-states/immokalee,0
https://www.thecasinos.com/vietnam/ha-long-bay,0
https://www.thecasinos.com/germany/norderney,0
https://www.thecasinos.com/united-states/shelton,0
https://www.thecasinos.com/cambodia/anlong-veng,0
https://www.thecasinos.com/united-states/minot,0
https://www.thecasinos.com/united-states/st-regis,0
https://www.thecasinos.com/panama/colon,0
https://www.thecasinos.com/united-kingdom/barking,0
https://www.thecasinos.com/bulgaria/nesebur,0
https://www.thecasinos.com/united-states/burley,0
https://www.thecasinos.com/mexico/tonala,0
https://www.thecasinos.com/india/mumbai,0
https://www.thecasinos.com/spain/ceuta,0
https://www.thecasinos.com/angola/luanda,0
https://www.thecasinos.com/france/benodet,0
https://www.thecasinos.com/macedonia/dojran,0
https://www.thecasinos.com/belgium/bornem,0
https://www.thecasinos.com/malaysia/kuala-lumpur,0
https://www.thecasinos.com/belgium/maasmechelen,0
https://www.thecasinos.com/united-kingdom/bath,0
https://www.thecasinos.com/philippines/subic,0
https://www.thecasinos.com/mexico/reynosa,0
https://www.thecasinos.com/united-kingdom/kilmarnock,0
https://www.thecasinos.com/united-states/albuquerque,0
https://www.thecasinos.com/united-states/raynham,0
https://www.thecasinos.com/romania/targu-mures,0
https://www.thecasinos.com/united-states/sulphur,0
https://www.thecasinos.com/united-states/hamilton,0
https://www.thecasinos.com/slovenia/kranj,0
https://www.thecasinos.com/croatia/imotski,0
https://www.thecasinos.com/ireland/dublin,0
https://www.thecasinos.com/uruguay/cerro-largo,0
https://www.thecasinos.com/ireland/bray,0
https://www.thecasinos.com/norway/bergen,0
https://www.thecasinos.com/australia/stony-creek,0
https://www.thecasinos.com/czech-republic/valasske-mezirici,0
https://www.thecasinos.com/united-states/cathedral-city,0
https://www.thecasinos.com/austria/innsbruck,0
https://www.thecasinos.com/united-kingdom/southall,0
https://www.thecasinos.com/netherlands/steenwijk,0
https://www.thecasinos.com/united-states/carlin,0
https://www.thecasinos.com/spain/benalmadena,0
https://www.thecasinos.com/romania/suceava,0
https://www.thecasinos.com/chile/valparaiso,0
https://www.thecasinos.com/united-states/ada,0
https://www.thecasinos.com/united-states/orange-park,0
https://www.thecasinos.com/laos/savannakhet,0
https://www.thecasinos.com/slovakia/lucenec,0
https://www.thecasinos.com/germany/kriftel,0
https://www.thecasinos.com/estonia/johvi,0
https://www.thecasinos.com/australia/zeehan,0
https://www.thecasinos.com/cambodia/paoy-pet,0
https://www.thecasinos.com/uruguay/maldonado,0
https://www.thecasinos.com/belgium/juprelle,0
https://www.thecasinos.com/united-states/battle-creek,0
https://www.thecasinos.com/canada/fredericton,0
https://www.thecasinos.com/united-states/emerson,0
https://www.thecasinos.com/united-states/evansville,0
https://www.thecasinos.com/latvia/ventspils,0
https://www.thecasinos.com/united-states/carencro,0
https://www.thecasinos.com/czech-republic/benatky-nad-jizerou,0
https://www.thecasinos.com/philippines/laguna,0
https://www.thecasinos.com/mexico/puerto-vallarta,0
https://www.thecasinos.com/belgium/holsbeek,0
https://www.thecasinos.com/argentina/pico-truncado,0
https://www.thecasinos.com/united-states/braman,0
https://www.thecasinos.com/malta/paola,0
https://www.thecasinos.com/portugal/monte-gordo,0
https://www.thecasinos.com/united-states/crandon,0
https://www.thecasinos.com/united-states/sunnyside,0
https://www.thecasinos.com/canada/lethbridge,0
https://www.thecasinos.com/united-states/lake-elsinore,0
https://www.thecasinos.com/united-kingdom/great-yarmouth,0
https://www.thecasinos.com/united-states/bridgeport,0
https://www.thecasinos.com/australia/benowa,0
https://www.thecasinos.com/united-states/montgomery,0
https://www.thecasinos.com/united-states/wilburton,0
https://www.thecasinos.com/united-kingdom/castleford,0
https://www.thecasinos.com/belize/stann-creek,0
https://www.thecasinos.com/united-states/missoula,0
https://www.thecasinos.com/portugal/povoa-de-varzim,0
https://www.thecasinos.com/czech-republic/hradec-kralove,0
https://www.thecasinos.com/latvia/tukums,0
https://www.thecasinos.com/united-kingdom/donnington,0
https://www.thecasinos.com/south-africa/nelspruit,0
https://www.thecasinos.com/guatemala/guatemala-city,0
https://www.thecasinos.com/aruba/palm-beach,0
https://www.thecasinos.com/united-states/hallandale-beach,0
https://www.thecasinos.com/mexico/guadalajara,0
https://www.thecasinos.com/united-states/niobrara,0
https://www.thecasinos.com/italy/corsico,0
https://www.thecasinos.com/germany/halle,0
https://www.thecasinos.com/united-states/skokomish,0
https://www.thecasinos.com/belgium/couvin,0
https://www.thecasinos.com/czech-republic/orlova,0
https://www.thecasinos.com/slovenia/kobarid,0
https://www.thecasinos.com/denmark/aalborg,0
https://www.thecasinos.com/czech-republic/sluknov,0
https://www.thecasinos.com/denmark/aarhus,0
https://www.thecasinos.com/united-states/cusick,0
https://www.thecasinos.com/australia/toowong,0
https://www.thecasinos.com/bosnia-and-herzegovina/srebrenik,0
https://www.thecasinos.com/united-kingdom/london,0
https://www.thecasinos.com/peru/iquitos,0
https://www.thecasinos.com/romania/popesti,0
https://www.thecasinos.com/united-states/harlem,0
https://www.thecasinos.com/antigua-and-barbuda/saint-johns,0
https://www.thecasinos.com/canada/woodstock,0
https://www.thecasinos.com/romania/saveni,0
https://www.thecasinos.com/belgium/boortmeerbeek,0
https://www.thecasinos.com/south-africa/cape-town,0
https://www.thecasinos.com/switzerland/pfaffikon,0
https://www.thecasinos.com/united-states/lakeside,0
https://www.thecasinos.com/france/saint-honore-les-bains,0
https://www.thecasinos.com/united-states/glendive,0
https://www.thecasinos.com/argentina/el-calafate,0
https://www.thecasinos.com/belgium/ninove,0
https://www.thecasinos.com/kenya/watamu,0
https://www.thecasinos.com/slovenia/kozina,0
https://www.thecasinos.com/mexico/naucalpan,0
https://www.thecasinos.com/south-africa/upington,0
https://www.thecasinos.com/united-states/north-bend,0
https://www.thecasinos.com/austria/salzburg,0
https://www.thecasinos.com/canada/swift-current,0
https://www.thecasinos.com/united-states/santa-fe,0
https://www.thecasinos.com/czech-republic/beroun,0
https://www.thecasinos.com/united-states/butte,0
https://www.thecasinos.com/australia/lutana,0
https://www.thecasinos.com/france/cagnes-sur-mer,0
https://www.thecasinos.com/zimbabwe/plumtree,0
https://www.thecasinos.com/united-states/harlowton,0
https://www.thecasinos.com/united-states/huntley,0
https://www.thecasinos.com/south-korea/pyeongchang-gun,0
https://www.thecasinos.com/united-states/cypress,0
https://www.thecasinos.com/nicaragua/chinandega,0
https://www.thecasinos.com/australia/caboolture,0
https://www.thecasinos.com/united-states/franklin,0
https://www.thecasinos.com/united-states/petersburg,0
https://www.thecasinos.com/australia/manunda,0
https://www.thecasinos.com/argentina/la-rioja,0
https://www.thecasinos.com/spain/ubeda,0
https://www.thecasinos.com/croatia/porec,0
https://www.thecasinos.com/united-states/pulaski,0
https://www.thecasinos.com/dominican-republic/san-pedro-de-macoris,0
https://www.thecasinos.com/croatia/trogir,0
https://www.thecasinos.com/united-kingdom/hanley,0
https://www.thecasinos.com/united-kingdom/nottingham,0
https://www.thecasinos.com/united-states/san-antonio,0
https://www.thecasinos.com/slovenia/zalec,0
https://www.thecasinos.com/australia/bellerive,0
https://www.thecasinos.com/philippines/cotabato-city,0
https://www.thecasinos.com/united-kingdom/rhyl,0
https://www.thecasinos.com/russia/amberland,0
https://www.thecasinos.com/singapore/kranji,0
https://www.thecasinos.com/czech-republic/horni-jiretin,0
https://www.thecasinos.com/france/royan,0
https://www.thecasinos.com/senegal/saly,0
https://www.thecasinos.com/latvia/liepaja,0
https://www.thecasinos.com/united-states/guymon,0
https://www.thecasinos.com/france/calais,0
https://www.thecasinos.com/south-africa/durban,0
https://www.thecasinos.com/australia/warrnambool,0
https://www.thecasinos.com/united-states/arcadia,0
https://www.thecasinos.com/czech-republic/trebic,0
https://www.thecasinos.com/canada/medicine-hat,0
https://www.thecasinos.com/united-states/yale,0
https://www.thecasinos.com/norway/eidsberg,0
https://www.thecasinos.com/latvia/balvi,0
https://www.thecasinos.com/united-states/stroud,0
https://www.thecasinos.com/australia/cairns,0
https://www.thecasinos.com/united-states/lawton,0
https://www.thecasinos.com/united-states/fargo,0
https://www.thecasinos.com/united-states/dillon,0
https://www.thecasinos.com/costa-rica/liberia,0
https://www.thecasinos.com/kazakhstan/astana,0
https://www.thecasinos.com/liberia/monrovia,0
https://www.thecasinos.com/france/sanary-sur-mer,0
https://www.thecasinos.com/united-kingdom/skegness,0
https://www.thecasinos.com/united-states/gulfport,0
https://www.thecasinos.com/canada/abbotsford,0
https://www.thecasinos.com/spain/san-fernando-de-henares,0
https://www.thecasinos.com/france/bagnoles-de-lorne,0
https://www.thecasinos.com/argentina/urdinarrain,0
https://www.thecasinos.com/united-states/lexington,0
https://www.thecasinos.com/canada/moncton,0
https://www.thecasinos.com/united-states/manteca,0
https://www.thecasinos.com/switzerland/basel,0
https://www.thecasinos.com/turkey/elazig,0
https://www.thecasinos.com/croatia/pula,0
https://www.thecasinos.com/mexico/mazatlan,0
https://www.thecasinos.com/czech-republic/opava,0
https://www.thecasinos.com/czech-republic/jihlava,0
https://www.thecasinos.com/united-states/florence,0
https://www.thecasinos.com/australia/ferny-grove,0
https://www.thecasinos.com/australia/invermay,0
https://www.thecasinos.com/united-states/fords,0
https://www.thecasinos.com/ukraine/odessa,0
https://www.thecasinos.com/united-kingdom/trowbridge,0
https://www.thecasinos.com/australia/brisbane,0
https://www.thecasinos.com/romania/botosani,0
https://www.thecasinos.com/czech-republic/zatec,0
https://www.thecasinos.com/united-states/salton-city,0
https://www.thecasinos.com/cameroon/yaounde,0
https://www.thecasinos.com/romania/falticeni,0
https://www.thecasinos.com/croatia/cepin,0
https://www.thecasinos.com/slovakia/cadca,0
https://www.thecasinos.com/philippines/tagaytay,0
https://www.thecasinos.com/united-states/pocatello,0
https://www.thecasinos.com/netherlands/weert,0
https://www.thecasinos.com/uruguay/rivera,0
https://www.thecasinos.com/india/bambolim,0
https://www.thecasinos.com/austria/kufstein,0
https://www.thecasinos.com/canada/missisauga,0
https://www.thecasinos.com/united-states/tukwila,0
https://www.thecasinos.com/slovakia/nove-zamky,0
https://www.thecasinos.com/united-states/springhill,0
https://www.thecasinos.com/germany/saarbrucken,0
https://www.thecasinos.com/united-states/ruidoso-downs,0
https://www.thecasinos.com/france/quiberon,0
https://www.thecasinos.com/united-states/canyonville,0
https://www.thecasinos.com/united-states/miles-city,0
https://www.thecasinos.com/belgium/menen,0
https://www.thecasinos.com/malta/st-pauls-bay,0
https://www.thecasinos.com/united-states/kennewick,0
https://www.thecasinos.com/france/menton,0
https://www.thecasinos.com/slovenia/celje,0
https://www.thecasinos.com/guadeloupe/gosier,0
https://www.thecasinos.com/kenya/mombasa,0
https://www.thecasinos.com/japan/urawa,0
https://www.thecasinos.com/mexico/colonia-del-valle,0
https://www.thecasinos.com/united-states/longwood,0
https://www.thecasinos.com/france/mandelieu-la-napoule,0
https://www.thecasinos.com/united-states/ferndale,0
https://www.thecasinos.com/denmark/naestved,0
https://www.thecasinos.com/spain/santander,0
https://www.thecasinos.com/chile/osorno,0
https://www.thecasinos.com/united-states/odanah,0
https://www.thecasinos.com/united-kingdom/spalding,0
https://www.thecasinos.com/new-caledonia/anse-vata,0
https://www.thecasinos.com/hungary/sopron,0
https://www.thecasinos.com/jamaica/ocho-rios,0
https://www.thecasinos.com/philippines/mandaue-city,0
https://www.thecasinos.com/united-states/richland,0
https://www.thecasinos.com/united-states/new-britain,0
https://www.thecasinos.com/united-states/brooks,0
https://www.thecasinos.com/united-kingdom/cumbernauld,0
https://www.thecasinos.com/france/ajaccio,0
https://www.thecasinos.com/france/aquitaine,0
https://www.thecasinos.com/austria/liezen,0
https://www.thecasinos.com/canada/balzac,0
https://www.thecasinos.com/argentina/miramar,0
https://www.thecasinos.com/slovakia/banovce-nad-bebravou,0
https://www.thecasinos.com/united-states/lodi,0
https://www.thecasinos.com/australia/dalby,0
https://www.thecasinos.com/trinidad-and-tobago/valsayn,0
https://www.thecasinos.com/argentina/choele-choel,0
https://www.thecasinos.com/mexico/pachuca,0
https://www.thecasinos.com/zimbabwe/masvingo,0
https://www.thecasinos.com/united-states/vernon,0
https://www.thecasinos.com/czech-republic/podebrady,0
https://www.thecasinos.com/united-kingdom/clapham,0
https://www.thecasinos.com/thailand/bangkok,0
https://www.thecasinos.com/mexico/san-luis-rio-colorado,0
https://www.thecasinos.com/south-africa/kimberley,0
https://www.thecasinos.com/ukraine/kiev,0
https://www.thecasinos.com/united-states/bensalem,0
https://www.thecasinos.com/canada/calgary,0
https://www.thecasinos.com/united-states/charenton,0
https://www.thecasinos.com/vietnam/mong-cai,0
https://www.thecasinos.com/vietnam/nha-trang,0
https://www.thecasinos.com/czech-republic/dacice,0
https://www.thecasinos.com/belgium/ternat,0
https://www.thecasinos.com/france/luxeuil-les-bains,0
https://www.thecasinos.com/mozambique/tete,0
https://www.thecasinos.com/united-states/twentynine-palms,0
https://www.thecasinos.com/czech-republic/prostejov,0
https://www.thecasinos.com/united-states/flagstaff,0
https://www.thecasinos.com/united-states/scottsbluff,0
https://www.thecasinos.com/united-states/laurel,0
https://www.thecasinos.com/united-states/san-jacinto,0
https://www.thecasinos.com/australia/campbelltown,0
https://www.thecasinos.com/united-arab-emirates/dubai,0
https://www.thecasinos.com/united-states/inglewood,0
https://www.thecasinos.com/colombia/ibague,0
https://www.thecasinos.com/poland/szczecin,0
https://www.thecasinos.com/united-states/ekalaka,0
https://www.thecasinos.com/united-states/commerce,0
https://www.thecasinos.com/germany/bad-steben,0
https://www.thecasinos.com/france/niederbronn-les-bains,0
https://www.thecasinos.com/united-states/pawhuska,0
https://www.thecasinos.com/mexico/nogales,0
https://www.thecasinos.com/slovenia/nova-gorica,0
https://www.thecasinos.com/united-states/fort-gibson,0
https://www.thecasinos.com/canada/thunder-bay,0
https://www.thecasinos.com/united-kingdom/caernarfon,0
https://www.thecasinos.com/czech-republic/jablonec-nad-nisou,0
https://www.thecasinos.com/austria/leibnitz,0
https://www.thecasinos.com/romania/zalau,0
https://www.thecasinos.com/australia/yeppoon,0
https://www.thecasinos.com/france/bandol,0
https://www.thecasinos.com/belgium/lokeren,0
https://www.thecasinos.com/netherlands/leeuwarden,0
https://www.thecasinos.com/south-africa/vanderbijlpark,0
https://www.thecasinos.com/canada/millarville,0
https://www.thecasinos.com/canada/fort-erie,0
https://www.thecasinos.com/chile/san-francisco-de-mostazal,0
https://www.thecasinos.com/germany/dortmund,0
https://www.thecasinos.com/australia/smithton,0
https://www.thecasinos.com/slovakia/lipany,0
https://www.thecasinos.com/united-states/clarkston,0
https://www.thecasinos.com/united-kingdom/borehamwood,0
https://www.thecasinos.com/netherlands/goes,0
https://www.thecasinos.com/united-states/apache-junction,0
https://www.thecasinos.com/france/le-grau-du-roi,0
https://www.thecasinos.com/dominican-republic/santiago-de-los-caballeros,0
https://www.thecasinos.com/argentina/puerto-madryn,0
https://www.thecasinos.com/france/paris,0
https://www.thecasinos.com/united-kingdom/worcester,0
https://www.thecasinos.com/montenegro/budva,0
https://www.thecasinos.com/united-states/pensacola,0
https://www.thecasinos.com/united-states/roberts,0
https://www.thecasinos.com/venezuela/maracaibo,0
https://www.thecasinos.com/south-africa/mahikeng,0
https://www.thecasinos.com/romania/arad,0
https://www.thecasinos.com/united-states/russellville,0
https://www.thecasinos.com/united-states/grover-beach,0
https://www.thecasinos.com/united-states/oakdale,0
https://www.thecasinos.com/united-kingdom/ayr,0
https://www.thecasinos.com/czech-republic/napajedla,0
https://www.thecasinos.com/united-states/shelby,0
https://www.thecasinos.com/united-states/san-diego,0
https://www.thecasinos.com/united-states/malad-city,0
https://www.thecasinos.com/croatia/hvar,0
https://www.thecasinos.com/hungary/szombathely,0
https://www.thecasinos.com/czech-republic/hranice,0
https://www.thecasinos.com/united-states/portsmouth,0
https://www.thecasinos.com/united-states/lame-deer,0
https://www.thecasinos.com/united-states/hallandale,0
https://www.thecasinos.com/united-states/tahlequah,0
https://www.thecasinos.com/croatia/novi-vinodolski,0
https://www.thecasinos.com/colombia/cali,0
https://www.thecasinos.com/czech-republic/mosty-u-jablunkova,0
https://www.thecasinos.com/united-states/incline-village,0
https://www.thecasinos.com/mauritius/grand-baie,0
https://www.thecasinos.com/united-states/sun-river,0
https://www.thecasinos.com/united-states/power,0
https://www.thecasinos.com/united-kingdom/crawley,0
https://www.thecasinos.com/united-states/ballantine,0
https://www.thecasinos.com/lithuania/druskininkai,0
https://www.thecasinos.com/czech-republic/bilina,0
https://www.thecasinos.com/united-states/central-city,0
https://www.thecasinos.com/romania/busteni,0
https://www.thecasinos.com/united-states/harlingen,0
https://www.thecasinos.com/panama/panama-city,0
https://www.thecasinos.com/united-states/stockton,0
https://www.thecasinos.com/martinique/les-trois-ilets,0
https://www.thecasinos.com/spain/ibiza,0
https://www.thecasinos.com/france/chatelaillon-plage,0
https://www.thecasinos.com/united-states/white-cloud,0
https://www.thecasinos.com/belgium/beveren,0
https://www.thecasinos.com/slovakia/spisska-nova-ves,0
https://www.thecasinos.com/united-states/verona,0
https://www.thecasinos.com/slovakia/tornala,0
https://www.thecasinos.com/netherlands/kaatsheuvel,0
https://www.thecasinos.com/united-kingdom/epsom,0
https://www.thecasinos.com/united-kingdom/clacton-on-sea,0
https://www.thecasinos.com/united-states/rochester,0
https://www.thecasinos.com/australia/orford,0
https://www.thecasinos.com/france/cazaubon,0
https://www.thecasinos.com/united-states/atka,0
https://www.thecasinos.com/czech-republic/hustopece,0
https://www.thecasinos.com/czech-republic/ceska-lipa,0
https://www.thecasinos.com/vietnam/bac-ninh,0
https://www.thecasinos.com/zimbabwe/victoria-falls,0
https://www.thecasinos.com/peru/san-miguel,0
https://www.thecasinos.com/united-states/nekoosa,0
https://www.thecasinos.com/netherlands/helmond,0
https://www.thecasinos.com/united-states/waterloo,0
https://www.thecasinos.com/united-states/bethlehem,0
https://www.thecasinos.com/romania/stefanestii-de-jos,0
https://www.thecasinos.com/lithuania/gargzdai,0
https://www.thecasinos.com/united-states/rancho-cordova,0
https://www.thecasinos.com/united-states/kinder,0
https://www.thecasinos.com/united-states/mcdermitt,0
https://www.thecasinos.com/united-states/jamul-indian-village,0
https://www.thecasinos.com/canada/mont-tremblant,0
https://www.thecasinos.com/canada/campbell-river,0
https://www.thecasinos.com/mexico/playa-del-carmen,0
https://www.thecasinos.com/czech-republic/litovel,0
https://www.thecasinos.com/croatia/kastel-luksic,0
https://www.thecasinos.com/poland/katowice,0
https://www.thecasinos.com/czech-republic/jicin,0
https://www.thecasinos.com/south-africa/caledon,0
https://www.thecasinos.com/romania/fagaras,0
https://www.thecasinos.com/united-states/ocean-shores,0
https://www.thecasinos.com/united-states/turlock,0
https://www.thecasinos.com/argentina/las-grutas,0
https://www.thecasinos.com/united-kingdom/feltham,0
https://www.thecasinos.com/united-states/bonners-ferry,0
https://www.thecasinos.com/united-states/lemoore,0
https://www.thecasinos.com/united-states/bonita-springs,0
https://www.thecasinos.com/chile/talcahuano,0
https://www.thecasinos.com/denmark/farum,0
https://www.thecasinos.com/netherlands/maarssen,0
https://www.thecasinos.com/nigeria/ikeja,0
https://www.thecasinos.com/united-states/thackerville,0
https://www.thecasinos.com/united-states/laytonville,0
https://www.thecasinos.com/netherlands/duiven,0
https://www.thecasinos.com/canada/langley,0
https://www.thecasinos.com/south-korea/daegu,0
https://www.thecasinos.com/united-states/hammond,0
https://www.thecasinos.com/united-kingdom/ipswich,0
https://www.thecasinos.com/romania/husi,0
https://www.thecasinos.com/belgium/verviers,0
https://www.thecasinos.com/argentina/federacion,0
https://www.thecasinos.com/united-states/imlay,0
https://www.thecasinos.com/france/annecy,0
https://www.thecasinos.com/united-states/breaux-bridge,0
https://www.thecasinos.com/seychelles/bel-ombre,0
https://www.thecasinos.com/belgium/arlon,0
https://www.thecasinos.com/united-states/new-castle,0
https://www.thecasinos.com/belgium/blankenberge,0
https://www.thecasinos.com/united-states/tower,0
https://www.thecasinos.com/united-states/tillamook,0
https://www.thecasinos.com/united-states/arlington-heights,0
https://www.thecasinos.com/united-states/poteau,0
https://www.thecasinos.com/slovakia/partizanske,0
https://www.thecasinos.com/united-states/yreka,0
https://www.thecasinos.com/france/saint-quay-portrieux,0
https://www.thecasinos.com/united-states/harris,0
https://www.thecasinos.com/united-states/jacksonville,0
https://www.thecasinos.com/united-states/chester,0
https://www.thecasinos.com/united-kingdom/barnsley,0
https://www.thecasinos.com/united-kingdom/arbroath,0
https://www.thecasinos.com/zimbabwe/chitungwiza,0
https://www.thecasinos.com/costa-rica/heredia,0
https://www.thecasinos.com/argentina/general-roca,0
https://www.thecasinos.com/argentina/esquina,0
https://www.thecasinos.com/france/andernos-les-bains,0
https://www.thecasinos.com/canada/kenora,0
https://www.thecasinos.com/france/lons-le-saunier,0
https://www.thecasinos.com/united-kingdom/peterborough,0
https://www.thecasinos.com/canada/opaskwayak---the-pas,0
https://www.thecasinos.com/united-states/salamanca,0
https://www.thecasinos.com/united-kingdom/newton-abbot,0
https://www.thecasinos.com/belgium/zottegem,0
https://www.thecasinos.com/czech-republic/znojmo,0
https://www.thecasinos.com/sierra-leone/freetown,0
https://www.thecasinos.com/united-states/point-arena,0
https://www.thecasinos.com/united-states/houma,0
https://www.thecasinos.com/czech-republic/kostelec-nad-labem,0
https://www.thecasinos.com/united-states/covelo,0
https://www.thecasinos.com/czech-republic/folmava,0
https://www.thecasinos.com/mexico/tlalnepantla-de-baz,0
https://www.thecasinos.com/peru/arequipa,0
https://www.thecasinos.com/italy/varese,0
https://www.thecasinos.com/mexico/ciudad-juarez,0
https://www.thecasinos.com/dominican-republic/santo-domingo,0
https://www.thecasinos.com/argentina/bernardo-de-irigoyen,0
https://www.thecasinos.com/jamaica/portmore,0
https://www.thecasinos.com/germany/saarlouis,0
https://www.thecasinos.com/south-korea/busan,0
https://www.thecasinos.com/czech-republic/olomouc,0
https://www.thecasinos.com/czech-republic/karlovy-vary,0
https://www.thecasinos.com/united-states/fishtail,0
https://www.thecasinos.com/slovakia/malacky,0
https://www.thecasinos.com/czech-republic/teplice,0
https://www.thecasinos.com/united-states/east-peoria,0
https://www.thecasinos.com/united-states/black-river-falls,0
https://www.thecasinos.com/united-states/pine-ridge,0
https://www.thecasinos.com/france/les-sables-dolonne,0
https://www.thecasinos.com/canada/dawsons-creek,0
https://www.thecasinos.com/lithuania/utena,0
https://www.thecasinos.com/united-states/kirkland,0
https://www.thecasinos.com/belgium/marche-en-famenne,0
https://www.thecasinos.com/austria/velden-am-worthersee,0
https://www.thecasinos.com/australia/parafield-gardens,0
https://www.thecasinos.com/czech-republic/louny,0
https://www.thecasinos.com/croatia/makarska,0
https://www.thecasinos.com/united-states/ely,0
https://www.thecasinos.com/argentina/ingeniero-jacobacci,0
https://www.thecasinos.com/bosnia-and-herzegovina/kozarska-dubica,0
https://www.thecasinos.com/united-states/flaxville,0
https://www.thecasinos.com/austria/voitsberg,0
https://www.thecasinos.com/united-states/folsom,0
https://www.thecasinos.com/mauritius/port-louis,0
https://www.thecasinos.com/united-states/winston,0
https://www.thecasinos.com/united-states/wyandotte,0
https://www.thecasinos.com/greece/rhodes,0
https://www.thecasinos.com/united-states/ochopee,0
https://www.thecasinos.com/netherlands/zaandam,0
https://www.thecasinos.com/united-states/yerington,0
https://www.thecasinos.com/northern-mariana-islands/garapan,0
https://www.thecasinos.com/spain/girona,0
https://www.thecasinos.com/united-states/edgar,0
https://www.thecasinos.com/chile/antofagasta,0
https://www.thecasinos.com/romania/sannicolau-mare,0
https://www.thecasinos.com/netherlands/gelderland,0
https://www.thecasinos.com/united-states/sheridan,0
https://www.thecasinos.com/united-states/belt,0
https://www.thecasinos.com/united-states/hawaiian-gardens,0
https://www.thecasinos.com/canada/cold-lake,0
https://www.thecasinos.com/united-states/amargosa-valley,0
https://www.thecasinos.com/united-states/erie,0
https://www.thecasinos.com/latvia/aluksne,0
https://www.thecasinos.com/germany/osnabruck,0
https://www.thecasinos.com/united-states/san-jose,0
https://www.thecasinos.com/australia/flemington,0
https://www.thecasinos.com/united-states/jefferson,0
https://www.thecasinos.com/united-kingdom/brighton,0
https://www.thecasinos.com/united-states/yuma,0
https://www.thecasinos.com/philippines/makati-city,0
https://www.thecasinos.com/slovakia/ruzomberok,0
https://www.thecasinos.com/belgium/leopoldsburg,0
https://www.thecasinos.com/united-states/ione,0
https://www.thecasinos.com/united-kingdom/chatham,0
https://www.thecasinos.com/mexico/atizapan-de-zaragoza,0
https://www.thecasinos.com/samoa/apia,0
https://www.thecasinos.com/united-states/omaha,0
https://www.thecasinos.com/united-states/boonville,0
https://www.thecasinos.com/united-states/islandia,0
https://www.thecasinos.com/czech-republic/duchcov,0
https://www.thecasinos.com/peru/callao,0
https://www.thecasinos.com/france/biarritz,0
https://www.thecasinos.com/united-states/french-lick,0
https://www.thecasinos.com/latvia/limbazi,0
https://www.thecasinos.com/south-africa/tzaneen,0
https://www.thecasinos.com/mexico/miguel-hidalgo,0
https://www.thecasinos.com/united-states/bayfield,0
https://www.thecasinos.com/united-kingdom/ilford,0
https://www.thecasinos.com/australia/henley-beach-south,0
https://www.thecasinos.com/united-states/beatty,0
https://www.thecasinos.com/australia/devonport,0
https://www.thecasinos.com/argentina/mar-del-plata,0
https://www.thecasinos.com/united-states/perry,0
https://www.thecasinos.com/united-states/petoskey,0
https://www.thecasinos.com/united-states/niagara-falls,0
https://www.thecasinos.com/japan/kyoto,0
https://www.thecasinos.com/austria/murau,0
https://www.thecasinos.com/united-states/san-rafael,0
https://www.thecasinos.com/south-africa/bethelsdorp,0
https://www.thecasinos.com/united-states/washington,0
https://www.thecasinos.com/united-states/vicksburg,0
https://www.thecasinos.com/germany/bad-wiessee,0
https://www.thecasinos.com/croatia/slavonski-brod,0
https://www.thecasinos.com/united-states/airway-heights,0
https://www.thecasinos.com/france/carry-le-rouet,0
https://www.thecasinos.com/united-states/mount-pleasant,0
https://www.thecasinos.com/mexico/manzanillo,0
https://www.thecasinos.com/australia/toowoomba,0
https://www.thecasinos.com/belgium/roeselare,0
https://www.thecasinos.com/united-states/north-las-vegas,0
https://www.thecasinos.com/czech-republic/kutna-hora,0
https://www.thecasinos.com/australia/gympie,0
https://www.thecasinos.com/philippines/cebu-city,0
https://www.thecasinos.com/argentina/chajari,0
https://www.thecasinos.com/south-africa/langebaan,0
https://www.thecasinos.com/united-states/vaughn,0
https://www.thecasinos.com/canada/dawson-city,0
https://www.thecasinos.com/united-states/pocasset,0
https://www.thecasinos.com/benin/cotonou,0
https://www.thecasinos.com/united-kingdom/walsall,0
https://www.thecasinos.com/nigeria/abuja,0
https://www.thecasinos.com/seychelles/eden-island,0
https://www.thecasinos.com/netherlands/tilburg,0
https://www.thecasinos.com/netherlands/den-bosch,0
https://www.thecasinos.com/canada/edmonton,0
https://www.thecasinos.com/kazakhstan/aktobe,0
https://www.thecasinos.com/mexico/nuevo-laredo,0
https://www.thecasinos.com/austria/telfs,0
https://www.thecasinos.com/france/evaux-les-baines,0
https://www.thecasinos.com/virgin-islands/cruz-bay,0
https://www.thecasinos.com/france/lyon,0
https://www.thecasinos.com/egypt/nasr-city,0
https://www.thecasinos.com/united-states/skiatook,0
https://www.thecasinos.com/united-states/alpine,0
https://www.thecasinos.com/united-states/st-ignatius,0
https://www.thecasinos.com/bahamas/alice-town,0
https://www.thecasinos.com/united-kingdom/huddersfield,0
https://www.thecasinos.com/romania/pascani,0
https://www.thecasinos.com/macedonia/gevgelija,0
https://www.thecasinos.com/sri-lanka/colombo,0
https://www.thecasinos.com/france/royat,0
https://www.thecasinos.com/colombia/don-matias,0
https://www.thecasinos.com/south-africa/pietermaritzburg,0
https://www.thecasinos.com/united-states/youngstown,0
https://www.thecasinos.com/spain/caceres,0
https://www.thecasinos.com/united-kingdom/basingstoke,0
https://www.thecasinos.com/united-states/black-hawk,0
https://www.thecasinos.com/netherlands/arnhem,0
https://www.thecasinos.com/united-kingdom/romford,0
https://www.thecasinos.com/ireland/cork,0
https://www.thecasinos.com/czech-republic/zelezna-ruda,0
https://www.thecasinos.com/gabon/libreville,0
https://www.thecasinos.com/united-states/custer,0
https://www.thecasinos.com/united-states/robinsonville,0
https://www.thecasinos.com/latvia/preli,0
https://www.thecasinos.com/united-states/fort-lauderdale,0
https://www.thecasinos.com/united-states/greenville,0
https://www.thecasinos.com/united-states/onawa,0
https://www.thecasinos.com/france/vernet-les-bains,0
https://www.thecasinos.com/spain/la-coruna,0
https://www.thecasinos.com/south-sudan/juba,0
https://www.thecasinos.com/united-states/bell-gardens,0
https://www.thecasinos.com/kazakhstan/pavlodar,0
https://www.thecasinos.com/united-states/kalispell,0
https://www.thecasinos.com/albania/vore,0
https://www.thecasinos.com/virgin-islands/christiansted,0
https://www.thecasinos.com/netherlands/amsterdam,0
https://www.thecasinos.com/united-states/susanville,0
https://www.thecasinos.com/philippines/carmona,0
https://www.thecasinos.com/argentina/resistencia,0
https://www.thecasinos.com/uruguay/fray-bentos,0
https://www.thecasinos.com/colombia/bogota,0
https://www.thecasinos.com/united-states/alturas,0
https://www.thecasinos.com/romania/dambovita,0
https://www.thecasinos.com/slovakia/presov,0
https://www.thecasinos.com/myanmar/kawthaung,0
https://www.thecasinos.com/united-states/northwood,0
https://www.thecasinos.com/united-states/mackinaw-city,0
https://www.thecasinos.com/france/ceret,0
https://www.thecasinos.com/canada/bridgewater,0
https://www.thecasinos.com/finland/tampere,0
https://www.thecasinos.com/macau/macau,0
https://www.thecasinos.com/vietnam/phu-loc,0
https://www.thecasinos.com/united-states/vinton,0
https://www.thecasinos.com/united-states/horton,0
https://www.thecasinos.com/canada/khanawake,0
https://www.thecasinos.com/france/pau,0
https://www.thecasinos.com/united-states/port-angeles,0
https://www.thecasinos.com/united-states/pittsburgh,0
https://www.thecasinos.com/france/la-roche-posay,0
https://www.thecasinos.com/italy/saint-vincent,0
https://www.thecasinos.com/country-of-georgia/tbilisi,0
https://www.thecasinos.com/france/sete,0
https://www.thecasinos.com/united-states/fort-hall,0
https://www.thecasinos.com/czech-republic/novy-jicin,0
https://www.thecasinos.com/united-states/anacortes,0
https://www.thecasinos.com/denmark/smorum,0
https://www.thecasinos.com/zimbabwe/gweru,0
https://www.thecasinos.com/united-states/perkins,0
https://www.thecasinos.com/united-states/wabeno,0
https://www.thecasinos.com/spain/zaragoza,0
https://www.thecasinos.com/netherlands/hoogezand,0
https://www.thecasinos.com/united-states/carbondale,0
https://www.thecasinos.com/australia/bundaberg,0
https://www.thecasinos.com/canada/castlegar,0
https://www.thecasinos.com/czech-republic/dubi,0
https://www.thecasinos.com/united-kingdom/swindon,0
https://www.thecasinos.com/spain/huesca,0
https://www.thecasinos.com/new-zealand/auckland,0
https://www.thecasinos.com/united-states/gilroy,0
https://www.thecasinos.com/argentina/el-bolson,0
https://www.thecasinos.com/slovenia/kranjska-gora,0
https://www.thecasinos.com/india/panjim,0
https://www.thecasinos.com/canada/innisfil,0
https://www.thecasinos.com/united-states/vallejo,0
https://www.thecasinos.com/united-states/saint-charles,0
https://www.thecasinos.com/united-states/richey,0
https://www.thecasinos.com/argentina/santiago-del-estero,0
https://www.thecasinos.com/united-states/mobridge,0
https://www.thecasinos.com/united-kingdom/dundee,0
https://www.thecasinos.com/united-states/council-bluffs,0
https://www.thecasinos.com/mozambique/nampula,0
https://www.thecasinos.com/france/mont-dore,0
https://www.thecasinos.com/morocco/agadir,0
https://www.thecasinos.com/united-states/oroville,0
https://www.thecasinos.com/united-states/bakersfield,0
https://www.thecasinos.com/united-states/ravalli,0
https://www.thecasinos.com/peru/piura,0
https://www.thecasinos.com/netherlands/heerlen,0
https://www.thecasinos.com/argentina/catriel,0
https://www.thecasinos.com/mexico/guadalupe,0
https://www.thecasinos.com/turkey/istanbul,0
https://www.thecasinos.com/germany/travemunde,0
https://www.thecasinos.com/czech-republic/bystrice-pod-hostynem,0
https://www.thecasinos.com/romania/vatra-dornei,0
https://www.thecasinos.com/canada/lower-sackville,0
https://www.thecasinos.com/argentina/buena-esperanza,0
https://www.thecasinos.com/egypt/taba,0
https://www.thecasinos.com/portugal/grandola,0
https://www.thecasinos.com/austria/braunau-am-inn,0
https://www.thecasinos.com/france/saint-paul-les-dax,0
https://www.thecasinos.com/slovakia/dunajska-streda,0
https://www.thecasinos.com/united-states/konawa,0
https://www.thecasinos.com/united-states/tonkawa,0
https://www.thecasinos.com/cyprus/nicosia,0
https://www.thecasinos.com/cambodia/kampot,0
https://www.thecasinos.com/switzerland/graubunden,0
https://www.thecasinos.com/australia/new-farm,0
https://www.thecasinos.com/mexico/merida,0
https://www.thecasinos.com/france/contrexeville,0
https://www.thecasinos.com/united-states/devol,0
https://www.thecasinos.com/argentina/las-heras,0
https://www.thecasinos.com/croatia/garesnica,0
https://www.thecasinos.com/united-states/bossier-city,0
https://www.thecasinos.com/united-states/pueblo,0
https://www.thecasinos.com/hong-kong/sha-tin,0
https://www.thecasinos.com/india/gangtok,0
https://www.thecasinos.com/canada/surrey,0
https://www.thecasinos.com/spain/laguna-de-duero,0
https://www.thecasinos.com/france/bussang,0
https://www.thecasinos.com/croatia/vodice,0
https://www.thecasinos.com/united-states/chico,0
https://www.thecasinos.com/united-states/hawthorne,0
https://www.thecasinos.com/france/evian-les-bains,0
https://www.thecasinos.com/cambodia/Aranyaprathet,0
https://www.thecasinos.com/united-states/anza,0
https://www.thecasinos.com/united-kingdom/maidstone,0
https://www.thecasinos.com/united-kingdom/darlington,0
https://www.thecasinos.com/united-states/evanston,0
https://www.thecasinos.com/lesotho/maseru,0
https://www.thecasinos.com/czech-republic/mimon,0
https://www.thecasinos.com/slovakia/puchov,0
https://www.thecasinos.com/macedonia/bitola,0
https://www.thecasinos.com/united-states/cleveland,0
https://www.thecasinos.com/united-states/temecula,0
https://www.thecasinos.com/united-states/michigan-city,0
https://www.thecasinos.com/martinique/schoelcher,0
https://www.thecasinos.com/united-states/toston,0
https://www.thecasinos.com/malta/zabbar,0
https://www.thecasinos.com/france/soulac-sur-mer,0
https://www.thecasinos.com/slovenia/ljubljana,0
https://www.thecasinos.com/united-states/standish,0
https://www.thecasinos.com/latvia/lielvarde,0
https://www.thecasinos.com/lithuania/siauliai,0
https://www.thecasinos.com/cote-ivoire/abidjan,0
https://www.thecasinos.com/netherlands/zandvoort,0
https://www.thecasinos.com/united-states/welch,0
https://www.thecasinos.com/austria/bruck-an-der-mur,0
https://www.thecasinos.com/croatia/buje,0
https://www.thecasinos.com/lithuania/marijampole,0
https://www.thecasinos.com/united-states/sonoita,0
https://www.thecasinos.com/poland/plock,0
https://www.thecasinos.com/united-states/carlton,0
https://www.thecasinos.com/united-states/hampton-beach,0
https://www.thecasinos.com/united-states/eagle-butte,0
https://www.thecasinos.com/united-kingdom/burnley,0
https://www.thecasinos.com/spain/soria,0
https://www.thecasinos.com/australia/mooloolaba,0
https://www.thecasinos.com/canada/montreal,0
https://www.thecasinos.com/bosnia-and-herzegovina/laktasi,0
https://www.thecasinos.com/russia/rostov-na-donu,0
https://www.thecasinos.com/spain/burgos,0
https://www.thecasinos.com/united-states/muskogee,0
https://www.thecasinos.com/australia/noosa-heads,0
https://www.thecasinos.com/united-states/bynum,0
https://www.thecasinos.com/bosnia-and-herzegovina/teslic,0
https://www.thecasinos.com/croatia/solin,0
https://www.thecasinos.com/paraguay/pedro-juan-caballero,0
https://www.thecasinos.com/latvia/olaine,0
https://www.thecasinos.com/slovakia/svidnik,0
https://www.thecasinos.com/romania/bacau,0
https://www.thecasinos.com/united-states/lakewood,0
https://www.thecasinos.com/united-states/watersmeet,0
https://www.thecasinos.com/australia/pialba,0
https://www.thecasinos.com/malta/birkirkara,0
https://www.thecasinos.com/france/la-bourboule,0
https://www.thecasinos.com/united-states/henderson,0
https://www.thecasinos.com/france/dinard,0
https://www.thecasinos.com/antigua-and-barbuda/crabbs,0
https://www.thecasinos.com/haiti/port-au-prince,0
https://www.thecasinos.com/germany/espelkamp,0
https://www.thecasinos.com/united-kingdom/motherwell,0
https://www.thecasinos.com/mexico/los-cabos,0
https://www.thecasinos.com/united-states/pullman,0
https://www.thecasinos.com/spain/jaca,0
https://www.thecasinos.com/austria/feldkirch,0
https://www.thecasinos.com/united-states/morton,0
https://www.thecasinos.com/paraguay/salto-del-guaira,0
https://www.thecasinos.com/mauritius/savanne,0
https://www.thecasinos.com/uruguay/carmelo,0
https://www.thecasinos.com/united-states/harrington,0
https://www.thecasinos.com/united-states/bay-saint-louis,0
https://www.thecasinos.com/malaysia/ipoh,0
https://www.thecasinos.com/japan/gifu,0
https://www.thecasinos.com/united-states/terre-haute,0
https://www.thecasinos.com/canada/prince-albert,0
https://www.thecasinos.com/china/shanghai,0
https://www.thecasinos.com/croatia/losinj,0
https://www.thecasinos.com/spain/jaen,0
https://www.thecasinos.com/united-states/loleta,0
https://www.thecasinos.com/argentina/goya,0
https://www.thecasinos.com/vietnam/hue,0
https://www.thecasinos.com/albania/korce,0
https://www.thecasinos.com/united-states/flandreau,0
https://www.thecasinos.com/netherlands/purmerend,0
https://www.thecasinos.com/vietnam/da-nang,0
https://www.thecasinos.com/germany/dusseldorf,0
https://www.thecasinos.com/bosnia-and-herzegovina/trn,0
https://www.thecasinos.com/slovakia/velky-krtis,0
https://www.thecasinos.com/poland/sopot,0
https://www.thecasinos.com/united-kingdom/greenock,0
https://www.thecasinos.com/united-states/cloverdale,0
https://www.thecasinos.com/mexico/guaymas,0
https://www.thecasinos.com/chile/pucon,0
https://www.thecasinos.com/australia/alexandra-headland,0
https://www.thecasinos.com/chile/ovalle,0
https://www.thecasinos.com/slovenia/koper,0
https://www.thecasinos.com/czech-republic/horovice,0
https://www.thecasinos.com/united-states/barrow,0
https://www.thecasinos.com/spain/granada,0
https://www.thecasinos.com/italy/como,0
https://www.thecasinos.com/united-states/pompano-beach,0
https://www.thecasinos.com/united-states/thibodaux,0
https://www.thecasinos.com/united-states/mulvane,0
https://www.thecasinos.com/mexico/colima,0
https://www.thecasinos.com/slovakia/roznava,0
https://www.thecasinos.com/lithuania/turgaus,0
https://www.thecasinos.com/slovenia/rogaska-slatina,0
https://www.thecasinos.com/slovenia/lesce,0
https://www.thecasinos.com/belgium/spiere-helkijn,0
https://www.thecasinos.com/united-states/fort-pierre,0
https://www.thecasinos.com/united-states/billings,0
https://www.thecasinos.com/united-states/portland,0
https://www.thecasinos.com/spain/san-pedro-de-alcantar,0
https://www.thecasinos.com/south-korea/sabuk-eup,0
https://www.thecasinos.com/united-states/warm-springs,0
https://www.thecasinos.com/croatia/zapresic,0
https://www.thecasinos.com/malta/valletta,0
https://www.thecasinos.com/united-states/okanogan,0
https://www.thecasinos.com/united-states/checotah,0
https://www.thecasinos.com/croatia/umag,0
https://www.thecasinos.com/panama/santiago-de-veraguas,0
https://www.thecasinos.com/myanmar/tachilek,0
https://www.thecasinos.com/greece/corfu,0
https://www.thecasinos.com/romania/resita,0
https://www.thecasinos.com/kenya/malindi,0
https://www.thecasinos.com/romania/craiova,0
https://www.thecasinos.com/australia/hendon,0
https://www.thecasinos.com/united-states/hartford,0
https://www.thecasinos.com/colombia/itagui,0
https://www.thecasinos.com/uruguay/durazno,0
https://www.thecasinos.com/czech-republic/sobeslav,0
https://www.thecasinos.com/united-states/crescent-city,0
https://www.thecasinos.com/romania/piatra-neamt,0
https://www.thecasinos.com/united-states/laramie,0
https://www.thecasinos.com/united-states/saratoga-springs,0
https://www.thecasinos.com/canada/brantford,0
https://www.thecasinos.com/united-states/newburgh,0
https://www.thecasinos.com/slovakia/kosice,0
https://www.thecasinos.com/suriname/paramaribo,0
https://www.thecasinos.com/belgium/peruwelz,0
https://www.thecasinos.com/sweden/stockholm,0
https://www.thecasinos.com/mexico/tehuacan,0
https://www.thecasinos.com/australia/indooroopilly,0
https://www.thecasinos.com/spain/tomares,0
https://www.thecasinos.com/latvia/livani,0
https://www.thecasinos.com/czech-republic/unicov,0
https://www.thecasinos.com/united-states/albany,0
https://www.thecasinos.com/united-kingdom/glenrothes,0
https://www.thecasinos.com/belgium/affligem,0
https://www.thecasinos.com/argentina/ushuaia,0
https://www.thecasinos.com/mexico/metepec,0
https://www.thecasinos.com/united-states/ardmore,0
https://www.thecasinos.com/united-states/lake-ozark,0
https://www.thecasinos.com/spain/logrono,0
https://www.thecasinos.com/colombia/cucuta,0
https://www.thecasinos.com/france/deauville,0
https://www.thecasinos.com/australia/strathpine,0
https://www.thecasinos.com/united-states/tiverton,0
https://www.thecasinos.com/peru/huancayo,0
https://www.thecasinos.com/united-states/three-forks,0
https://www.thecasinos.com/laos/ton-pheung,0
https://www.thecasinos.com/united-kingdom/liverpool,0
https://www.thecasinos.com/australia/berriedale,0
https://www.thecasinos.com/france/saint-brevin-les-pins,0
https://www.thecasinos.com/united-states/lower-brule,0
https://www.thecasinos.com/netherlands/meppel,0
https://www.thecasinos.com/czech-republic/navsi,0
https://www.thecasinos.com/united-states/wibaux,0
https://www.thecasinos.com/united-states/elizabeth,0
https://www.thecasinos.com/united-states/hamburg,0
https://www.thecasinos.com/albania/fier,0
https://www.thecasinos.com/sint-maarten/cole-bay,0
https://www.thecasinos.com/paraguay/ciudad-del-este,0
https://www.thecasinos.com/united-states/searchlight,0
https://www.thecasinos.com/chile/coquimbo,0
https://www.thecasinos.com/germany/cottbus,0
https://www.thecasinos.com/croatia/senj,0
https://www.thecasinos.com/swaziland/piggs-peak,0
https://www.thecasinos.com/australia/seacliff,0
https://www.thecasinos.com/united-states/ridgefield,0
https://www.thecasinos.com/czech-republic/humpolec,0
https://www.thecasinos.com/czech-republic/jindrichuv-hradec,0
https://www.thecasinos.com/belgium/erquelinnes,0
https://www.thecasinos.com/australia/kedron-park,0
https://www.thecasinos.com/united-states/scobey,0
https://www.thecasinos.com/botswana/palapye,0
https://www.thecasinos.com/malaysia/penang,0
https://www.thecasinos.com/germany/trier,0
https://www.thecasinos.com/slovakia/senec,0
https://www.thecasinos.com/united-states/sunland-park,0
https://www.thecasinos.com/united-states/seminole,0
https://www.thecasinos.com/vietnam/lao-cai,0
https://www.thecasinos.com/dominican-republic/rio-san-juan,0
https://www.thecasinos.com/argentina/gualeguaychu,0
https://www.thecasinos.com/czech-republic/rozvadov,0
https://www.thecasinos.com/paraguay/asuncion,0
https://www.thecasinos.com/france/veulettes-sur-mer,0
https://www.thecasinos.com/united-kingdom/bexleyheath,0
https://www.thecasinos.com/united-states/oaks,0
https://www.thecasinos.com/united-states/eutaw,0
https://www.thecasinos.com/united-kingdom/dudley,0
https://www.thecasinos.com/slovakia/svit,0
https://www.thecasinos.com/united-states/wayland,0
https://www.thecasinos.com/united-states/hominy,0
https://www.thecasinos.com/germany/fulda,0
https://www.thecasinos.com/czech-republic/prachatice,0
https://www.thecasinos.com/netherlands/roosendaal,0
https://www.thecasinos.com/mexico/guamuchil,0
https://www.thecasinos.com/united-states/newcastle,0
https://www.thecasinos.com/mexico/culiacan,0
https://www.thecasinos.com/united-states/black-eagle,0
https://www.thecasinos.com/romania/slobozia,0
https://www.thecasinos.com/united-states/metlakatla,0
https://www.thecasinos.com/belgium/lier,0
https://www.thecasinos.com/united-states/bagley,0
https://www.thecasinos.com/united-states/diberville,0
https://www.thecasinos.com/latvia/saldus,0
https://www.thecasinos.com/united-states/stickney,0
https://www.thecasinos.com/united-states/burien,0
https://www.thecasinos.com/canada/williams-lake,0
https://www.thecasinos.com/united-states/dowagiac,0
https://www.thecasinos.com/slovakia/sered,0
https://www.thecasinos.com/united-kingdom/bournemouth,0
https://www.thecasinos.com/zambia/lusaka,0
https://www.thecasinos.com/latvia/dobele,0
https://www.thecasinos.com/united-states/burns,0
https://www.thecasinos.com/mauritius/triolet,0
https://www.thecasinos.com/sint-maarten/philipsburg,0
https://www.thecasinos.com/czech-republic/protivin,0
https://www.thecasinos.com/united-states/cripple-creek,0
https://www.thecasinos.com/united-states/plymouth,0
https://www.thecasinos.com/argentina/malargue,0
https://www.thecasinos.com/canada/milton,0
https://www.thecasinos.com/mexico/durango,0
https://www.thecasinos.com/estonia/voru,0
https://www.thecasinos.com/cyprus/keryneia,0
https://www.thecasinos.com/czech-republic/strazny,0
https://www.thecasinos.com/australia/tynong,0
https://www.thecasinos.com/germany/bad-harzburg,0
https://www.thecasinos.com/czech-republic/krupka,0
https://www.thecasinos.com/united-states/grand-prairie,0
https://www.thecasinos.com/germany/feuchtwangen,0
https://www.thecasinos.com/canada/newmarket,0
https://www.thecasinos.com/czech-republic/ostrava,0
https://www.thecasinos.com/canada/orillia,0
https://www.thecasinos.com/australia/moe,0
https://www.thecasinos.com/united-states/whitefish,0
https://www.thecasinos.com/united-states/atlantic-city,0
https://www.thecasinos.com/belgium/mol,0
https://www.thecasinos.com/united-kingdom/smethwick,0
https://www.thecasinos.com/mexico/ciudad-del-carmen,0
https://www.thecasinos.com/italy/imperia,0
https://www.thecasinos.com/australia/caloundra,0
https://www.thecasinos.com/united-states/nashua,0
https://www.thecasinos.com/australia/ballarat,0
https://www.thecasinos.com/france/dunkerque,0
https://www.thecasinos.com/france/saint-raphael,0
https://www.thecasinos.com/czech-republic/tynec-nad-labem,0
https://www.thecasinos.com/austria/gmunden,0
https://www.thecasinos.com/united-states/st-louis,0
https://www.thecasinos.com/united-states/charles-town,0
https://www.thecasinos.com/slovakia/levice,0
https://www.thecasinos.com/albania/fushe-kruje,0
https://www.thecasinos.com/united-states/ralston,0
https://www.thecasinos.com/germany/bad-fussing,0
https://www.thecasinos.com/czech-republic/letohrad,0
https://www.thecasinos.com/united-states/denham-springs,0
https://www.thecasinos.com/united-states/lula,0
https://www.thecasinos.com/morocco/el-jadida,0
https://www.thecasinos.com/germany/bad-oeynhausen,0
https://www.thecasinos.com/slovenia/grosuplje,0
https://www.thecasinos.com/united-states/terral,0
https://www.thecasinos.com/zimbabwe/kadoma,0
https://www.thecasinos.com/united-kingdom/slough,0
https://www.thecasinos.com/germany/bensheim,0
https://www.thecasinos.com/australia/prospect-vale,0
https://www.thecasinos.com/austria/villach,0
https://www.thecasinos.com/cape-verde/santa-maria,0
https://www.thecasinos.com/france/houlgate,0
https://www.thecasinos.com/portugal/espinho,0
https://www.thecasinos.com/united-states/scottsdale,0
https://www.thecasinos.com/czech-republic/nymburk,0
https://www.thecasinos.com/nepal/bhairahawa,0
https://www.thecasinos.com/belgium/mons,0
https://www.thecasinos.com/united-states/church-rock,0
https://www.thecasinos.com/united-states/west-siloam-springs,0
https://www.thecasinos.com/united-states/chandler,0
https://www.thecasinos.com/united-states/eureka,0
https://www.thecasinos.com/united-states/berlin,0
https://www.thecasinos.com/myanmar/myawaddy,0
https://www.thecasinos.com/south-africa/matatiele,0
https://www.thecasinos.com/united-states/grove,0
https://www.thecasinos.com/cyprus/famagusta,0
https://www.thecasinos.com/netherlands/maastricht,0
https://www.thecasinos.com/uruguay/rocha,0
https://www.thecasinos.com/united-states/virginia-city,0
https://www.thecasinos.com/canada/cranbrook,0
https://www.thecasinos.com/belarus/mogilev,0
https://www.thecasinos.com/france/greoux-les-bains,0
https://www.thecasinos.com/czech-republic/loket,0
https://www.thecasinos.com/colombia/sincelejo,0
https://www.thecasinos.com/canada/penetanguishene,0
https://www.thecasinos.com/united-states/campo,0
https://www.thecasinos.com/south-africa/secunda,0
https://www.thecasinos.com/france/saint-laurent-en-grandvaux,0
https://www.thecasinos.com/united-states/ulm,0
https://www.thecasinos.com/albania/elbasan,0
https://www.thecasinos.com/united-states/jersey-city,0
https://www.thecasinos.com/belgium/rumes,0
https://www.thecasinos.com/canada/pickering,0
https://www.thecasinos.com/united-kingdom/salford,0
https://www.thecasinos.com/romania/campulung-moldovenesc,0
https://www.thecasinos.com/philippines/paranaque,0
https://www.thecasinos.com/united-states/catoosa,0
https://www.thecasinos.com/mexico/mexicali,0
https://www.thecasinos.com/costa-rica/alajuela,0
https://www.thecasinos.com/united-states/glendale,0
https://www.thecasinos.com/turkey/bursa,0
https://www.thecasinos.com/south-korea/incheon,0
https://www.thecasinos.com/algeria/hussein-dey,0
https://www.thecasinos.com/poland/gdynia,0
https://www.thecasinos.com/japan/nagasaki,0
https://www.thecasinos.com/slovenia/brda,0
https://www.thecasinos.com/croatia/sibenik,0
https://www.thecasinos.com/canada/spruce-grove,0
https://www.thecasinos.com/united-states/highland,0
https://www.thecasinos.com/belgium/wavre,0
https://www.thecasinos.com/bosnia-and-herzegovina/modrica,0
https://www.thecasinos.com/netherlands/uden,0
https://www.thecasinos.com/austria/seefeld,0
https://www.thecasinos.com/croatia/sveta-nedelja,0
https://www.thecasinos.com/botswana/lobatse,0
https://www.thecasinos.com/japan/sapporo,0
https://www.thecasinos.com/france/frejus,0
https://www.thecasinos.com/slovakia/zilina,0
https://www.thecasinos.com/germany/bad-durkheim,0
https://www.thecasinos.com/united-states/aurora,0
https://www.thecasinos.com/argentina/la-plata,0
https://www.thecasinos.com/slovakia/prievidza,0
https://www.thecasinos.com/united-states/oceanport,0
https://www.thecasinos.com/mexico/jardin-azpeitia,0
https://www.thecasinos.com/slovakia/banska-bystrica,0
https://www.thecasinos.com/czech-republic/litomerice,0
https://www.thecasinos.com/brazil/sao-paulo,0
https://www.thecasinos.com/france/fecamp,0
https://www.thecasinos.com/belgium/milddelkerke,0
https://www.thecasinos.com/belgium/ronse,0
https://www.thecasinos.com/albania/lezha,0
https://www.thecasinos.com/albania/durres,0
https://www.thecasinos.com/france/vichy,0
https://www.thecasinos.com/belgium/la-louviere,0
https://www.thecasinos.com/estonia/tallinn,0
https://www.thecasinos.com/united-kingdom/dagenham,0
https://www.thecasinos.com/zimbabwe/chimanimani,0
https://www.thecasinos.com/united-kingdom/esher,0
https://www.thecasinos.com/united-kingdom/kingston-upon-hull,0
https://www.thecasinos.com/mauritius/mahebourg,0
https://www.thecasinos.com/united-kingdom/falkirk,0
https://www.thecasinos.com/united-states/fort-mcdowell,0
https://www.thecasinos.com/united-states/onamia,0
https://www.thecasinos.com/netherlands/zwolle,0
https://www.thecasinos.com/australia/woorim,0
https://www.thecasinos.com/south-africa/mossel-bay,0
https://www.thecasinos.com/united-states/sault-ste-marie,0
https://www.thecasinos.com/south-africa/thohoyandou,0
https://www.thecasinos.com/united-states/toppenish,0
https://www.thecasinos.com/italy/porto-santelpidio,0
https://www.thecasinos.com/united-states/manistique,0
https://www.thecasinos.com/united-states/katy,0
https://www.thecasinos.com/united-states/philadelphia,0
https://www.thecasinos.com/slovakia/piestany,0
https://www.thecasinos.com/united-states/fort-washington,0
https://www.thecasinos.com/united-states/dumfries,0
https://www.thecasinos.com/spain/miranda-de-ebro,0
https://www.thecasinos.com/france/agon---coutainville,0
https://www.thecasinos.com/south-africa/empangeni,0
https://www.thecasinos.com/canada/halifax,0
https://www.thecasinos.com/trinidad-and-tobago/port-of-spain,0
https://www.thecasinos.com/united-states/cincinnati,0
https://www.thecasinos.com/botswana/jwaneng,0
https://www.thecasinos.com/mexico/tlalpan,0
https://www.thecasinos.com/united-states/medford,0
https://www.thecasinos.com/romania/codlea,0
https://www.thecasinos.com/france/brides-les-bains,0
https://www.thecasinos.com/switzerland/st-moritz,0
https://www.thecasinos.com/united-kingdom/hornchurch,0
https://www.thecasinos.com/netherlands/den-haag,0
https://www.thecasinos.com/estonia/paide,0
https://www.thecasinos.com/italy/brescia,0
https://www.thecasinos.com/malta/qormi,0
https://www.thecasinos.com/netherlands-antilles/maho-bay,0
https://www.thecasinos.com/namibia/ondangwa,0
https://www.thecasinos.com/united-states/salem,0
https://www.thecasinos.com/france/alet-les-bains,0
https://www.thecasinos.com/croatia/krapina,0
https://www.thecasinos.com/united-kingdom/edinburgh,0
https://www.thecasinos.com/united-states/okemah,0
https://www.thecasinos.com/bulgaria/plovdiv,0
https://www.thecasinos.com/united-states/verdi,0
https://www.thecasinos.com/united-states/rock-springs,0
https://www.thecasinos.com/france/bourbon-larchambault,0
https://www.thecasinos.com/congo/kinshasa,0
https://www.thecasinos.com/united-states/big-arm,0
https://www.thecasinos.com/france/salies-du-salat,0
https://www.thecasinos.com/united-states/primm,0
https://www.thecasinos.com/australia/lauderdale,0
https://www.thecasinos.com/estonia/tartu,0
https://www.thecasinos.com/canada/belleville,0
https://www.thecasinos.com/argentina/rawson,0
https://www.thecasinos.com/belgium/chapelle-lez-herlaimont,0
https://www.thecasinos.com/czech-republic/liberec,0
https://www.thecasinos.com/czech-republic/dolni-dvoriste,0
https://www.thecasinos.com/romania/iasi,0
https://www.thecasinos.com/united-states/houston,0
https://www.thecasinos.com/canada/st-albert,0
https://www.thecasinos.com/united-states/bayou-vista,0
https://www.thecasinos.com/austria/kitzbuhel,0
https://www.thecasinos.com/australia/salisbury,0
https://www.thecasinos.com/zimbabwe/kariba,0
https://www.thecasinos.com/botswana/gaborone,0
https://www.thecasinos.com/united-states/quapaw,0
https://www.thecasinos.com/south-africa/port-edward,0
https://www.thecasinos.com/united-states/crystal-bay,0
https://www.thecasinos.com/puerto-rico/humacao,0
https://www.thecasinos.com/puerto-rico/caguas,0
https://www.thecasinos.com/uruguay/san-jose,0
https://www.thecasinos.com/united-kingdom/bishop-auckland,0
https://www.thecasinos.com/spain/el-ejido,0
https://www.thecasinos.com/united-kingdom/workington,0
https://www.thecasinos.com/poland/gdansk,0
https://www.thecasinos.com/australia/yorkeys-knob,0
https://www.thecasinos.com/austria/furstenfeld,0
https://www.thecasinos.com/portugal/figueira-da-foz,0
https://www.thecasinos.com/slovenia/ajdovscina,0
https://www.thecasinos.com/united-states/mesquite,0
https://www.thecasinos.com/germany/mainz,0
https://www.thecasinos.com/belgium/sambreville,0
https://www.thecasinos.com/united-states/lynden,0
https://www.thecasinos.com/czech-republic/tuchomerice,0
https://www.thecasinos.com/united-states/powhattan,0
https://www.thecasinos.com/united-states/duluth,0
https://www.thecasinos.com/belgium/pecq,0
https://www.thecasinos.com/france/divonne-les-bains,0
https://www.thecasinos.com/united-states/reed-point,0
https://www.thecasinos.com/hong-kong/kowloon,0
https://www.thecasinos.com/spain/pamplona,0
https://www.thecasinos.com/united-kingdom/wolverhampton,0
https://www.thecasinos.com/peru/cusco,0
https://www.thecasinos.com/czech-republic/vestec,0
https://www.thecasinos.com/spain/puerto-de-santa-maria,0
https://www.thecasinos.com/slovakia/liptovsky-mikulas,0
https://www.thecasinos.com/russia/naberezhnye-chelny,0
https://www.thecasinos.com/curacao/jan-thiel,0
https://www.thecasinos.com/united-states/warroad,0
https://www.thecasinos.com/france/saint-valery-en-caux,0
https://www.thecasinos.com/canada/summerside,0
https://www.thecasinos.com/ireland/buncrana,0
https://www.thecasinos.com/jamaica/negril,0
https://www.thecasinos.com/argentina/misiones,0
https://www.thecasinos.com/australia/bellbowrie,0
https://www.thecasinos.com/mexico/ciudad-madero,0
https://www.thecasinos.com/bolivia/santa-cruz-de-la-sierra,0
https://www.thecasinos.com/australia/elizabeth-south,0
https://www.thecasinos.com/namibia/swakopmund,0
https://www.thecasinos.com/france/forges-les-eaux,0
https://www.thecasinos.com/france/barbazan,0
https://www.thecasinos.com/argentina/villa-mercedes,0
https://www.thecasinos.com/united-kingdom/lowestoft,0
https://www.thecasinos.com/czech-republic/chrudim,0
https://www.thecasinos.com/united-states/amelia,0
https://www.thecasinos.com/united-states/st-ignace,0
https://www.thecasinos.com/czech-republic/doksy,0
https://www.thecasinos.com/slovakia/bratislava,0
https://www.thecasinos.com/united-states/santa-rosa,0
https://www.thecasinos.com/czech-republic/breclav,0
https://www.thecasinos.com/albania/kukes,0
https://www.thecasinos.com/philippines/pampanga,0
https://www.thecasinos.com/belgium/tournai,0
https://www.thecasinos.com/canada/sarnia,0
https://www.thecasinos.com/morocco/marrakech,0
https://www.thecasinos.com/philippines/pasay,0
https://www.thecasinos.com/united-states/theodore,0
https://www.thecasinos.com/belgium/messancy,0
https://www.thecasinos.com/united-states/northville,0
https://www.thecasinos.com/germany/schenefeld,0
https://www.thecasinos.com/guadeloupe/saint-francois,0
https://www.thecasinos.com/portugal/quarteira,0
https://www.thecasinos.com/philippines/clark,0
https://www.thecasinos.com/canada/quesnel,0
https://www.thecasinos.com/spain/barcelona,0
https://www.thecasinos.com/finland/kupio,0
https://www.thecasinos.com/united-kingdom/sheffield,0
https://www.thecasinos.com/northern-mariana-islands/susupe,0
https://www.thecasinos.com/french-polynesia/papeete,0
https://www.thecasinos.com/czech-republic/primda,0
https://www.thecasinos.com/bulgaria/sofia,0
https://www.thecasinos.com/united-states/sparks,0
https://www.thecasinos.com/united-states/green-bay,0
https://www.thecasinos.com/united-kingdom/southport,0
https://www.thecasinos.com/united-states/south-coffeyville,0
https://www.thecasinos.com/united-states/san-carlos,0
https://www.thecasinos.com/australia/south-launceston,0
https://www.thecasinos.com/canada/st-johns,0
https://www.thecasinos.com/argentina/caleta-olivia,0
https://www.thecasinos.com/south-africa/johannesburg,0
https://www.thecasinos.com/vietnam/vung-tau,0
https://www.thecasinos.com/costa-rica/playa-de-tamarindo,0
https://www.thecasinos.com/reunion/saint-pierre,0
https://www.thecasinos.com/netherlands/roermond,0
https://www.thecasinos.com/czech-republic/hrabuvka,0
https://www.thecasinos.com/france/jonzac,0
https://www.thecasinos.com/spain/boecillo-valladolid,0
https://www.thecasinos.com/united-states/des-plaines,0
https://www.thecasinos.com/united-states/elmont,0
https://www.thecasinos.com/uruguay/punta-del-este,0
https://www.thecasinos.com/estonia/rakvere,0
https://www.thecasinos.com/united-states/suquamish,0
https://www.thecasinos.com/slovakia/dubnica-nad-vahom,0
https://www.thecasinos.com/france/luc-sur-mer,0
https://www.thecasinos.com/united-states/greensboro,0
https://www.thecasinos.com/philippines/binangonan,0
https://www.thecasinos.com/bosnia-and-herzegovina/sarajevo,0
https://www.thecasinos.com/united-states/mount-pocono,0
https://www.thecasinos.com/united-states/davis,0
https://www.thecasinos.com/united-states/clovis,0
https://www.thecasinos.com/liechtenstein/ruggell,0
https://www.thecasinos.com/canada/fort-st-johns,0
https://www.thecasinos.com/czech-republic/moravske-budejovice,0
https://www.thecasinos.com/peru/chiclayo,0
https://www.thecasinos.com/philippines/mactan,0
https://www.thecasinos.com/spain/malaga,0
https://www.thecasinos.com/united-states/richmond,0
https://www.thecasinos.com/united-states/melbourne,0
https://www.thecasinos.com/united-states/casper,0
https://www.thecasinos.com/romania/alba-iulia,0
https://www.thecasinos.com/belgium/mechelen,0
https://www.thecasinos.com/united-kingdom/chelmsford,0
https://www.thecasinos.com/czech-republic/kraluv-dvur,0
https://www.thecasinos.com/belgium/baelen,0
https://www.thecasinos.com/puerto-rico/carolina,0
https://www.thecasinos.com/united-states/little-river,0
https://www.thecasinos.com/united-states/rancho-mirage,0
https://www.thecasinos.com/united-states/du-quoin,0
https://www.thecasinos.com/united-states/harrah,0
https://www.thecasinos.com/united-states/shawnee,0
https://www.thecasinos.com/france/saint-amand-les-eaux,0
https://www.thecasinos.com/united-states/grass-valley,0
https://www.thecasinos.com/united-states/jamestown,0
https://www.thecasinos.com/seychelles/grand-anse-praslin,0
https://www.thecasinos.com/new-zealand/christchurch,0
https://www.thecasinos.com/france/pleneuf-val-andre,0
https://www.thecasinos.com/united-states/ontario,0
https://www.thecasinos.com/australia/condon,0
https://www.thecasinos.com/czech-republic/ostrov,0
https://www.thecasinos.com/united-states/turtle-lake,0
https://www.thecasinos.com/australia/lindisfarne,0
https://www.thecasinos.com/vietnam/ha-long,0
https://www.thecasinos.com/latvia/cesis,0
https://www.thecasinos.com/united-states/hardin,0
https://www.thecasinos.com/united-states/dania-beach,0
https://www.thecasinos.com/united-kingdom/paisley,0
https://www.thecasinos.com/spain/palencia,0
https://www.thecasinos.com/myanmar/thahtay-kyun,0
https://www.thecasinos.com/romania/ghimbav,0
https://www.thecasinos.com/united-states/dubuque,0
https://www.thecasinos.com/cyprus/catalkoy,0
https://www.thecasinos.com/united-states/ponca-city,0
https://www.thecasinos.com/netherlands/hoogeveen,0
https://www.thecasinos.com/czech-republic/klasterec-nad-ohri,0
https://www.thecasinos.com/united-kingdom/fenton,0
https://www.thecasinos.com/liechtenstein/schaan,0
https://www.thecasinos.com/canada/grande-prairie,0
https://www.thecasinos.com/czech-republic/veseli-nad-moravou,0
https://www.thecasinos.com/united-states/sylvan-beach,0
https://www.thecasinos.com/czech-republic/usti-nad-labem,0
https://www.thecasinos.com/united-states/farmington,0
https://www.thecasinos.com/united-states/lewiston,0
https://www.thecasinos.com/costa-rica/playa-herradura,0
https://www.thecasinos.com/panama/aguadulce,0
https://www.thecasinos.com/colombia/barranquilla,0
https://www.thecasinos.com/canada/sydney,0
https://www.thecasinos.com/france/villard-de-lans,0
https://www.thecasinos.com/hong-kong/kai-tak-city,0
https://www.thecasinos.com/france/pougues-les-eaux,0
https://www.thecasinos.com/united-kingdom/west-bromwich,0
https://www.thecasinos.com/russia/vladivostok,0
https://www.thecasinos.com/czech-republic/libochovice,0
https://www.thecasinos.com/united-states/auburn,0
https://www.thecasinos.com/czech-republic/chrastava,0
https://www.thecasinos.com/philippines/las-pinas-city,0
https://www.thecasinos.com/zambia/livingstone,0
https://www.thecasinos.com/slovakia/kezmarok,0
https://www.thecasinos.com/united-states/lacey,0
https://www.thecasinos.com/united-states/redwood-valley,0
https://www.thecasinos.com/australia/st-helens,0
https://www.thecasinos.com/slovenia/catez-ob-savi,0
https://www.thecasinos.com/united-states/cross-lanes,0
https://www.thecasinos.com/france/castera-verduzan,0
https://www.thecasinos.com/united-states/prineville,0
https://www.thecasinos.com/croatia/novalja,0
https://www.thecasinos.com/seychelles/baie-lazare,0
https://www.thecasinos.com/united-kingdom/doncaster,0
https://www.thecasinos.com/united-states/cape-liberty,0
https://www.thecasinos.com/united-states/martin,0
https://www.thecasinos.com/germany/braunschweig,0
https://www.thecasinos.com/united-states/lolo,0
https://www.thecasinos.com/czech-republic/roznov-pod-radhostem,0
https://www.thecasinos.com/united-states/funner,0
https://www.thecasinos.com/netherlands/emmen,0
https://www.thecasinos.com/united-states/morrill,0
https://www.thecasinos.com/south-korea/seogwipo-si,0
https://www.thecasinos.com/united-states/east-boston,0
https://www.thecasinos.com/united-states/glasgow,0
https://www.thecasinos.com/saint-martin/cupecoy-beach,0
https://www.thecasinos.com/united-states/torrington,0
https://www.thecasinos.com/italy/san-giovanni-teatino,0
https://www.thecasinos.com/united-states/timonium,0
https://www.thecasinos.com/austria/knittelfeld,0
https://www.thecasinos.com/romania/giurgiu,0
https://www.thecasinos.com/germany/hannover,0
https://www.thecasinos.com/united-states/citrus-heights,0
https://www.thecasinos.com/croatia/koprivnica,0
https://www.thecasinos.com/united-states/everett,0
https://www.thecasinos.com/united-states/chewelah,0
https://www.thecasinos.com/germany/bad-ems,0
https://www.thecasinos.com/netherlands/veghel,0
https://www.thecasinos.com/united-kingdom/preston,0
https://www.thecasinos.com/australia/exeter,0
https://www.thecasinos.com/united-states/dover,0
https://www.thecasinos.com/ireland/dundalk,0
https://www.thecasinos.com/philippines/cavite-city,0
https://www.thecasinos.com/united-states/gerlach,0
https://www.thecasinos.com/united-states/elko,0
https://www.thecasinos.com/united-states/casa-blanca,0
https://www.thecasinos.com/turks-and-caicos/providenciales,0
https://www.thecasinos.com/united-states/manchester,0
https://www.thecasinos.com/united-states/east-stroudsburg,0
https://www.thecasinos.com/united-states/st-michael,0
https://www.thecasinos.com/canada/elora,0
https://www.thecasinos.com/trinidad-and-tobago/arima,0
https://www.thecasinos.com/france/aix-les-bains,0
https://www.thecasinos.com/australia/rasmussen,0
https://www.thecasinos.com/france/saint-malo,0
https://www.thecasinos.com/romania/oltenita,0
https://www.thecasinos.com/netherlands/cuijk,0
https://www.thecasinos.com/switzerland/meyrin,0
https://www.thecasinos.com/czech-republic/marianske-lazne,0
https://www.thecasinos.com/croatia/primosten,0
https://www.thecasinos.com/slovenia/maribor,0
https://www.thecasinos.com/chile/temuco,0
https://www.thecasinos.com/united-states/bettendorf,0
https://www.thecasinos.com/united-states/wilkes-barre,0
https://www.thecasinos.com/croatia/biograd,0
https://www.thecasinos.com/united-states/union-springs,0
https://www.thecasinos.com/austria/feldkirchen-in-karnten,0
https://www.thecasinos.com/australia/beauty-point,0
https://www.thecasinos.com/spain/talavera-de-la-reina,0
https://www.thecasinos.com/czech-republic/sokolov,0
https://www.thecasinos.com/paraguay/santa-rita,0
https://www.thecasinos.com/australia/canberra,0
https://www.thecasinos.com/united-states/riverside,0
https://www.thecasinos.com/france/granville,0
https://www.thecasinos.com/czech-republic/lysa-nad-labem,0
https://www.thecasinos.com/united-states/middletown,0
https://www.thecasinos.com/united-states/allentown,0
https://www.thecasinos.com/kazakhstan/borovoe,0
https://www.thecasinos.com/united-states/watertown,0
https://www.thecasinos.com/united-states/caruthersville,0
https://www.thecasinos.com/united-states/walthill,0
https://www.thecasinos.com/belgium/haaltert,0
https://www.thecasinos.com/australia/bridport,0
https://www.thecasinos.com/lithuania/kybartai,0
https://www.thecasinos.com/united-states/wolf-point,0
https://www.thecasinos.com/united-kingdom/fareham,0
https://www.thecasinos.com/france/bagneres-de-bigorre,0
https://www.thecasinos.com/czech-republic/policka,0
https://www.thecasinos.com/united-states/saint-petersburg,0
https://www.thecasinos.com/czech-republic/neratovice,0
https://www.thecasinos.com/france/grasse,0
https://www.thecasinos.com/australia/launceston,0
https://www.thecasinos.com/colombia/buga,0
https://www.thecasinos.com/united-states/kings-mountain,0
https://www.thecasinos.com/estonia/kohtla-jarve,0
https://www.thecasinos.com/australia/lawnton,0
https://www.thecasinos.com/united-states/upper-lake,0
https://www.thecasinos.com/australia/townsville,0
https://www.thecasinos.com/united-states/lincoln-city,0
https://www.thecasinos.com/slovakia/poprad,0
https://www.thecasinos.com/switzerland/neuchatel,0
https://www.thecasinos.com/united-states/cuba,0
https://www.thecasinos.com/netherlands/middelburg,0
https://www.thecasinos.com/argentina/balneario-el-condor,0
https://www.thecasinos.com/united-kingdom/clydebank,0
https://www.thecasinos.com/united-states/madison,0
https://www.thecasinos.com/united-states/keshena,0
https://www.thecasinos.com/swaziland/mbabane,0
https://www.thecasinos.com/united-states/baton-rouge,0
https://www.thecasinos.com/united-arab-emirates/ras-al-khaimah,0
https://www.thecasinos.com/australia/alice-springs,0
https://www.thecasinos.com/philippines/bacolor,0
https://www.thecasinos.com/belgium/comines-warneton,0
https://www.thecasinos.com/czech-republic/stod,0
https://www.thecasinos.com/lithuania/panevezys,0
https://www.thecasinos.com/australia/davoren-park,0
https://www.thecasinos.com/united-states/northfield,0
https://www.thecasinos.com/united-states/busby,0
https://www.thecasinos.com/united-states/oklahoma-city,0
https://www.thecasinos.com/canada/north-battleford,0
https://www.thecasinos.com/switzerland/zurich,0
https://www.thecasinos.com/belize/corozal,0
https://www.thecasinos.com/antigua-and-barbuda/mamora-bay,0
https://www.thecasinos.com/albania/gjirokaster,0
https://www.thecasinos.com/united-states/denton,0
https://www.thecasinos.com/united-states/los-angeles,0
https://www.thecasinos.com/france/valras-plage,0
https://www.thecasinos.com/united-states/holdenville,0
https://www.thecasinos.com/united-states/grand-forks,0
https://www.thecasinos.com/united-kingdom/gloucester,0
https://www.thecasinos.com/russia/kaliningrad,0
https://www.thecasinos.com/ireland/limerick,0
https://www.thecasinos.com/australia/glenorchy,0
https://www.thecasinos.com/montenegro/sveti-stefan,0
https://www.thecasinos.com/canada/fraserville,0
https://www.thecasinos.com/united-states/port-townsend,0
https://www.thecasinos.com/croatia/donji-miholjac,0
https://www.thecasinos.com/puerto-rico/rio-grande,0
https://www.thecasinos.com/ireland/waterford,0
https://www.thecasinos.com/portugal/funchal,0
https://www.thecasinos.com/united-states/hankinson,0
https://www.thecasinos.com/mexico/chapala,0
https://www.thecasinos.com/france/neris-les-bains,0
https://www.thecasinos.com/argentina/villa-angela,0
https://www.thecasinos.com/united-states/bristow,0
https://www.thecasinos.com/south-africa/mogale-city,0
https://www.thecasinos.com/uruguay/canelones,0
https://www.thecasinos.com/united-states/plainville,0
https://www.thecasinos.com/bosnia-and-herzegovina/gracanica,0
https://www.thecasinos.com/puerto-rico/canovanas,0
https://www.thecasinos.com/france/pornic,0
https://www.thecasinos.com/belgium/lievegem,0
https://www.thecasinos.com/luxembourg/mondorf-les-bains,0
https://www.thecasinos.com/canada/moose-jaw,0
https://www.thecasinos.com/united-kingdom/reading,0
https://www.thecasinos.com/belgium/chaudfontaine,0
https://www.thecasinos.com/united-states/spokane-valley,0
https://www.thecasinos.com/united-states/vivian,0
https://www.thecasinos.com/united-states/moore,0
https://www.thecasinos.com/south-africa/queenstown,0
https://www.thecasinos.com/united-states/grantville,0
https://www.thecasinos.com/united-states/wise-river,0
https://www.thecasinos.com/philippines/pasig-city,0
https://www.thecasinos.com/united-states/christmas,0
https://www.thecasinos.com/australia/north-hobart,0
https://www.thecasinos.com/united-states/tunica,0
https://www.thecasinos.com/france/saint-gervais-les-bains,0
https://www.thecasinos.com/united-states/kenosha,0
https://www.thecasinos.com/united-states/colonial-beach,0
https://www.thecasinos.com/argentina/buenos-aires,0
https://www.thecasinos.com/australia/burnie,0
https://www.thecasinos.com/croatia/zlatar-bistrica,0
https://www.thecasinos.com/croatia/vinkovci,0
https://www.thecasinos.com/australia/east-devonport,0
https://www.thecasinos.com/united-states/seneca-falls,0
https://www.thecasinos.com/france/montrond-les-bains,0
https://www.thecasinos.com/united-states/compton,0
https://www.thecasinos.com/united-states/hessel,0
https://www.thecasinos.com/argentina/concordia,0
https://www.thecasinos.com/austria/ischgl,0
https://www.thecasinos.com/south-africa/polokwane,0
https://www.thecasinos.com/spain/pontevedra,0
https://www.thecasinos.com/france/plouescat,0
https://www.thecasinos.com/australia/claremont,0
https://www.thecasinos.com/chile/hualpen,0
https://www.thecasinos.com/canada/st-catharines,0
https://www.thecasinos.com/romania/constanta,0
https://www.thecasinos.com/mexico/boca-del-rio,0
https://www.thecasinos.com/saint-kitts-and-nevis/frigate-bay,0
https://www.thecasinos.com/united-arab-emirates/abu-dhabi,0
https://www.thecasinos.com/united-states/birmingham,0
https://www.thecasinos.com/united-states/dudleyville,0
https://www.thecasinos.com/australia/earlville,0
https://www.thecasinos.com/hong-kong/happy-valley,0
https://www.thecasinos.com/netherlands/assen,0
https://www.thecasinos.com/czech-republic/varnsdorf,0
https://www.thecasinos.com/mexico/aguascalientes,0
https://www.thecasinos.com/france/giffaumont-champaubert,0
https://www.thecasinos.com/south-africa/brakpan,0
https://www.thecasinos.com/gabon/port-gentil,0
https://www.thecasinos.com/united-states/auberry,0
https://www.thecasinos.com/saint-lucia/gros-islet,0
https://www.thecasinos.com/mexico/coatzacoalcos,0
https://www.thecasinos.com/united-states/pahrump,0
https://www.thecasinos.com/united-states/sun-valley,0
https://www.thecasinos.com/united-states/sallisaw,0
https://www.thecasinos.com/mexico/tijuana,0
https://www.thecasinos.com/australia/noosaville,0
https://www.thecasinos.com/mexico/chilpancingo,0
https://www.thecasinos.com/australia/kedron,0
https://www.thecasinos.com/united-states/oceanside,0
https://www.thecasinos.com/france/fouras,0
https://www.thecasinos.com/lithuania/joniskis,0
https://www.thecasinos.com/united-states/rock-island,0
https://www.thecasinos.com/united-states/stockett,0
https://www.thecasinos.com/united-states/kamiah,0
https://www.thecasinos.com/netherlands/enschede,0
https://www.thecasinos.com/united-states/toledo,0
https://www.thecasinos.com/philippines/quezon-city,0
https://www.thecasinos.com/belgium/sint-truiden,0
https://www.thecasinos.com/mexico/los-algodones,0
https://www.thecasinos.com/canada/okotoks,0
https://www.thecasinos.com/netherlands/heerhugowaard,0
https://www.thecasinos.com/slovakia/pezinok,0
https://www.thecasinos.com/united-states/dodge-city,0
https://www.thecasinos.com/uruguay/colonia-del-sacramento,0
https://www.thecasinos.com/united-kingdom/southend-on-sea,0
https://www.thecasinos.com/czech-republic/roudnice-nad-labem,0
https://www.thecasinos.com/south-africa/sun-city,0
https://www.thecasinos.com/czech-republic/jesenik,0
https://www.thecasinos.com/united-states/prescott,0
https://www.thecasinos.com/united-states/smith-river,0
https://www.thecasinos.com/canada/oakville,0
https://www.thecasinos.com/united-states/louisville,0
https://www.thecasinos.com/netherlands/nijmegen,0
https://www.thecasinos.com/argentina/puerto-deseado,0
https://www.thecasinos.com/australia/wynnum-west,0
https://www.thecasinos.com/united-states/belcourt,0
https://www.thecasinos.com/australia/wangaratta,0
https://www.thecasinos.com/ghana/kumasi,0
https://www.thecasinos.com/south-africa/port-elizabeth,0
https://www.thecasinos.com/switzerland/bad-ragaz,0
https://www.thecasinos.com/colombia/palmira,0
https://www.thecasinos.com/slovakia/kysucke-nove-mesto,0
https://www.thecasinos.com/united-states/red-lake,0
https://www.thecasinos.com/united-states/bowler,0
https://www.thecasinos.com/united-states/hayward,0
https://www.thecasinos.com/united-states/lovelock,0
https://www.thecasinos.com/united-kingdom/hull,0
https://www.thecasinos.com/australia/ulverstone,0
https://www.thecasinos.com/united-states/saint-joseph,0
https://www.thecasinos.com/france/saint-pair-sur-mer,0
https://www.thecasinos.com/united-states/hobart,0
https://www.thecasinos.com/czech-republic/uherske-hradiste,0
https://www.thecasinos.com/czech-republic/luhacovice,0
https://www.thecasinos.com/united-states/valley-center,0
https://www.thecasinos.com/guyana/georgetown,0
https://www.thecasinos.com/bosnia-and-herzegovina/mostar,0
https://www.thecasinos.com/czech-republic/holesov,0
https://www.thecasinos.com/united-states/mohave-valley,0
https://www.thecasinos.com/australia/geelong,0
https://www.thecasinos.com/united-states/santa-ynez,0
https://www.thecasinos.com/germany/kiel,0
https://www.thecasinos.com/netherlands/velsen-noord,0
https://www.thecasinos.com/argentina/godoy-cruz,0
https://www.thecasinos.com/united-states/peshawbestown,0
https://www.thecasinos.com/aland-islands/mariehamn,0
https://www.thecasinos.com/netherlands/kerkrade,0
https://www.thecasinos.com/argentina/san-miguel-de-tucuman,0
https://www.thecasinos.com/france/vals-les-bains,0
https://www.thecasinos.com/jamaica/montego-bay,0
https://www.thecasinos.com/united-states/bristol,0
https://www.thecasinos.com/belgium/liege,0
https://www.thecasinos.com/mexico/monterrey,0
https://www.thecasinos.com/finland/jyvaskyla,0
https://www.thecasinos.com/czech-republic/hostomice,0
https://www.thecasinos.com/france/fort-mahon-plage,0
https://www.thecasinos.com/bosnia-and-herzegovina/kalesija,0
https://www.thecasinos.com/canada/chillwack,0
https://www.thecasinos.com/czech-republic/ruzyne,0
https://www.thecasinos.com/monaco/monte-carlo,0
https://www.thecasinos.com/united-states/la-place,0
https://www.thecasinos.com/united-kingdom/mansfield,0
https://www.thecasinos.com/france/saint-julien-en-genevois,0
https://www.thecasinos.com/philippines/malay,0
https://www.thecasinos.com/colombia/cartago,0
https://www.thecasinos.com/cambodia/kandal,0
https://www.thecasinos.com/country-of-georgia/batumi,0
https://www.thecasinos.com/united-states/new-town,0
https://www.thecasinos.com/united-states/isleton,0
https://www.thecasinos.com/united-states/parker,0
https://www.thecasinos.com/belgium/lichtervelde,0
https://www.thecasinos.com/france/gujan-mestras,0
https://www.thecasinos.com/united-kingdom/basildon,0
https://www.thecasinos.com/united-kingdom/luton,0
https://www.thecasinos.com/argentina/sierra-de-la-ventana,0
https://www.thecasinos.com/united-kingdom/birkenhead,0
https://www.thecasinos.com/dominican-republic/santo-domingo-este,0
https://www.thecasinos.com/united-states/trout-creek,0
https://www.thecasinos.com/united-kingdom/blackburn,0
https://www.thecasinos.com/costa-rica/puntarenas,0
https://www.thecasinos.com/australia/mount-isa,0
https://www.thecasinos.com/united-states/fort-pierce,0
https://www.thecasinos.com/canada/woodstock-first-nation,0
https://www.thecasinos.com/united-kingdom/bolton,0
https://www.thecasinos.com/united-kingdom/leeds,0
https://www.thecasinos.com/france/trouville-sur-mer,0
https://www.thecasinos.com/united-states/oak-harbor,0
https://www.thecasinos.com/netherlands/beek,0
https://www.thecasinos.com/dominican-republic/punta-cana,0
https://www.thecasinos.com/united-states/fromberg,0
https://www.thecasinos.com/australia/kallangur,0
https://www.thecasinos.com/czech-republic/brandys-nad-labem-stara-boleslav,0
https://www.thecasinos.com/netherlands/rozenberg,0
https://www.thecasinos.com/united-states/carter-lake,0
https://www.thecasinos.com/united-states/muskegon,0
https://www.thecasinos.com/belgium/deerlijk,0
https://www.thecasinos.com/united-states/kansas-city,0
https://www.thecasinos.com/netherlands/vaals,0
https://www.thecasinos.com/czech-republic/melnik,0
https://www.thecasinos.com/united-states/blackfoot,0
https://www.thecasinos.com/united-states/fort-yates,0
https://www.thecasinos.com/argentina/rio-grande,0
https://www.thecasinos.com/united-states/rohnert-park,0
https://www.thecasinos.com/czech-republic/kurim,0
https://www.thecasinos.com/united-states/cortez,0
https://www.thecasinos.com/united-states/new-cumberland,0
https://www.thecasinos.com/gibraltar/ocean-village,0
https://www.thecasinos.com/romania/radauti,0
https://www.thecasinos.com/uruguay/paysandu,0
https://www.thecasinos.com/india/bardez,0
https://www.thecasinos.com/netherlands/heemstede,0
https://www.thecasinos.com/united-states/gretna,0
https://www.thecasinos.com/united-states/hinton,0
https://www.thecasinos.com/spain/aranjuez,0
https://www.thecasinos.com/australia/newstead,0
https://www.thecasinos.com/belgium/saint-georges-sur-meuse,0
https://www.thecasinos.com/netherlands/heemskerk,0
https://www.thecasinos.com/united-states/deer-river,0
https://www.thecasinos.com/united-states/san-felipe,0
https://www.thecasinos.com/chile/los-angeles,0
https://www.thecasinos.com/united-states/concho,0
https://www.thecasinos.com/united-states/gardnerville,0
